airport_code,airport_name,airport_name_zh
AAA,Anaa Airport,阿納機場
AAB,Arrabury Airport,阿拉貝裡機場
AAC,El Arish International Airport,埃爾阿里什國際機場
AAD,Adado Airport,阿達多機場
AAE,Annaba Airport,拉巴赫·比塔特機場
AAF,Apalachicola Regional-Cleve Randolph Field,阿帕拉奇科拉區域克萊夫蘭道夫機場
AAG,Arapoti Airport,阿拉波蒂機場
AAH,Aachen-Merzbruck Airport,亞琛梅茨布魯克機場
AAI,Arraias Airport,阿賴亞斯機場
AAJ,Cayana Airstrip,卡雅納機場
AAK,Buariki Airport,阿拉努卡機場
AAL,Aalborg Airport,奧爾堡機場
AAM,Malamala Airport,馬拉馬拉機場
AAN,Al Ain International Airport,艾因國際機場
AAO,Anaco Airport,阿納科機場
AAP,Aji Pangeran Tumenggung Pranoto International Airport,阿吉王爵天猛公普拉諾託國際機場
AAQ,Anapa Airport,阿納帕機場
AAR,Aarhus Airport,奧胡斯機場
AAT,Altay Air Base,阿勒泰雪都機場
AAU,Asau Airport,阿紹機場
AAV,Allah Valley Airport,阿拉谷機場
AAW,Abbottabad Airport,阿伯塔巴德機場
AAX,Araxa Airport,阿拉薩機場
AAY,Al Ghaidah International Airport,阿爾蓋達國際機場
AAZ,Quezaltenango Airport,克薩爾特納哥機場
ABA,Abakan Airport,阿巴坎機場
ABB,Asaba International Airport,阿薩巴國際機場
ABC,Albacete-Los Llanos Airport,阿爾瓦塞特洛斯亞諾斯機場
ABD,Abadan Airport,阿巴丹機場
ABE,Lehigh Valley International Airport,利哈伊谷國際機場
ABF,Abaiang Airport,阿拜昂環礁機場
ABG,Abingdon Downs Airport,阿賓頓唐斯機場
ABH,Alpha Airport,阿爾法機場
ABI,Abilene Regional Airport,阿比林區域機場
ABJ,Port Bouet Airport,阿比讓費利克斯·烏弗埃-博瓦尼國際機場
ABK,Kabri Dehar Airport,卡布裡德哈爾機場
ABL,Ambler Airport,安布勒機場
ABM,Bamaga Injinoo Airport,巴馬加因吉努機場
ABO,Aboisso Airport,阿博伊索機場
ABQ,Albuquerque International Sunport Airport,阿爾伯克基國際機場
ABR,Aberdeen Regional Airport,阿伯丁區域機場
ABS,Abu Simbel Airport,阿布西姆貝爾機場
ABT,Al Baha Airport,阿爾巴哈機場
ABU,Haliwen Airport,哈利文機場
ABV,Nnamdi Azikiwe International Airport,納姆迪·阿齊基韋國際機場
ABX,Albury Airport,阿爾伯裡機場
ABY,Southwest Georgia Regional Airport,西南喬治亞區域機場
ABZ,Aberdeen Dyce Airport,阿伯丁機場
ACA,General Juan N Alvarez International Airport,胡安N阿爾瓦雷斯將軍國際機場
ACB,Antrim County Airport,安特里姆縣機場
ACC,Kotoka International Airport,科託卡國際機場
ACD,Alcides Fernandez Airport,阿爾西德斯費爾南德斯機場
ACE,Lanzarote Airport,蘭薩羅特機場
ACF,Aral Talim Airport,阿拉爾塔林機場
ACH,St Gallen Altenrhein Airport,聖加侖阿爾滕萊恩機場
ACI,Alderney Airport,阿爾德尼機場
ACJ,Anuradhapura Airport,阿努拉德普勒機場
ACK,Nantucket Memorial Airport,南塔克特紀念機場
ACN,Ciudad Acuna New International Airport,阿庫納新國際機場
ACO,Cobano Airport,科巴諾機場
ACP,Sahand Airport,薩漢德機場
ACR,Araracuara Airport,阿拉拉庫拉機場
ACS,Achinsk Airport,阿欽斯克機場
ACT,Waco Regional Airport,瓦科區域機場
ACV,California Redwood Coast-Humboldt County Airport,加州紅木海岸洪堡縣機場
ACX,Xingyi Airport,興義萬峰林機場
ACY,Atlantic City International Airport,大西洋城國際機場
ACZ,Zabol Airport,扎波爾機場
ADA,Adana Airport,阿達納機場
ADB,Adnan Menderes International Airport,伊茲密爾阿德南·曼德列斯機場
ADC,Andakombe Airport,安達康貝機場
ADD,Bole International Airport,亞的斯亞貝巴博萊國際機場
ADE,Aden International Airport,亞丁國際機場
ADF,Adiyaman Airport,阿迪亞曼機場
ADG,Lenawee County Airport,萊納威縣機場
ADH,Aldan Airport,阿爾丹機場
ADI,Arandis Airport,阿蘭迪斯機場
ADJ,Amman-Marka International Airport,安曼民航機場
ADK,Adak Airport,阿達克機場
ADL,Adelaide International Airport,阿德萊德機場
ADM,Ardmore Municipal Airport,阿德莫爾市立機場
ADO,Andamooka Airport,安達穆卡機場
ADQ,Kodiak Airport,科迪亞克機場
ADR,Robert F Swinnie Airport,羅伯特斯威尼機場
ADS,Addison Airport,艾迪森機場
ADT,Ada Regional Airport,阿達區域機場
ADU,Ardabil Airport,阿爾達比爾機場
ADW,Joint Base Andrews Airport,安德魯斯聯合基地
ADX,RAF Leuchars,皇家空軍勒查斯機場
ADY,Alldays Airport,阿爾代斯機場
ADZ,Gustavo Rojas Pinilla International Airport,古斯塔沃羅哈斯皮尼亞國際機場
AEA,Abemama Atoll Airport,阿貝馬馬機場
AEB,Tian Yang Air Base,百色巴馬機場
AEG,Aek Godang Airport,艾克哥丹機場
AEH,Abeche Airport,阿貝歇機場
AEL,Albert Lea Municipal Airport,阿爾伯特里亞市立機場
AEM,Amgu Airport,安姆古機場
AEO,Aioun el Atrouss Airport,艾永阿特魯斯機場
AEP,Jorge Newbery Airpark,豪爾赫·紐伯裡機場
AER,Sochi International Airport,索契國際機場
AES,Ålesund Airport,奧勒松機場
AET,Allakaket Airport,阿拉卡凱特機場
AEU,Abumusa Island Airport,阿布穆薩機場
AEX,Alexandria International Airport,亞歷山大國際機場
AEY,Akureyri Airport,阿克雷裡機場
AFA,Suboficial Ay Santiago Germano Airport,副官艾聖地亞哥格爾曼機場
AFD,Port Alfred Airport,艾爾弗雷德港機場
AFF,Usaf Academy Davis Airfield,美國空軍學院戴維斯機場
AFI,Amalfi Airport,阿馬爾菲機場
AFL,Alta Floresta Airport,阿爾塔弗洛雷斯塔機場
AFN,Jaffrey Airfield Silver Ranch Airport,賈弗裡航空場銀牧場機場
AFO,Afton Lincoln County/General Boyd L Eddins Field,艾夫頓林肯縣博伊德L埃丁斯將軍機場
AFR,Afore Airstrip,阿福爾機場
AFS,Sugraly Airport,札拉夫尚機場
AFT,Afutara Aerodrome,阿富塔拉機場
AFW,Perot Field/Fort Worth Alliance Airport,佩羅特機場沃斯堡聯盟機場
AFY,Afyon Airport,阿菲永機場
AFZ,Sabzevar National Airport,薩布澤瓦爾國家機場
AGA,Al Massira Airport,阿爾馬西拉機場
AGB,Augsburg Airport,奧格斯堡機場
AGC,Allegheny County Airport,阿勒格尼縣機場
AGE,Wangerooge Airport,旺格羅格機場
AGF,Agen-La Garenne Airport,阿讓機場
AGH,Angelholm-Helsingborg Airport,恩厄爾霍爾姆-赫爾辛堡機場
AGI,Wageningen Airport Airport,瓦亨寧根機場
AGJ,Aguni Airport,粟國機場
AGL,Wanigela Airport,瓦尼格拉機場
AGN,Angoon Seaplane Base,安貢水上機場
AGO,Ralph C Weiser Field,拉爾夫C韋澤機場
AGP,Malaga Airport,馬拉加-太陽海岸機場
AGQ,Agrinion Airport,阿格里尼翁機場
AGR,Agra Airport,阿格拉機場
AGS,Augusta Regional At Bush Field,奧古斯塔區域巴什機場
AGT,Guarani International Airport,瓜拉尼國際機場
AGU,Jesus Teran International Airport,耶穌特蘭國際機場
AGV,Oswaldo Guevara Mujica Airport,奧斯瓦爾多格瓦拉穆希卡機場
AGX,Agatti Airport,阿加蒂機場
AGZ,Aggeneys Airport,阿根尼斯機場
AHA,Maa Mahamaya Airport,馬哈瑪雅機場
AHB,Abha Regional Airport,艾卜哈國際機場
AHC,Amedee Army Air Field,阿梅迪軍用航空場
AHD,Ardmore Downtown Executive Airport,阿德莫爾市區行政機場
AHE,Ahe Airport,阿赫機場
AHF,Arapahoe Municipal Airport,阿拉帕霍市立機場
AHG,Agalega Island Airstrip,阿加勒加島機場
AHH,Amery Municipal Airport,阿梅里市立機場
AHI,Amahai Airport,阿馬哈伊機場
AHJ,Ngawa Hongyuan Airport,阿壩紅原機場
AHL,Aishalton Airport,艾沙爾頓機場
AHM,Ashland Municipal/Sumner Parker Field,阿什蘭市立 薩姆納帕克機場
AHN,Athens/Ben Epps Airport,雅典本埃普斯機場
AHO,Alghero / Fertilia Airport,阿爾格羅費爾蒂利亞機場
AHS,Ahuas Airport,阿胡阿斯機場
AHU,Cherif Al Idrissi Airport,謝裡夫阿爾伊德里西機場
AHZ,L'alpe D'huez Airport,阿爾卑斯迪烏茲機場
AIA,Alliance Municipal Airport,阿聯斯市立機場
AID,Anderson Regional Airport,安德森區域機場
AIE,Aiome Airport,艾奧梅機場
AIF,Marcelo Pires Halzhausen Airport,馬塞洛皮雷斯哈爾茲豪森機場
AIG,Yalinga Airport,亞林加機場
AII,Ali-Sabieh Airport,阿里薩比耶機場
AIK,Aiken Regional Airport,艾肯地區機場
AIN,Wainwright Airport,溫賴特機場
AIO,Atlantic Municipal Airport,大西洋市立機場
AIP,Adampur Air Force Station,阿丹普爾空軍基地
AIR,Aripuanã Airport,阿里普亞納機場
AIS,Arorae Island Airport,阿羅賴島機場
AIT,Aitutaki Airport,艾圖塔基機場
AIU,Enua Airport,恩瓦機場
AIV,George Downer Airport,喬治唐納機場
AIZ,Lee C Fine Memorial Airport,李C費恩紀念機場
AJA,Ajaccio-Napoleon Bonaparte Airport,阿雅克肖拿破崙·波拿巴機場
AJF,Al-Jawf Domestic Airport,阿爾賈夫國內機場
AJI,Agri Airport,阿格里機場
AJJ,Akjoujt Airport,阿克茹特機場
AJK,Arak Airport,阿拉克機場
AJL,Lengpui Airport,倫普伊機場
AJN,Ouani Airport,昂儒昂機場
AJR,Arvidsjaur Airport,阿爾維斯堯爾機場
AJU,Santa Maria Airport,聖瑪麗亞機場
AJY,Mano Dayak International Airport,馬諾達亞克國際機場
AKA,Ankang Airport,安康富強機場
AKB,Atka Airport,阿特卡機場
AKC,Akron Fulton International Airport,阿克倫富爾頓國際機場
AKD,Akola Airport,阿科拉機場
AKE,Akiéni Airport,阿基尼機場
AKF,Kufra Airport,庫夫拉機場
AKH,Prince Sultan Air Base,蘇丹王子空軍基地
AKI,Akiak Airport,阿基亞克機場
AKJ,Asahikawa Airport,旭川機場
AKK,Akhiok Airport,阿希奧克機場
AKL,Auckland International Airport,奧克蘭機場
AKN,King Salmon Airport,鮭魚王機場
AKO,Colorado Plains Regional Airport,科羅拉多平原區域機場
AKP,Anaktuvuk Pass Airport,阿納克圖克帕斯機場
AKQ,Menggala Airport,孟加拉機場
AKS,Auki Airport,奧基機場
AKT,RAF Akrotiri,阿克羅蒂裡空軍基地
AKU,Aksu Airport,阿克蘇紅旗坡機場
AKV,Akulivik Airport,阿庫利維克機場
AKW,Aghajari Airport,阿哈賈裡機場
AKX,Aktobe Aliya Moldagulova International Airport,阿克託別阿里亞莫爾達古洛娃國際機場
AKY,Sittwe Airport,思特威機場
ALA,Almaty International Airport,阿拉木圖國際機場
ALB,Albany International Airport,奧爾巴尼國際機場
ALC,Alicante International Airport,阿利坎特-埃爾切機場
ALD,Alerta Airport,阿勒塔機場
ALE,Alpine-Casparis Municipal Airport,阿爾派恩卡斯帕里斯市立機場
ALF,Alta Airport,阿爾塔機場
ALG,Houari Boumediene Airport,阿爾及爾胡阿里·布邁丁機場
ALH,Albany Airport,奧爾巴尼機場
ALI,Alice International Airport,愛麗絲國際機場
ALJ,Alexander Bay Airport,亞歷山大灣機場
ALL,Villanova D'Albenga International Airport,維拉諾瓦達爾貝尼亞國際機場
ALM,Alamogordo-White Sands Regional Airport,阿拉莫戈多白沙區域機場
ALN,St Louis Regional Airport,聖路易斯區域機場
ALO,Waterloo Regional Airport,滑鐵盧地區機場
ALP,Aleppo International Airport,阿勒頗國際機場
ALQ,Alegrete Novo Airport,阿萊格雷特新機場
ALR,Alexandra Airport,亞歷山德拉機場
ALS,San Luis Valley Regional/Bergman Field,聖路易斯谷區域機場 伯格曼場
ALT,Alenquer Airport,阿倫克機場
ALU,Alula Airport,阿盧拉機場
ALW,Walla Walla Regional Airport,瓦拉瓦拉區域機場
ALX,Thomas C Russell Field,湯瑪斯·C·羅素機場
AMA,Rick Husband Amarillo International Airport,瑞克·哈斯本阿馬裡洛國際機場
AMB,Ambilobe Airport,安比洛貝機場
AMC,Am Timan Airport,安提曼機場
AMD,Sardar Vallabhbhai Patel International Airport,薩達爾·瓦拉巴伊·帕特爾國際機場
AMH,Arba Minch Airport,阿爾巴門奇機場
AMJ,Cirilo Queiroz Airport,西里洛·凱羅斯機場
AMK,Animas Air Park,阿尼馬斯航空公園機場
AMM,Queen Alia International Airport,阿勒婭王后國際機場
AMN,Gratiot Community Airport,格拉蒂奧特社群機場
AMO,Mao Airport,毛機場
AMP,Ampanihy Airport,安帕尼希機場
AMQ,Pattimura Airport Ambon,巴蒂穆拉國際機場
AMS,Amsterdam Airport Schiphol,阿姆斯特丹史基浦機場
AMT,Amata Airport,阿瑪塔機場
AMU,Amanab Airport,阿馬納布機場
AMV,Amderma Airport,安德爾馬機場
AMW,Ames Municipal Airport,艾姆斯市立機場
AMX,Ammaroo Airport,阿馬魯機場
AMZ,Ardmore Airport,阿德莫爾機場
ANB,Anniston Regional Airport,安尼斯頓區域機場
ANC,Ted Stevens Anchorage International Airport,泰德·史蒂文斯安克雷奇國際機場
ANE,Angers-Loire Airport,昂熱-羅亞爾機場
ANF,Cerro Moreno Airport,塞羅莫雷諾機場
ANG,Angouleme-Brie-Champniers Airport,昂古萊姆-干邑國際機場
ANI,Aniak Airport,阿尼亞克機場
ANJ,Zanaga Airport,札納加機場
ANK,Etimesgut Air Base,埃蒂梅斯古特空軍基地
ANM,Antsirabato Airport,安齊拉巴託機場
ANN,Annette Island Airport,安妮特島機場
ANO,Angoche Airport,安戈謝機場
ANP,Lee Airport,李氏機場
ANQ,Tri-State Steuben County Airport,三州斯托本郡機場
ANR,Antwerp International Airport (Deurne),安特衛普國際機場
ANS,Andahuaylas Airport,安達韋拉斯機場
ANU,V.C. Bird International Airport,維爾伯德國際機場
ANV,Anvik Airport,安維克機場
ANW,Ainsworth Regional Airport,安斯沃思區域機場
ANX,Andøya Airport,安德內斯機場
ANY,Anthony Municipal Airport,安東尼市立機場
AOC,Altenburg-Nobitz Airport,阿爾滕堡-諾比茨機場
AOE,Anadolu University Airport,阿納多盧大學機場
AOG,Anshan Air Base,鞍山騰鰲機場
AOH,Lima Allen County Airport,利馬艾倫郡機場
AOI,Ancona / Falconara Airport,馬爾凱機場
AOJ,Aomori Airport,青森機場
AOK,Karpathos Airport,卡爾帕索斯機場
AOL,Paso De Los Libres Airport,帕索德洛斯利佈雷斯機場
AOM,Adam Airport,亞當機場
AOO,Altoona/Blair County Airport,阿爾圖納／布萊爾郡機場
AOP,Alferez FAP Alfredo Vladimir Sara Bauer Airport,阿爾弗雷多·弗拉基米爾·薩拉·鮑爾空軍上尉機場
AOR,Sultan Abdul Halim Airport,蘇丹阿都哈林機場
AOT,Aosta Airport,奧斯塔機場
AOY,Asaloyeh Airport,阿薩魯耶機場
APA,Centennial Airport,百年紀念機場
APB,Apolo Airport,阿波羅機場
APC,Napa County Airport,納帕縣機場
APE,San Juan Aposento Airport,聖胡安阿波森託機場
APF,Naples Municipal Airport,那不勒斯市立機場
APG,Phillips Army Air Field,菲利普陸軍機場
APH,Ap Hill Lz (Fort Ap Hill) Airport,AP山降落區機場（AP山堡）
API,Gomez Nino Apiay Air Base,戈麥斯尼諾阿皮亞伊空軍基地
APJ,Ali Pulan Airport,阿里普蘭機場
APK,Apataki Airport,阿帕塔基機場
APL,Nampula Airport,南普拉機場
APN,Alpena County Regional Airport,阿爾皮納郡區域機場
APO,Antonio Roldan Betancourt Airport,安東尼奧·羅爾丹·貝坦庫爾機場
APQ,Arapiraca Airport,阿拉皮拉卡機場
APS,Anapolis Airport,阿納波利斯機場
APT,Marion County/Brown Field,馬里昂郡/布朗機場
APU,Apucarana Airport,阿普卡拉納機場
APV,Apple Valley Airport,蘋果谷機場
APW,Faleolo International Airport,法萊奧洛國際機場
APX,Arapongas Airport,阿拉蓬加斯機場
APY,Alto Parnaiba Airport,阿爾託帕納伊巴機場
APZ,Zapala Airport,薩帕拉機場
AQA,Araraquara Airport,阿拉拉誇拉機場
AQB,Santa Cruz del Quiche Airport,聖克魯斯德爾基切機場
AQG,Anqing Airport,安慶天柱山機場
AQI,Hafr Al Batin Airport,哈費爾巴廷機場
AQJ,Aqaba King Hussein International Airport,侯賽因國王國際機場
AQM,Nova Vida Airport,新生活機場
AQP,Rodriguez Ballon International Airport,羅德里格斯巴隆國際機場
AQY,Girdwood Airport,格德伍德機場
ARA,Acadiana Regional Airport,阿卡迪亞納地區機場
ARB,Ann Arbor Municipal Airport,安娜堡市立機場
ARC,Arctic Village Airport,北極村機場
ARD,Mali Airport,馬利機場
ARE,Antonio/Nery/Juarbe Pol Airport,安東尼奧·內裡·胡阿爾貝·波爾機場
ARG,Walnut Ridge Regional Airport,核桃嶺區域機場
ARH,Talagi Airport,塔拉吉機場
ARI,Chacalluta Airport,查卡柳塔機場
ARJ,Arso Airport,阿爾索機場
ARK,Arusha Airport,阿魯沙機場
ARL,Arly Airport,阿利機場
ARM,Armidale Airport,阿米代爾機場
ARN,Stockholm-Arlanda Airport,斯德哥爾摩阿蘭達機場
ARR,D. Casimiro Szlapelis Airport,卡西米羅·什拉佩利斯機場
ARS,Estancia das Cascatas Airport,卡斯卡塔斯莊園機場
ART,Watertown International Airport,沃特敦國際機場
ARU,Aracatuba Airport,阿拉薩圖巴機場
ARV,Lakeland/Noble F Lee Memorial Field,萊克蘭/諾布林·F·李紀念機場
ARW,Arad International Airport,阿拉德國際機場
ARY,Ararat Airport,亞拉拉特機場
ARZ,N'zeto Airport,恩澤託機場
ASA,Assab International Airport,阿薩布國際機場
ASB,Ashgabat Airport,阿什哈巴德國際機場
ASC,Ascencion De Guarayos Airport,瓜拉約斯昇天機場
ASD,Andros Town Airport,安德羅斯鎮機場
ASE,Aspen-Pitkin County/Sardy Field,亞斯本-皮特金郡機場
ASF,Astrakhan Airport,阿斯特拉罕機場
ASG,Ashburton Aerodrome,阿什伯頓機場
ASH,Boire Field,博伊爾機場
ASI,RAF Ascension Island,阿森松島皇家空軍基地
ASJ,Amami Airport,奄美機場
ASK,Yamoussoukro Airport,雅穆索戈國際機場
ASL,Harrison County Airport,哈里森郡機場
ASM,Asmara International Airport,阿斯馬拉國際機場
ASN,Talladega Municipal Airport,塔拉迪加市立機場
ASO,Asosa Airport,阿索薩機場
ASP,Alice Springs Airport,愛麗斯泉機場
ASQ,Austin Airport,奧斯汀機場
ASR,Kayseri Erkilet Airport,開塞利埃基萊特機場
ASS,Arathusa Safari Lodge Airport,阿拉圖薩遊獵旅館機場
AST,Astoria Regional Airport,阿斯托裡亞區域機場
ASU,Silvio Pettirossi International Airport,西爾維奧·佩蒂羅西國際機場
ASV,Amboseli Airport,安博塞利機場
ASW,Aswan International Airport,亞斯文國際機場
ASX,John F Kennedy Memorial Airport,約翰·甘迺迪國際機場
ASY,Ashley Municipal Airport,阿什利市立機場
ATA,Comandante FAP German Arias Graziani Airport,赫爾曼·阿里亞斯·格拉齊亞尼空軍上校機場
ATB,Atbara Airport,阿特巴拉機場
ATC,Arthur's Town Airport,亞瑟鎮機場
ATD,Uru Harbour Airport,烏魯港機場
ATE,Antlers Municipal Airport,安特勒斯市立機場
ATF,Chachoan Airport,查喬安機場
ATH,Eleftherios Venizelos International Airport,雅典埃萊夫塞裡奧斯·韋尼澤洛斯國際機場
ATI,Artigas International Airport,阿蒂加斯國際機場
ATJ,Antsirabe Airport,安齊拉貝機場
ATK,Atqasuk Edward Burnell Sr Memorial Airport,阿特卡蘇克愛德華·伯內爾 Sr. 紀念機場
ATL,Hartsfield/Jackson Atlanta International Airport,哈茨菲爾德-傑克遜亞特蘭大國際機場
ATM,Altamira Airport,阿爾塔米拉機場
ATO,Ohio University Airport,俄亥俄大學機場
ATP,Aitape Airport,艾塔佩機場
ATQ,Sri Guru Ram Dass Jee International Airport Amritsar,阿姆利則斯里古魯拉姆達斯吉國際機場
ATR,Atar International Airport,阿塔爾國際機場
ATS,Artesia Municipal Airport,阿蒂西亞市立機場
ATT,Atmautluak Airport,阿特茅特盧阿克機場
ATU,Casco Cove Cgs Airport,卡斯科灣海岸警衛隊機場
ATV,Ati Airport,阿提機場
ATW,Appleton International Airport,阿普爾頓國際機場
ATY,Watertown Regional Airport,沃特敦區域機場
ATZ,Assiut International Airport,艾斯尤特機場
AUA,Queen Beatrix International Airport,貝婭特麗克絲女王國際機場
AUC,Santiago Perez Airport,聖地牙哥·佩雷斯機場
AUD,Augustus Downs Airport,奧古斯塔斯唐斯機場
AUF,Auxerre-Branches Airport,歐塞爾-布朗什機場
AUG,Augusta State Airport,奧古斯塔州立機場
AUH,Abu Dhabi International Airport,阿布扎比國際機場
AUJ,Ambunti Airport,安邦蒂機場
AUK,Alakanuk Airport,阿拉卡努克機場
AUM,Austin Municipal Airport,奧斯汀市立機場
AUN,Auburn Municipal Airport,奧本市立機場
AUO,Auburn University Regional Airport,奧本大學區域機場
AUQ,Hiva Oa-Atuona Airport,希瓦歐阿-阿圖奧納機場
AUR,Aurillac Airport,歐裡亞克機場
AUS,Austin-Bergstrom International Airport,奧斯汀-伯格斯壯國際機場
AUT,Atauro Airport,阿陶羅機場
AUU,Aurukun Airport,奧魯昆機場
AUW,Wausau Downtown Airport,沃索市中心機場
AUX,Araguaina Airport,阿拉瓜伊納機場
AUY,Anelghowhat Airport,阿內爾高哈特機場
AUZ,Aurora Municipal Airport,奧羅拉市立機場
AVA,Anshun Huangguoshu Airport,安順黃果樹機場
AVB,Aviano Air Base,阿維亞諾空軍基地
AVG,Auvergne Airport,奧弗涅機場
AVI,Maximo Gomez Airport,馬西莫·戈麥斯機場
AVK,Arvaikheer Airport,阿爾拜赫雷機場
AVL,Asheville Regional Airport,阿什維爾區域機場
AVN,Avignon-Caumont Airport,阿維尼翁機場
AVO,Avon Park Executive Airport,雅芳公園行政機場
AVP,Wilkes-Barre/Scranton International Airport,威爾克斯-巴里/斯克蘭頓國際機場
AVU,Avu Avu Airport,阿武阿武機場
AVV,Avalon Airport,愛華隆機場
AVW,Marana Regional Airport,馬拉納區域機場
AVX,Catalina Airport,卡塔利娜機場
AWA,Awassa Airport,阿瓦薩機場
AWB,Awaba Airport,阿瓦巴機場
AWD,Aniwa Airport,阿尼瓦機場
AWK,Wake Island Airfield,威克島機場
AWM,West Memphis Municipal Airport,西孟菲斯市立機場
AWN,Alton Downs Airport,奧爾頓唐斯機場
AWP,Austral Downs Airport,奧斯特拉爾唐斯機場
AWZ,Ahwaz Airport,阿瓦茲機場
AXA,Wallblake Airport,沃爾布萊克機場
AXB,Maxson Airfield,麥克森機場
AXC,Aramac Airport,阿拉馬克機場
AXD,Dimokritos Airport,亞歷山德魯波利斯德謨克利特國際機場
AXE,Xanxere Airport,夏謝雷機場
AXF,Alxa Left Banner Bayanhot Airport,阿拉善左旗巴彥浩特機場
AXG,Algona Municipal Airport,阿爾戈納市立機場
AXJ,Amakusa Airport,天草飛行場
AXK,Ataq Airport,阿塔克機場
AXL,Alexandria Homestead Airport,亞歷山卓家園機場
AXM,El Eden Airport,伊甸園機場
AXN,Alexandria Regional/Chandler Field,亞歷山卓區域機場／錢德勒機場
AXP,Spring Point Airport,斯普林波因特機場
AXR,Arutua Airport,阿魯圖阿機場
AXS,Altus/Quartz Mountain Regional Airport,阿爾特斯/石英山區域機場
AXT,Akita Airport,秋田機場
AXU,Axum Airport,阿克蘇姆機場
AXV,Neil Armstrong Airport,尼爾·阿姆斯壯機場
AXX,Angel Fire Airport,安吉爾火機場
AYG,Yaguara Airport,亞瓜拉機場
AYJ,Maharishi Valmiki International Airport,摩訶梨師·伐爾米基國際機場
AYL,Anthony Lagoon Airport,安東尼潟湖機場
AYM,Yas Island Seaplane Base,亞斯島水上飛機基地
AYN,Anyang Airport,安陽殷都機場
AYO,Juan De Ayolas Airport,胡安·德·阿約拉斯機場
AYP,Coronel FAP Alfredo Mendivil Duarte Airport,阿爾弗雷多·門迪維爾·杜阿爾特上校機場
AYQ,Ayers Rock Connellan Airport,艾爾斯巖康內蘭機場
AYR,Ayr Airport,艾爾機場
AYS,Waycross-Ware County Airport,韋克羅斯-韋爾郡機場
AYT,Antalya International Airport,安塔利亞機場
AYU,Aiyura Airport,艾尤拉機場
AYX,Teniente General Gerardo Perez Pinedo Airport,赫拉爾多·佩雷斯·皮內多中將機場
AZA,Mesa Gateway Airport,梅薩關口機場
AZD,Shahid Sadooghi Airport,沙希德·薩杜基機場
AZH,Azamgarh Airport,阿扎姆加爾機場
AZI,Al Bateen Executive Airport,阿爾巴廷行政機場
AZL,Fazenda Tucunare Airport,相簿納雷農場機場
AZN,Andizhan Airport,安集延機場
AZO,Kalamazoo/Battle Creek International Airport,卡拉馬祖/巴特爾克里克國際機場
AZP,Atizapan De Zaragoza Airport,阿蒂薩潘德薩拉戈薩機場
AZR,Touat Cheikh Sidi Mohamed Belkebir Airport,圖阿特謝赫西迪穆罕默德貝爾克比爾機場
AZS,Samana El Catey International Airport,薩馬納埃爾凱特國際機場
AZZ,Ambriz Airport,安布里什機場
BAA,Bialla Airport,比亞拉機場
BAB,Beale Afb Airport,比爾空軍基地
BAD,Barksdale Afb Airport,巴克斯代爾空軍基地機場
BAE,Barcelonnette - Saint-Pons Airport,巴瑟洛內特-聖蓬機場
BAF,Westfield-Barnes Regional Airport,韋斯特菲爾德-巴恩斯區域機場
BAG,Loakan Airport,洛坎機場
BAH,Bahrain International Airport,巴林國際機場
BAI,Buenos Aires Airport,布宜諾斯艾利斯機場
BAL,Batman Airport,巴特曼機場
BAM,Battle Mountain Airport,戰鬥山機場
BAN,Basongo Airport,巴松戈機場
BAO,Udorn Air Base,烏隆空軍基地
BAQ,Ernesto Cortissoz International Airport,埃內斯托·科爾蒂索斯國際機場
BAR,Qionghai Boao Airport,瓊海博鰲國際機場
BAS,Ballalae Airport,巴拉萊機場
BAT,Chafei Amsei Airport,查菲阿姆塞機場
BAU,Bauru Airport,包魯機場
BAV,Baotou Airport,包頭東河國際機場
BAX,Barnaul Airport,巴爾瑙爾機場
BAY,Tautii Magheraus Airport,陶齊默格勞什機場
BAZ,Barcelos Airport,巴塞洛斯機場
BBA,Balmaceda Airport,巴爾馬塞達機場
BBB,Benson Municipal Airport,本森市立機場
BBC,Bay City Regional Airport,貝城區域機場
BBD,Curtis Field,柯蒂斯機場
BBG,Butaritari Atoll Airport,布塔裡塔裡機場
BBH,Barth Airport,巴特機場
BBI,Biju Patnaik Airport,比珠·帕特奈克機場
BBJ,Bitburg Airport,位元堡機場
BBK,Kasane Airport,卡薩內機場
BBL,Ballera Airport,巴列拉機場
BBM,Battambang Airport,馬德望機場
BBN,Bario Airport,巴里奧機場
BBO,Berbera Airport,柏培拉機場
BBP,Bembridge Airport,本布里奇機場
BBR,Baillif Airport,拜利夫機場
BBS,Blackbushe Airport,布萊克布什機場
BBT,Berberati Airport,貝爾貝拉蒂機場
BBU,Baneasa International Airport,布加勒斯特伯尼亞薩-奧雷爾·弗拉伊庫國際機場
BBV,Nero-Mer Airport,內羅梅爾機場
BBW,Broken Bow Municipal/Keith Glaze Field,布羅肯鮑市營／基斯格雷茲機場
BBX,Wings Field,威爾斯機場
BBY,Bambari Airport,班巴里機場
BBZ,Zambezi Airport,贊比西機場
BCA,Gustavo Rizo Airport,古斯塔沃·裡佐機場
BCB,Virginia Tech/Montgomery Executive Airport,維吉尼亞理工/蒙哥馬利行政機場
BCC,Bear Creek 3 Airport,熊溪三號機場
BCD,Bacolod-Silay City International Airport,巴科洛德-錫萊國際機場
BCE,Bryce Canyon Airport,布萊斯峽谷機場
BCF,Bouca Airport,布卡機場
BCG,Bemichi Airport,貝米奇機場
BCH,Cakung Airport,包考機場
BCI,Barcaldine Airport,巴卡爾丁機場
BCL,Barra del Colorado Airport,科羅拉多巴拉機場
BCM,Bacau Airport,巴克烏機場
BCN,Barcelona International Airport,何塞普·塔拉德利亞斯巴塞羅那-埃爾普拉特機場
BCO,Baco Airport,巴科機場
BCR,Novo Campo Airport,諾沃坎波機場
BCS,Southern Seaplane Airport,南方水上飛機場
BCT,Boca Raton Airport,博卡拉頓機場
BCX,Beloretsk Airport,別洛列茨克機場
BDA,L.F. Wade International International Airport,L·F·韋德國際機場
BDB,Bundaberg Airport,班德堡機場
BDC,Barra do Corda Airport,巴拉杜科爾達機場
BDD,Badu Island Airport,巴杜島機場
BDE,Baudette International Airport,鮑德特國際機場
BDF,Rinkenberger Airport,林肯伯格機場
BDG,Blanding Municipal Airport,布蘭丁市立機場
BDH,Bandar Lengeh Airport,班達爾倫格機場
BDI,Bird Island Airport,鳥島機場
BDJ,Syamsudin Noor Airport,沙姆斯丁·努爾國際機場
BDK,Soko Airport,索科機場
BDL,Bradley International Airport,布拉德利國際機場
BDM,Bandirma Airport,班德爾馬機場
BDN,Talhar Airport,塔爾哈爾機場
BDO,Husein Sastranegara International Airport,侯賽因·薩斯特拉內加拉國際機場
BDP,Bhadrapur Airport,巴德拉普爾機場
BDQ,Vadodara Airport,瓦多達拉機場
BDR,Bridgeport/Sikorsky Airport,布里奇波特/西科斯基機場
BDS,Brindisi / Casale Airport,布林迪西機場
BDT,Gbadolite Airport,巴多利特機場
BDU,Bardufoss Airport,巴爾杜福斯機場
BDV,Moba Airport,莫巴機場
BDW,Bedford Downs Airport,貝德福德唐斯機場
BDX,Broadus Airport,布羅達斯機場
BDY,Bandon State Airport,班登州立機場
BDZ,Baindoung Airport,班東機場
BEB,Benbecula Airport,本貝丘拉機場
BEC,Beech Factory Airport,比奇工廠機場
BED,Laurence G Hanscom Field,勞倫斯·G·漢斯科姆機場
BEF,Bluefields Airport,布盧菲爾茲機場
BEG,Belgrade Nikola Tesla Airport,貝爾格勒尼古拉·特斯拉機場
BEH,Southwest Michigan Regional Airport,西南密西根地區機場
BEI,Beica Airport,貝卡機場
BEJ,Barau(Kalimaru) Airport,努山塔拉國際機場
BEK,Bareilly Air Force Station,巴雷利空軍基地
BEL,Val de Cans/Julio Cezar Ribeiro International Airport,瓦爾德坎斯國際機場
BEM,Beni Mellal Airport,貝尼梅拉勒機場
BEN,Benina International Airport,貝尼納國際機場
BEO,Aeropelican Airport,佩利肯機場
BEP,Bellary Airport,貝拉里機場
BEQ,RAF Honington,霍寧頓皇家空軍基地
BER,Berlin Brandenburg Airport,柏林勃蘭登堡機場
BES,Brest Bretagne Airport,佈雷斯特-布列塔尼機場
BET,Bethel Airport,貝塞爾機場
BEU,Bedourie Airport,貝杜裡機場
BEV,Be'er Sheva (Teyman) Airport,貝爾謝巴（泰曼）機場
BEW,Beira Airport,貝拉機場
BEX,RAF Benson,本森皇家空軍基地
BEY,Beirut Rafic Hariri International Airport,貝魯特-拉菲克·哈里里國際機場
BEZ,Beru Airport,貝魯島機場
BFA,Bahia Negra Airport,巴伊亞內格拉機場
BFD,Bradford Regional Airport,布拉德福德地區機場
BFE,Bielefeld Airport,比勒費爾德機場
BFF,Scottsbluff/Western Nebraska Regional/Wm  B Heilig Field,斯科茨布拉夫／西內布拉斯加地區機場／威廉·B·海利格機場
BFG,Bullfrog Basin Airport,牛蛙盆地機場
BFH,Bacacheri Airport,巴卡切裡機場
BFI,Boeing Field/King County International Airport,波音機場
BFJ,Bijie Airport,畢節飛雄機場
BFK,Buckley Space Force Base Airport,巴克利太空軍基地機場
BFL,Meadows Field,梅多斯機場
BFM,Mobile International Airport,莫比爾國際機場
BFN,J B M Hertzog International Airport,J. B. M. 赫爾佐格國際機場
BFO,Buffalo Range Airport,布法羅嶺機場
BFP,Beaver County Airport,比弗郡機場
BFR,Virgil I Grissom Municipal Airport,維吉爾·I·格里森市立機場
BFS,Belfast International Airport,貝爾法斯特國際機場
BFT,Beaufort Executive Airport,博福特行政機場
BFU,Bengbu Airport,蚌埠仁和集機場
BFV,Buri Ram Airport,武裡南機場
BFW,Sidi Bel Abbes Airport,西迪貝勒阿巴斯機場
BFX,Bafoussam Airport,巴富薩姆機場
BFY,Bengbu Tenghu Airport,蚌埠滕湖機場
BGA,Palonegro Airport,帕洛內格羅機場
BGB,Booue Airport,布韋機場
BGC,Braganca Airport,布拉幹薩機場
BGD,Hutchinson County Airport,哈欽森郡機場
BGE,Decatur County Industrial Air Park,迪凱特縣工業航空園區
BGF,Bangui M'Poko International Airport,班吉-姆波科國際機場
BGG,Bingöl Airport,賓格爾機場
BGH,Abbaye Airport,阿貝機場
BGI,Sir Grantley Adams International Airport,格蘭特利·亞當斯國際機場
BGJ,Borgarfjordur eystri Airport,博爾加峽灣東部機場
BGK,Big Creek Airport,大溪機場
BGM,Greater Binghamton/Edwin A Link Field,大賓漢頓／艾德溫·A·林克機場
BGN,Belaya Gora Airport,別拉亞戈拉機場
BGO,Bergen Airport Flesland,卑爾根機場弗萊斯蘭
BGQ,Big Lake Airport,大湖機場
BGR,Bangor International Airport,班戈國際機場
BGT,Bagdad Airport,巴格達機場
BGU,Bangassou Airport,班加蘇機場
BGV,Aeroclube de Bento Goncalves Airport,本託貢薩爾維斯航空俱樂部機場
BGW,Baghdad International Airport,巴格達國際機場
BGX,Comandante Gustavo Kraemer Airport,古斯塔沃·克雷默指揮官機場
BGY,Bergamo / Orio Al Serio Airport,奧廖阿爾塞廖國際機場
BHA,Los Perales Airport,洛斯佩拉萊斯機場
BHB,Hancock County/Bar Harbor Airport,漢考克郡／巴爾港機場
BHD,George Best Belfast City Airport,貝爾法斯特城市機場
BHE,Woodbourne Airport,伍德伯恩機場
BHF,Cupica Airport,庫皮卡機場
BHH,Bisha Airport,比沙機場
BHI,Comandante Espora Airport,埃斯波拉指揮官機場
BHJ,Bhuj Airport,普傑機場
BHK,Bukhara Airport,布哈拉國際機場
BHM,Birmingham-Shuttlesworth International Airport,伯明翰-沙特爾斯沃思國際機場
BHO,Bhopal Airport,博帕爾機場
BHP,Bhojpur Airport,博傑普爾機場
BHQ,Broken Hill Airport,布羅肯希爾機場
BHR,Bharatpur Airport,巴拉特普爾機場
BHS,Bathurst Airport,巴瑟斯特機場
BHU,Bhavnagar Airport,巴夫納加爾機場
BHV,Bahawalpur Airport,巴哈瓦爾普爾機場
BHW,Bhagatanwala Airport,巴加坦瓦拉機場
BHX,Birmingham International Airport,伯明翰機場
BHY,Beihai Airport,北海福成機場
BIA,Bastia-Poretta Airport,巴斯蒂亞機場
BIB,Baidoa Airport,拜多阿機場
BID,Block Island State Airport,布洛克島州立機場
BIE,Beatrice Municipal Airport,碧翠絲市立機場
BIF,Biggs Army Air Field (Fort Bliss) Airport,比格斯陸軍機場（布利斯堡）
BIG,Allen Army Air Field,艾倫陸軍機場
BIH,Bishop Airport,畢肖普機場
BIK,Frans Kaisiepo Airport,弗蘭斯·凱西波國際機場
BIL,Billings Logan International Airport,比靈斯洛根國際機場
BIM,South Bimini Airport,南比米尼機場
BIN,Bamiyan Airport,巴米揚機場
BIO,Bilbao Airport,畢爾巴鄂機場
BIP,Bulimba Airport,布林巴機場
BIQ,Biarritz-Anglet-Bayonne Airport,比亞裡茨巴斯克地區機場
BIR,Biratnagar Airport,比拉德納加爾機場
BIS,Bismarck Municipal Airport,俾斯麥市立機場
BIT,Baitadi Airport,拜塔迪機場
BIU,Bíldudalur Airport,比爾杜達勒機場
BIV,Bria Airport,布里亞機場
BIW,Billiluna Airport,比利盧納機場
BIX,Keesler Afb Airport,基斯勒空軍基地機場
BIY,Bisho Airport,比紹機場
BJA,Soummam Airport,蘇曼機場
BJB,Bojnord Airport,博努爾德機場
BJC,Rocky Mountain Metro Airport,洛磯山都會機場
BJD,Bakkafjordur Airport,巴卡菲厄德機場
BJF,Båtsfjord Airport,博茨峽灣機場
BJI,Bemidji Regional Airport,貝米吉區域機場
BJJ,Wayne County Airport,韋恩郡機場
BJK,Nangasuri Airport,本吉納·楠阿蘇裡機場
BJL,Banjul International Airport,班珠爾國際機場
BJM,Bujumbura International Airport,布瓊布拉國際機場
BJO,Bermejo Airport,貝爾梅霍機場
BJP,Aeroporto Estadual Arthur Siqueira Airport,亞瑟·西凱拉州立機場
BJR,Bahir Dar Airport,巴赫達爾機場
BJU,Bajura Airport,巴朱拉機場
BJV,Milas Bodrum International Airport,米拉斯-博德魯姆國際機場
BJW,Soa Airport,圖勒雷洛·索阿機場
BJX,Del Bajio International Airport,德爾巴希奧國際機場
BJY,Batajnica Air Base,巴塔伊尼察空軍基地
BJZ,Badajoz Airport,巴達霍斯機場
BKA,Bykovo Airport,彼科沃機場
BKB,Nal Airport,納爾機場
BKC,Buckland Airport,巴克蘭機場
BKD,Stephens County Airport,史蒂芬斯郡機場
BKE,Baker City Municipal Airport,貝克市市營機場
BKG,Branson Airport,布蘭森機場
BKH,Barking Sands Pmrf Airport,巴金沙太平洋飛彈試射場機場
BKI,Kota Kinabalu International Airport,亞庇國際機場
BKJ,Boke Airport,博凱機場
BKK,Suvarnabhumi Airport,蘇凡納布機場
BKL,Burke Lakefront Airport,伯克湖畔機場
BKM,Bakalalan Airport,巴卡拉蘭機場
BKN,Balkanabat International Airport,巴爾坎納巴特國際機場
BKO,Senou Airport,巴馬科國際機場
BKP,Barkly Downs Airport,巴克利唐斯機場
BKQ,Blackall Airport,布萊克奧爾機場
BKR,Bokoro Airport,博科羅機場
BKS,Padang Kemiling (Fatmawati Soekarno) Airport,法瑪瓦蒂·蘇加諾機場
BKT,Allan C Perkinson/Blackstone Army Air Field,艾倫·C·帕金森/布萊克史東陸軍機場
BKU,Betioky Airport,貝蒂奧基機場
BKW,Raleigh County Memorial Airport,羅利郡紀念機場
BKX,Brookings Regional Airport,布魯金斯區域機場
BKY,Bukavu Kavumu Airport,布卡武卡武穆機場
BKZ,Bukoba Airport,布科巴機場
BLA,General Jose Antonio Anzoategui International Airport,荷西·安東尼奧·安索阿特吉將軍國際機場
BLB,Howard/Panama Pacifico International Airport,霍華德/巴拿馬太平洋國際機場
BLC,Bali Airport,峇裡島機場
BLD,Boulder City Municipal Airport,博爾德市市立機場
BLE,Borlange Airport,達拉機場
BLF,Mercer County Airport,默瑟縣機場
BLG,Belaga Airport,伯拉加機場
BLH,Blythe Airport,布萊斯機場
BLI,Bellingham International Airport,貝靈厄姆國際機場
BLJ,Batna Airport,巴特納機場
BLK,Blackpool International Airport,黑潭國際機場
BLL,Billund Airport,比隆機場
BLM,Monmouth Executive Airport,蒙茅斯行政機場
BLN,Benalla Airport,貝納拉機場
BLO,Hjaltabakki Airport,亞爾塔巴基機場
BLP,Huallaga Airport,瓦亞加機場
BLQ,Bologna / Borgo Panigale Airport,波隆納機場
BLR,Bengaluru International Airport,肯佩高達國際機場
BLS,Bollon Airport,波隆機場
BLT,Blackwater Airport,黑水機場
BLU,Blue Canyon - Nyack Airport,藍峽谷－奈亞克機場
BLV,Scott Afb/Midamerica St Louis Airport,史考特空軍基地／中美國聖路易機場
BLX,Belluno Airport,貝盧諾機場
BLY,Belmullet Aerodrome,貝爾馬利特機場
BLZ,Chileka International Airport,奇萊卡國際機場
BMA,Stockholm-Bromma Airport,斯德哥爾摩布羅馬機場
BMB,Bumbar Airport,邦巴爾機場
BMC,Brigham City Regional Airport,布里格姆城區域機場
BMD,Belo sur Tsiribihina Airport,貝洛蘇爾齊裡比希納機場
BME,Broome International Airport,布魯姆國際機場
BMF,Bakouma Airport,巴庫馬機場
BMG,Monroe County Airport,門羅郡機場
BMI,Central Il Regional/Bloomington-Normal Airport,中部伊利諾區域／布盧明頓-諾默爾機場
BMJ,Baramita Airport,巴拉米塔機場
BMK,Borkum Airport,博爾庫姆機場
BML,Berlin Regional Airport,柏林區域機場
BMM,Bitam Airport,比塔姆機場
BMN,Bamarni Airport,巴馬尼機場
BMO,Banmaw Airport,八莫機場
BMP,Brampton Island Airport,布蘭普頓島機場
BMR,Baltrum Airport,巴爾特魯姆機場
BMS,Socrates Mariani Bittencourt Airport,蘇格拉底·馬裡亞尼·比滕庫爾特機場
BMT,Beaumont Municipal Airport,博蒙特市立機場
BMU,Muhammad Salahuddin Airport,蘇丹穆罕默德·薩拉胡丁機場
BMV,Buon Ma Thuot Airport,邦美蜀機場
BMW,Bordj Badji Mokhtar Airport,博爾吉巴吉莫赫塔爾機場
BMX,Big Mountain Airport,大山機場
BMY,Ile Art - Waala Airport,瓦拉機場
BNA,Nashville International Airport,納什維爾國際機場
BNB,Boende Airport,波恩德機場
BNC,Beni Airport,貝尼機場
BND,Bandar Abbas International Airport,阿巴斯港國際機場
BNE,Brisbane International Airport,布里斯班機場
BNG,Banning Municipal Airport,班寧市立機場
BNI,Benin Airport,貝南機場
BNJ,Bonn-Hangelar Airport,波恩火車總站
BNK,Ballina Byron Gateway Airport,巴利納機場
BNL,Barnwell Regional Airport,巴恩韋爾地區機場
BNN,Brønnøysund Airport,布倫訥松機場
BNO,Burns Municipal Airport,伯恩斯市立機場
BNP,Bannu Airport,班努機場
BNR,Banfora Airport,邦福拉機場
BNS,Barinas Airport,巴里納斯機場
BNU,Blumenau Airport,布盧梅瑙機場
BNW,Boone Municipal Airport,布恩市立機場
BNX,Banja Luka International Airport,巴尼亞盧卡國際機場
BNY,Bellona/Anua Airport,貝羅那機場
BOA,Boma Airport,博馬機場
BOB,Bora Bora Airport,博拉博拉機場
BOC,Bocas Del Toro International Airport,博卡斯德爾託羅國際機場
BOD,Bordeaux-Merignac (BA 106) Airport,波爾多－梅里尼亞克機場
BOE,Boundji Airport,邦吉機場
BOG,El Dorado International Airport,埃爾多拉多國際機場
BOH,Bournemouth Airport,伯恩茅斯機場
BOI,Boise Air Trml/Gowen Field,博伊西機場
BOJ,Burgas Airport,布林加斯機場
BOK,Brookings Airport,布魯金斯機場
BOL,Ballykelly Airport,巴利凱利機場
BOM,Chhatrapati Shivaji International Airport,賈特拉帕蒂·希瓦吉·馬哈拉傑國際機場
BON,Flamingo International Airport,火烈鳥國際機場
BOO,Bodø Airport,博德機場
BOP,Bouar Airport,布阿爾機場
BOS,General Edward Lawrence Logan International Airport,愛德華·勞倫斯·洛根將軍國際機場
BOU,Bourges Airport,布林日機場
BOW,Bartow Executive Airport,巴託行政機場
BOX,Borroloola Airport,波羅魯拉機場
BOY,Bobo Dioulasso Airport,博博迪烏拉索機場
BOZ,Bozoum Airport,博祖姆機場
BPC,Bamenda Airport,巴門達機場
BPE,Qinhuangdao Beidaihe Airport,秦皇島北戴河機場
BPF,Batuna Aerodrome,巴圖納機場
BPG,Barra do Garcas Airport,巴拉杜加爾薩斯機場
BPH,Bislig Airport,比斯利格機場
BPI,Miley Memorial Field,麥利紀念機場
BPL,Alashankou Bole (Bortala) airport,博樂阿拉山口機場
BPM,Begumpet Airport,貝貢佩特機場
BPN,Sepinggan International Airport,蘇丹阿吉·穆罕默德·蘇萊曼·瑟賓甘國際機場
BPR,Borongan Airport,博龍岸機場
BPS,Porto Seguro Airport,塞古羅港機場
BPT,Jack Brooks Regional Airport,傑克布魯克斯區域機場
BPX,Qamdo Bangda Airport,昌都邦達機場
BPY,Besalampy Airport,貝薩蘭皮機場
BQA,Dr.Juan C. Angara Airport,胡安·C·安加拉機場
BQB,Busselton Regional Airport,巴瑟爾頓區域機場
BQE,Bubaque Airport,布巴克機場
BQG,Bogorodskoye Airport,博戈羅茨克機場
BQH,London Biggin Hill Airport,倫敦比金山機場
BQK,Brunswick Golden Isles Airport,布倫瑞克黃金群島機場
BQL,Boulia Airport,布利亞機場
BQN,Rafael Hernandez Airport,拉斐爾·埃爾南德斯機場
BQO,Bouna Airport,布納機場
BQQ,Barra Airport,巴拉機場 (巴西)
BQS,Ignatyevo Airport,伊格納耶沃機場
BQT,Brest Airport,佈列斯特機場
BQU,J F Mitchell Airport,J. F. 米切爾機場
BQW,Balgo Hill Airport,巴爾戈山機場
BRA,Barreiras Airport,巴雷拉斯機場
BRB,Barreirinhas Airport,巴雷里尼亞斯機場
BRC,San Carlos De Bariloche Airport,聖卡洛斯-德巴里洛切機場
BRD,Brainerd Lakes Regional Airport,佈雷納德湖區區域機場
BRE,Bremen Airport,不來梅機場
BRI,Bari / Palese International Airport,巴里嘉祿·沃伊蒂瓦機場
BRK,Bourke Airport,伯克機場
BRL,Southeast Iowa Regional Airport,東南愛荷華區域機場
BRM,Barquisimeto International Airport,巴基西梅託國際機場
BRN,Bern Belp Airport,伯爾尼-貝爾普機場
BRO,Brownsville/South Padre Island International Airport,布朗斯維爾／南帕德雷島國際機場
BRQ,Brno-Turany Airport,布林諾-圖拉尼機場
BRS,Bristol International Airport,布里斯托機場
BRT,Bathurst Island Airport,巴瑟斯特島機場
BRU,Brussels Airport,布魯塞爾機場
BRW,Wiley Post-Will Rogers Memorial Airport,威利·波斯特-威爾·羅傑斯紀念機場
BRX,Maria Montez International Airport,瑪麗亞·蒙特茲國際機場
BRY,Samuels Field,塞繆爾斯機場
BSA,Bosaso Airport,班達卡西姆國際機場
BSB,Presidente Juscelino Kubistschek International Airport,巴西利亞國際機場
BSC,Jose Celestino Mutis Airport,何塞·塞萊斯蒂諾·穆蒂斯機場
BSD,Baoshan Yunduan Airport,保山雲瑞機場
BSE,Sematan Airport,瑟馬坦機場
BSF,Bradshaw Army Airfield,布拉德肖陸軍機場
BSG,Bata Airport,巴塔機場
BSJ,Bairnsdale Airport,班恩斯代爾機場
BSK,Biskra Airport,比斯克拉機場
BSL,EuroAirport Basel-Mulhouse-Freiburg Airport,巴塞爾-米盧斯-弗賴堡歐洲機場
BSM,Bishe Kola Air Base,比謝科拉空軍基地
BSN,Bossangoa Airport,博桑戈阿機場
BSO,Basco Airport,巴士古機場
BSQ,Bisbee Municipal Airport,比斯比市立機場
BSR,Basrah International Airport,巴士拉國際機場
BSS,Balsas Airport,巴爾薩斯機場
BST,Bost Airport,波士頓機場
BSU,Basankusu Airport,巴桑庫蘇機場
BSW,Boswell Bay Airport,博斯韋爾灣機場
BSX,Pathein Airport,帕安機場
BSY,Bardera Airport,巴爾代雷機場
BSZ,Manas International Airport,瑪納斯國際機場
BTA,Bertoua Airport,貝爾圖阿機場
BTB,Betou Airport,貝圖機場
BTC,Batticaloa Airport,巴提卡洛機場
BTD,Brunette Downs Airport,布魯內特唐斯機場
BTE,Sherbro International Airport,歇爾布羅國際機場
BTF,Skypark Airport,天際公園機場
BTG,Batangafo Airport,巴坦加福機場
BTH,Hang Nadim Airport,韓那丁國際機場
BTI,Barter Island Airport,巴特島機場
BTJ,Sultan Iskandarmuda Airport,蘇丹伊斯坎達·穆達國際機場
BTK,Bratsk Airport,布拉茨克機場
BTL,Battle Creek Executive At Kellogg Field,凱洛格機場巴特爾克里克行政機場
BTM,Bert Mooney Airport,伯特·穆尼機場
BTN,Marlboro County Jetport/H E Avent Field,馬爾伯勒縣噴射機場／H·E·艾文特機場
BTO,Botopasi Airport,波託帕西機場
BTP,Pittsburgh/Butler Regional Airport,匹茲堡/巴特勒區域機場
BTQ,Butare Airport,布塔雷機場
BTR,"Baton Rouge Metro, Ryan Field",巴頓魯治都會機場
BTS,M. R. Stefanik Airport,布拉提斯拉瓦機場
BTT,Bettles Airport,貝特爾斯機場
BTU,Bintulu Airport,民都魯機場
BTV,Patrick Leahy Burlington International Airport,派屈克·萊希伯靈頓國際機場
BTW,Batu Licin Airport,貝爾蘇約機場
BTX,Betoota Airport,貝圖塔機場
BTY,Beatty Airport,貝蒂機場
BTZ,Bursa Airport,布林薩機場
BUA,Buka Airport,布卡機場
BUB,Cram Field,克拉姆機場
BUC,Burketown Airport,伯克敦機場
BUD,Budapest Ferenc Liszt International Airport,布達佩斯李斯特·費倫茨國際機場
BUF,Buffalo Niagara International Airport,布法羅尼亞加拉國際機場
BUG,Benguela Airport,本格拉機場
BUI,Bokondini Airport,博孔迪尼機場
BUJ,Bou Saada Airport,布薩達機場
BUL,Bulolo Airport,布洛洛機場
BUM,Butler Memorial Airport,巴特勒紀念機場
BUN,Gerardo Tobar Lopez Airport,赫拉多·託巴爾·洛佩斯機場
BUO,Burao Airport,布拉奧機場
BUP,Bhatinda Air Force Station,巴廷達空軍基地
BUQ,Joshua Mqabuko Nkomo International Airport,約書亞·姆加布科·恩科莫國際機場
BUR,Bob Hope Airport,好萊塢伯班克機場
BUS,Batumi International Airport,巴統國際機場
BUT,Bathbalathang Domestic Airport,巴特巴拉唐國內機場
BUW,Betoambari Airport,貝託阿姆巴利機場
BUX,Bunia Airport,布尼亞機場
BUY,Bunbury Airport,班伯裡機場
BUZ,Bushehr Airport,布什爾機場
BVA,Paris Beauvais Tille Airport,博韋-蒂耶機場
BVB,Atlas Brasil Cantanhede Airport,阿特拉斯·巴巴西爾·坎塔涅德機場
BVC,Rabil Airport,拉比爾機場
BVE,Brive Souillac Airport,布里夫-蘇伊拉克機場
BVG,Berlevåg Airport,貝爾勒沃格機場
BVH,Vilhena Airport,維爾埃納機場
BVI,Birdsville Airport,伯茲維爾機場
BVJ,Bovanenkovo,博瓦年科沃機場
BVK,Huacaraje Airport,瓦卡拉赫機場
BVL,Baures Airport,鮑雷斯機場
BVM,Belmonte Airport,貝爾蒙特機場
BVO,Bartlesville Municipal Airport,巴特斯維爾市立機場
BVR,Esperadinha Airport,埃斯佩拉迪尼亞機場
BVS,Breves Airport,布里韋斯機場
BVU,Beluga Airport,白鯨機場
BVV,Burevestnik Airport,佈列韋斯特尼克機場
BVX,Batesville Regional Airport,貝茨維爾區域機場
BVY,Beverly Regional Airport,貝弗利區域機場
BVZ,Beverley Springs Airport,貝弗利斯普林斯機場
BWA,Bhairahawa Airport,佛祖機場
BWB,Barrow Island Airport,巴羅島機場
BWC,Brawley Municipal Airport,布羅利市立機場
BWD,Brownwood Regional Airport,布朗伍德區域機場
BWE,Braunschweig Wolfsburg Airport,布倫瑞克-沃爾夫斯堡機場
BWF,Barrow Walney Island Airport,巴羅瓦爾尼島機場
BWG,Bowling Green-Warren County Regional Airport,鮑靈格林-沃倫縣區域機場
BWH,Butterworth Airport,馬來西亞皇家空軍北海基地
BWI,Baltimore/Washington International Thurgood Marshall Airport,巴爾的摩/華盛頓瑟古德·馬歇爾國際機場
BWK,Brac Airport,布拉奇機場
BWL,Blackwell-Tonkawa Municipal Airport,布萊克韋爾-託通卡瓦市立機場
BWN,Brunei International Airport,汶萊國際機場
BWO,Balakovo Airport,巴拉科沃機場
BWQ,Brewarrina Airport,佈雷瓦里納機場
BWT,Wynyard Airport,溫亞德機場
BWU,Sydney Bankstown Airport,班士廳機場
BWW,Las Brujas Airport,拉斯布魯哈斯機場
BXA,George R Carr Memorial Air Field,喬治·R·卡爾紀念機場
BXB,Babo Airport,巴博機場
BXD,Bade Airport,巴德機場
BXE,Bakel Airport,巴克爾機場
BXF,Pumululu National Park,普姆盧盧國家公園機場
BXG,Bendigo Airport,本迪戈機場
BXH,Balkhash Airport,巴爾喀什機場
BXI,Boundiali Airport,邦蒂亞利機場
BXJ,Boralday Airport,博拉爾代機場
BXK,Buckeye Municipal Airport,巴克艾市立機場
BXN,Imsik Airport,伊姆西克機場
BXO,Buochs Airport,布克斯機場
BXR,Bam Airport,巴姆機場
BXS,Borrego Valley Airport,博雷戈谷機場
BXT,Bontang Airport,邦唐機場
BXU,Bancasi Airport,武端機場
BXV,Breiðdalsvík Airport,佈雷茲達爾斯維克機場
BXY,Krainiy Airport,克拉伊尼機場
BYA,Boundary Airport,包德里機場
BYC,Yacuiba Airport,亞庫伊巴機場
BYD,Al-Bayda Airport,貝達機場
BYF,Albert-Bray Airport,阿爾貝-佈雷機場
BYG,Johnson County Airport,強森郡機場
BYH,Arkansas International Airport,阿肯色國際機場
BYI,Burley Municipal Airport,伯利市立機場
BYJ,Beja International Airport,貝雅國際機場
BYK,Bouake Airport,布瓦凱機場
BYM,Carlos Manuel de Cespedes Airport,卡洛斯·曼努埃爾·德·塞斯佩德斯機場
BYN,Bayankhongor Airport,巴彥洪戈爾機場
BYO,Bonito Airport,博尼託機場
BYP,Barimunya Airport,巴里穆尼亞機場
BYR,Laeso Airport,萊斯機場
BYS,Bicycle Lake Army Air Field,拜西克爾湖陸軍機場
BYT,Bantry Aerodrome,班特里飛行場
BYU,Bayreuth Airport,拜律特機場
BYW,Blakely Island Airport,布萊克利島機場
BZA,San Pedro Airport,聖佩德羅機場
BZC,Umberto Modiano Airport,翁貝託莫迪亞諾機場
BZD,Balranald Airport,巴爾拉納爾德機場
BZE,Philip S. W. Goldson International Airport,菲利普戈爾德森國際機場
BZF,Benton Field,本頓機場
BZG,Bydgoszcz Ignacy Jan Paderewski Airport,比得哥什伊格納奇·揚·帕德雷夫斯基機場
BZI,Balikesir Merkez Airport,巴勒克西爾梅爾凱茲機場
BZK,Bryansk Airport,布良斯克機場
BZL,Barisal Airport,巴里薩爾機場
BZN,Bozeman Yellowstone International Airport,博茲曼黃石國際機場
BZO,Bolzano Airport,博爾扎諾機場
BZP,Bizant Airport,比贊特機場
BZR,Beziers-Vias Airport,貝濟耶機場
BZT,Eagle Air Park,老鷹航空公園
BZU,Buta Zega Airport,布塔澤加機場
BZV,Maya-Maya Airport,馬亞-馬亞國際機場
BZX,Bazhong Enyang Airport,巴中恩陽機場
BZY,Balţi International Airport,伯爾齊國際機場
BZZ,RAF Brize Norton,布萊茲諾頓皇家空軍基地
CAA,Catacamas Airport,卡塔卡馬斯機場
CAB,Cabinda Airport,卡賓達機場
CAC,Cascavel Airport,卡斯卡韋爾機場
CAD,Wexford County Airport,韋克斯福德郡機場
CAE,Columbia Metro Airport,哥倫比亞都會機場
CAF,Carauari Airport,卡勞阿里機場
CAG,Cagliari / Elmas Airport,卡利亞裡-埃爾馬斯機場
CAH,Ca Mau Airport,金甌機場
CAI,Cairo International Airport,開羅國際機場
CAJ,Canaima Airport,卡奈馬機場
CAK,Akron-Canton Regional Airport,阿克倫-坎頓區域機場
CAL,Campbeltown Airport,坎貝爾敦機場
CAM,Camiri Airport,卡米里機場
CAN,Guangzhou Baiyun International Airport,廣州白雲國際機場
CAO,Clayton Municipal Airpark,克萊頓市立飛行公園
CAP,Cap Haitien International Airport,海地角國際機場
CAQ,Juan H White Airport,胡安·H·懷特機場
CAR,Caribou Municipal Airport,卡里布市立機場
CAT,Cascais Airport,卡斯卡伊斯機場
CAU,Caruaru Airport,卡魯阿魯機場
CAV,Cazombo Airport,卡索姆博機場
CAW,Bartolomeu Lisandro Airport,巴託洛梅烏利桑德羅機場
CAX,Carlisle Airport,卡萊爾機場
CAY,Cayenne-Rochambeau Airport,卡宴費利克斯·埃布埃國際機場
CAZ,Cobar Airport,科巴機場
CBB,Jorge Wilsterman International Airport,豪爾赫威斯特曼國際機場
CBD,Car Nicobar Air Force Station,卡尼科巴空軍基地
CBE,Greater Cumberland Regional Airport,大坎伯蘭區域機場
CBF,Council Bluffs Municipal Airport,康瑟爾布拉夫斯市立機場
CBG,Cambridge Airport,劍橋機場
CBH,Bechar Boudghene Ben Ali Lotfi Airport,貝沙爾佈德根本阿里洛特菲機場
CBI,Cape Barren Island Airport,巴倫角島機場
CBJ,Cabo Rojo Airport,卡博羅霍機場
CBK,Shalz Field,沙爾茨機場
CBL,Ciudad Bolivar Airport,玻利瓦爾城機場
CBM,Columbus Afb Airport,哥倫布空軍基地
CBN,Penggung Airport,彭貢機場
CBO,Awang Airport,阿旺機場
CBQ,Margaret Ekpo International Airport,瑪格麗特埃克波國際機場
CBR,Canberra International Airport,坎培拉機場
CBS,Oro Negro Airport,奧羅內格羅機場
CBT,Catumbela Airport,卡圖姆貝拉機場
CBU,Cottbus-Drewitz Airport,科特布斯德雷維茨機場
CBV,Coban Airport,科班機場
CBW,Campo Mourao Airport,莫朗營機場
CBX,Condobolin Airport,康多博林機場
CBY,Canobie Airport,卡諾比機場
CCB,Cable Airport,凱布林機場
CCC,Jardines Del Rey Airport,雷伊花園機場
CCE,Capital International Airport,首都國際機場 (埃及)
CCF,Carcassonne Airport,卡爾卡松機場
CCG,Crane County Airport,克蘭郡機場
CCH,Chile Chico Airport,智利奇科機場
CCI,Concordia Airport,康科迪亞機場
CCJ,Calicut International Airport,科澤科德國際機場
CCK,Cocos (Keeling) Islands Airport,科科斯（基林）群島機場
CCL,Chinchilla Airport,金奇拉機場
CCM,Forquilhinha - Criciuma Airport,福爾基利尼亞-克里西烏馬機場
CCN,Chakcharan Airport,查赫恰蘭機場
CCO,Carimagua Airport,卡里馬瓜機場
CCP,Carriel Sur Airport,卡里埃爾蘇爾機場
CCR,Buchanan Field,布坎南機場
CCS,Maiquetia (Simon Bolivar Internacional) Airport,邁克蒂亞西蒙·玻利瓦爾國際機場
CCT,Colonia Catriel Airport,卡特列爾殖民地機場
CCU,Netaji Subhash Chandra Bose International Airport,內塔吉·蘇巴斯·錢德拉·鮑斯國際機場
CCV,Craig Cove Airport,克雷格灣機場
CCW,Cowell Airport,考埃爾機場
CCX,Caceres Airport,卡塞雷斯機場
CCY,Northeast Iowa Regional Airport,東北愛荷華區域機場
CCZ,Chub Cay Airport,楚布礁機場
CDA,Cooinda Airport,庫因達機場
CDB,Cold Bay Airport,科爾德灣機場
CDC,Cedar City Regional Airport,錫達城區域機場
CDD,Cauquira Airport,考基拉機場
CDE,Chengde Puning Airport,承德普寧機場
CDG,Charles de Gaulle International Airport,巴黎夏爾·戴高樂機場
CDH,Harrell Field,哈雷爾機場
CDI,Cachoeiro do Itapemirim Airport,伊塔佩米林河畔卡舒埃魯機場
CDJ,Conceicao do Araguaia Airport,阿拉瓜亞堡機場
CDK,George T Lewis Airport,喬治T劉易斯機場
CDL,Candle 2 Airport,坎德爾2號機場
CDN,Woodward Field,伍德沃德機場
CDO,Cradock Airport,克拉多克機場
CDP,Cuddapah Airport,庫達帕機場
CDQ,Croydon Airport,克羅伊登機場
CDR,Chadron Municipal Airport,查德ron市立機場
CDS,Childress Municipal Airport,奇爾德雷斯市立機場
CDT,Castellón Airport,卡斯特利翁-橙花海岸機場
CDU,Camden Airport,卡姆登機場
CDV,Merle K (Mudhole) Smith Airport,梅爾·K·史密斯機場
CDW,Essex County Airport,埃塞克斯郡機場
CDY,Cagayan de Sulu Airport,卡加延德蘇魯機場
CEA,Cessna Acft Field,賽斯納飛機機場
CEB,Mactan Cebu International Airport,麥克坦-宿霧國際機場
CEC,Jack Mc Namara Field,傑克麥克納馬拉機場
CED,Ceduna Airport,塞杜納機場
CEE,Cherepovets Airport,切列波韋茨機場
CEF,Westover Arb/Metro Airport,韋斯特弗後備軍人航空站/大都會機場
CEG,Hawarden Airport,哈沃登機場
CEH,Chelinda Malawi Airport,切林達馬拉威機場
CEI,Chiang Rai International Airport,清萊國際機場
CEK,Chelyabinsk Balandino Airport,車裡雅賓斯克機場
CEL,Canela Airport,卡內拉機場
CEM,Central Airport,中央機場
CEN,Ciudad Obregon International Airport,奧夫雷貢城國際機場
CEO,Waco Kungo Airport,瓦科孔戈機場
CEP,Concepcion Airport,康 Concepción 機場
CEQ,Cannes-Mandelieu Airport,戛納-芒德略機場
CER,Cherbourg-Maupertus Airport,瑟堡機場
CES,Cessnock Airport,塞斯諾克機場
CET,Cholet Le Pontreau Airport,紹萊勒蓬特羅機場
CEU,Oconee County Regional Airport,奧科尼郡區域機場
CEV,Mettel Field,梅特爾機場
CEW,Bob Sikes Airport,鮑勃塞克斯機場
CEX,Chena Hot Springs Airport,切納溫泉機場
CEY,Kyle-Oakley Field,凱爾-奧克利機場
CEZ,Cortez Municipal Airport,科爾特斯市立機場
CFB,Cabo Frio Airport,卡博弗裡奧機場
CFC,Caçador Airport,卡薩多機場
CFD,Coulter Field,庫爾特機場
CFE,Clermont-Ferrand Auvergne Airport,克萊蒙費朗機場
CFF,Cafunfo Airport,卡豐福機場
CFG,Jaime Gonzalez Airport,海梅岡薩雷斯機場
CFH,Clifton Hills Landing Strip,克利夫頓希爾斯簡易機場
CFI,Camfield Airport,坎菲爾德機場
CFK,Chlef Aboubakr Belkaid Airport,謝利夫阿布貝克爾貝爾凱德機場
CFN,Donegal Airport,多尼戈爾機場
CFO,Confresa Airport,孔弗雷薩機場
CFQ,Art Sutcliffe Field,阿特薩特克利夫機場
CFR,Caen-Carpiquet Airport,卡昂-卡爾皮凱機場
CFS,Coffs Harbour Airport,科夫斯港機場
CFT,Greenlee County Airport,格林利郡機場
CFU,Ioannis Kapodistrias International Airport,科孚島愛奧尼斯·卡波季斯第亞斯國際機場
CFV,Coffeyville Municipal Airport,科菲維爾市立機場
CGA,Craig Seaplane Base,克雷格水上飛機基地
CGB,Marechal Rondon Airport,馬雷沙爾龍東機場
CGC,Cape Gloucester Airport,格洛斯特角機場
CGD,Changde Airport,常德桃花源機場
CGE,Cambridge-Dorchester Regional Airport,劍橋-多切斯特區域機場
CGF,Cuyahoga County Airport,凱霍加郡機場
CGH,Congonhas Airport,聖保羅/孔戈尼亞斯機場
CGI,Cape Girardeau Regional Airport,吉拉多角區域機場
CGJ,Kasompe Airport,卡索姆佩機場
CGK,Soekarno-Hatta International Airport,蘇加諾-哈達國際機場
CGL,Chagual Airport,查瓜爾機場
CGM,Camiguin Airport,卡米吉因機場
CGN,Cologne Bonn Airport,科隆/波恩機場
CGO,Xinzheng Airport,鄭州新鄭國際機場
CGP,Shah Amanat International Airport,沙赫阿馬納國際機場
CGQ,Longjia Airport,長春龍嘉國際機場
CGR,Campo Grande Airport,大坎普機場
CGS,College Park Airport,大學公園機場
CGV,Caiguna Airport,凱古納機場
CGY,Laguindingan Intl,拉古丁甘國際機場
CGZ,Casa Grande Municipal Airport,卡薩格蘭德市立機場
CHA,Lovell Field,洛ovel機場
CHB,Chilas Airport,奇拉斯機場
CHC,Christchurch International Airport,基督城機場
CHF,Jinhae Airport,鎮海機場
CHG,Chaoyang Airport,朝陽機場
CHH,Chachapoyas Airport,查查波亞斯機場
CHJ,Chipinge Airport,奇平格機場
CHK,Chickasha Municipal Airport,契卡沙市立機場
CHL,Challis Airport,查利斯機場
CHM,Teniente FAP Jaime A De Montreuil Morales Airport,海梅·A·德·蒙特勒伊·莫拉萊斯空軍中尉機場
CHO,Charlottesville-Albemarle Airport,夏洛茨維爾-阿爾伯馬爾機場
CHP,Circle Hot Springs Airport,瑟克爾溫泉機場
CHQ,Chania International Airport,哈尼亞揚尼斯·達斯卡洛伊安尼斯國際機場
CHR,Chateauroux-Deols Marcel Dassault Airport,沙託魯機場
CHS,Charleston Afb/International Airport,查爾斯頓空軍基地/國際機場
CHT,Chatham Islands-Tuuta Airport,查塔姆群島機場
CHU,Chuathbaluk Airport,丘斯巴魯克機場
CHX,Cap Manuel Nino International Airport,曼努埃爾尼尼奧上尉國際機場
CHY,Choiseul Bay Airport,舒瓦瑟爾灣機場
CHZ,Chiloquin State Airport,奇洛金州立機場
CIA,Ciampino Airport,羅馬-錢皮諾機場
CIC,Chico Regional Airport,奇科區域機場
CID,The Eastern Iowa Airport,東愛荷華機場
CIE,Collie Airport,科利機場
CIF,Chifeng Airport,赤峰玉龍機場
CIG,Craig-Moffat Airport,克雷格-莫法特機場
CIH,Changzhi Airport,長治王村機場
CII,Cildir Airport,奇爾迪爾機場
CIJ,Capitan Anibal Arab Airport,阿尼巴爾阿拉布機長機場
CIK,Chalkyitsik Airport,查爾基齊克機場
CIL,Council Airport,康瑟爾機場
CIM,Cimitarra Airport,西米塔拉機場
CIN,Arthur N Neu Airport,亞瑟·N·紐機場
CIO,Teniente Col Carmelo Peralta Airport,卡梅洛佩拉爾塔中校機場
CIP,Chipata Airport,奇帕塔機場
CIQ,Chiquimula Airport,奇基穆拉機場
CIR,Cairo Regional Airport,開羅區域機場
CIS,Canton Airport,坎頓機場
CIT,Shymkent Airport,奇姆肯特國際機場
CIU,Chippewa County International Airport,契皮瓦郡國際機場
CIW,Canouan Airport,卡努安機場
CIX,Capitan FAP Jose A Quinones Gonzales International Airport,何塞·A·基尼奧斯·岡薩雷斯空軍上尉國際機場
CIY,Comiso Airport Vincenzo Magliocco,科米索文森佐馬利奧科機場
CIZ,Coari Airport,科阿里機場
CJA,Mayor General FAP Armando Revoredo Iglesias Airport,阿曼多雷沃雷多伊格萊西亞斯空軍少將機場
CJB,Coimbatore International Airport,哥印拜陀國際機場
CJC,El Loa Airport,埃爾洛阿機場
CJF,Coondewanna Airport,庫恩德萬納機場
CJJ,Cheongju International Airport,清州國際機場
CJL,Chitral Airport,奇特拉爾機場
CJM,Chumphon Airport,春蓬機場
CJS,Abraham Gonzalez International Airport,亞伯拉罕岡薩雷斯國際機場
CJT,Comitan Airport,科米坦機場
CJU,Jeju International Airport,濟州國際機場
CKA,Kegelman Af Aux Field,凱格爾曼空軍輔助機場
CKB,North Central West Virginia Airport,中北西維吉尼亞機場
CKC,Cherkasy International Airport,切爾卡瑟國際機場
CKD,Crooked Creek Airport,克魯克德克里克機場
CKE,Lampson Field,蘭普森機場
CKG,Chongqing Jiangbei International Airport,重慶江北國際機場
CKH,Chokurdakh Airport,丘庫爾達赫機場
CKI,Croker Island Airport,克羅克島機場
CKK,Sharp County Regional Airport,夏普郡區域機場
CKL,Chkalovskiy Airport,契卡洛夫斯基空軍基地
CKM,Fletcher Field,弗萊徹機場
CKN,Crookston Municipal/Kirkwood Field,克魯克斯頓市立／柯克伍德機場
CKO,Cornelio Procopio Airport,科內利奧普羅科皮奧機場
CKS,Carajas Airport,卡拉哈斯機場
CKT,Sarakhs Airport,薩拉克斯機場
CKU,Cordova Municipal Airport,科爾多瓦市立機場
CKV,Outlaw Field,奧特洛機場
CKW,Graeme Rowley Aerodrome,格雷姆羅利機場
CKX,Chicken Airport,奇肯機場
CKY,Conakry Airport,科納克里國際機場
CKZ,Canakkale Airport,恰納卡萊機場
CLD,Mc Clellan-Palomar Airport,麥克萊倫帕洛馬爾機場
CLE,Cleveland-Hopkins International Airport,克里夫蘭霍普金斯國際機場
CLG,New Coalinga Municipal Airport,新科靈加市立機場
CLH,Coolah Airport,庫拉機場
CLI,Clintonville Municipal Airport,克林頓維爾市立機場
CLJ,Cluj-Napoca International Airport,克盧日國際機場
CLK,Clinton Regional Airport,克林頓區域機場
CLL,Easterwood Field,伊斯特伍德機場
CLM,William R Fairchild International Airport,威廉·R·費爾柴爾德國際機場
CLN,Brig. Lysias Augusto Rodrigues Airport,準將利西亞斯奧古斯托羅德里格斯機場
CLO,Alfonso Bonilla Aragon International Airport,阿方索博尼利亞阿拉貢國際機場
CLP,Clarks Point Airport,克拉克角機場
CLQ,Lic. Miguel de la Madrid Airport,米格爾德拉馬德里機場
CLR,Cliff Hatfield Memorial Airport,克利夫哈特菲爾德紀念機場
CLS,Chehalis-Centralia Airport,奇黑利斯森特勒利亞機場
CLT,Charlotte/Douglas International Airport,夏洛特道格拉斯國際機場
CLU,Columbus Municipal Airport,哥倫布市立機場
CLV,Caldas Novas Airport,卡爾達斯諾瓦斯機場
CLW,Clearwater Executive Airport,清水行政機場
CLX,Clorinda Airport,克洛琳達機場
CLY,Calvi-Sainte-Catherine Airport,卡爾維機場
CLZ,Calabozo Airport,卡拉博索機場
CMA,Cunnamulla Airport,庫納穆拉機場
CMB,Bandaranaike International Apt Colombo Airport,班達拉奈克國際機場
CMC,Camocim Airport,卡莫辛機場
CMD,Cootamundra Airport,庫塔蒙德拉機場
CME,Ciudad del Carmen International Airport,卡門城國際機場
CMF,Chambery-Savoie Airport,尚貝裡機場
CMG,Corumba International Airport,科倫巴國際機場
CMH,John Glenn Columbus International Airport,約翰·格倫哥倫布國際機場
CMI,University Of Illinois/Willard Airport,伊利諾伊大學威拉德機場
CMJ,Qimei Airport,七美機場
CMK,Club Makokola Airport,馬科科拉俱樂部機場
CML,Camooweal Airport,卡穆韋爾機場
CMM,Carmelita Airport,卡爾梅利塔機場
CMN,Mohammed V International Airport,穆罕默德五世國際機場
CMO,Obbia Airport,奧比亞機場
CMP,Santana do Araguaia Airport,阿瓜亞納聖安娜機場
CMQ,Clermont Airport,克萊蒙特機場
CMR,Colmar-Houssen Airport,科爾馬-烏桑機場
CMS,Scusciuban Airport,斯庫舒班機場
CMU,Chimbu Airport,欽布機場
CMV,Coromandel Aerodrome,科羅曼德機場
CMW,Ignacio Agramonte International Airport,伊格納西奧阿格拉蒙特國際機場
CMX,Houghton County Memorial Airport,霍頓郡紀念機場
CMY,Sparta/Fort Mc Coy Airport,斯巴達／麥考伊堡機場
CNA,Cananea Airport,卡納內阿機場
CNB,Coonamble Airport,庫納姆布林機場
CNC,Coconut Island Airport,椰子島機場
CND,Mihail Kogalniceanu International Airport,米哈伊爾·科加爾尼恰努國際機場
CNE,Fremont County Airport,弗裡蒙特縣機場
CNF,Tancredo Neves International Airport,貝洛奧裡藏特-孔芬斯國際機場
CNG,Cognac-Chateaubernard (BA 709) Air Base,干邑-夏託貝爾納（BA 709）空軍基地
CNH,Claremont Municipal Airport,克萊蒙特市立機場
CNI,Changhai Airport,長海大長山島機場
CNJ,Cloncurry Airport,克朗卡里機場
CNK,Blosser Municipal Airport,布洛瑟市立機場
CNL,Sindal Airport,辛代爾機場
CNM,Cavern City Air Trml Airport,卡弗恩城航空總站機場
CNN,Kannur International Airport,坎努爾國際機場
CNO,Chino Airport,奇諾機場
CNP,Neerlerit Inaat Airport,內爾雷利特伊納特機場
CNQ,Corrientes Airport,科連特斯機場
CNR,Chanaral Airport,柴納拉爾機場
CNS,Cairns International Airport,凱恩斯機場
CNU,Chanute Martin Johnson Airport,帕森斯市機場
CNV,Canavieiras Airport,卡納維埃拉斯機場
CNW,Tstc Waco Airport,德州州立技術學院韋科機場
CNX,Chiang Mai International Airport,清邁國際機場
CNY,Canyonlands Regional Airport,峽谷地區域機場
COA,Columbia Airport,哥倫比亞機場
COC,Comodoro Pierrestegui Airport,科莫多羅皮埃雷斯特吉機場
COD,Yellowstone Regional Airport,黃石區域機場
COE,Coeur D'Alene/Pappy Boyington Field,科達倫／帕比·博因頓機場
COF,Patrick Space Force Base Airport,帕特里克太空軍基地
COG,Mandinga Airport,曼丁加機場
COH,Cooch Behar Airport,庫奇比哈爾機場
COI,Merritt Island Airport,梅里特島機場
COJ,Coonabarabran Airport,庫納巴拉班機場
COK,Cochin International Airport,科欽國際機場
COL,Coll Airport,科爾機場
COM,Coleman Municipal Airport,科爾曼市立機場
CON,Concord Municipal Airport,康科德市立機場
COO,Cadjehoun Airport,柯多努國際機場
COP,Cooperstown-Westville Airport,庫珀斯敦-韋斯特維爾機場
COQ,Choibalsan Airport,喬巴山機場
COR,Ingeniero Ambrosio Taravella Airport,安布羅西奧·塔拉韋拉工程師國際機場
COS,City Of Colorado Springs Municipal Airport,科羅拉多泉機場
COT,Cotulla-La Salle County Airport,科圖拉-拉薩爾縣機場
COU,Columbia Regional Airport,哥倫比亞區域機場
COV,Çukurova International Airport,庫庫羅瓦國際機場
COW,Tambillos Airport,坦比略斯機場
COX,Congo Town Airport,剛果鎮機場
COY,Coolawanyah Airport,庫拉瓦尼亞機場
COZ,Constanza Dom Re Airport,康斯坦薩機場
CPB,Capurgana Airport,卡普爾迦納機場
CPC,Aviador C. Campos Airport,飛行員 C.坎波斯機場
CPD,Coober Pedy Airport,庫伯佩迪機場
CPE,Ingeniero Alberto Acuna Ongay International Airport,阿爾韋託·阿庫尼亞·翁蓋工程師國際機場
CPF,Cepu Airport,切普機場
CPH,Copenhagen Kastrup Airport,哥本哈根凱斯楚普機場
CPL,Chaparral Airport,查帕拉爾機場
CPM,Compton/Woodley Airport,康普頓/伍德利機場
CPO,Desierto de Atacama Airport,阿塔卡馬沙漠機場
CPP,Coposa Airport,科波薩機場
CPQ,Amarais Airport,阿馬賴斯機場
CPR,Casper/Natrona County International Airport,卡斯珀/納特羅納縣國際機場
CPS,St Louis Downtown Airport,聖路易斯市中心機場
CPT,Cape Town International Airport,開普敦國際機場
CPU,Cururupu Airport,庫魯魯普機場
CPV,Presidente Joao Suassuna Airport,若昂蘇亞蘇納總統機場
CPX,Benjamin Rivera Noriega Airport,班傑明李維拉諾里加機場
CQA,Canarana Airport,卡納拉納機場
CQD,Shahrekord Airport,沙赫庫爾德機場
CQF,Calais-Dunkerque Airport,加來-敦刻爾克機場
CQM,Ciudad Real International Airport,雷阿爾城國際機場
CQS,Costa Marques Airport,科斯塔馬克斯機場
CQW,Wulong Chongqing Xiannvshan Airport,重慶仙女山機場
CRA,Craiova Airport,克拉約瓦機場
CRB,Collarenebri Airport,科拉勒內布里機場
CRC,Santa Ana Airport,聖安娜機場
CRD,General E. Mosconi Airport,埃莫斯科尼將軍機場
CRE,Grand Strand Airport,大斯特蘭德機場
CRF,Carnot Airport,卡諾機場
CRG,Jacksonville Executive At Craig Airport,傑克遜維爾行政克雷格機場
CRI,Colonel Hill Airport,科洛內爾希爾機場
CRK,Diosdado Macapagal International Airport,克拉克空軍基地
CRL,Brussels South Charleroi Airport,布魯塞爾南部-沙勒羅瓦機場
CRM,Catarman National Airport,卡塔曼國家機場
CRP,Corpus Christi International Airport,科珀斯克里斯蒂國際機場
CRQ,Caravelas Airport,卡拉韋拉斯機場
CRR,Ceres Airport,塞雷斯機場
CRS,C David Campbell Field-Corsicana Municipal Airport,C·大衛·坎貝爾機場 - 科西卡納市立機場
CRT,Z M Jack Stell Field,傑克史黛爾場
CRU,Lauriston Airport,勞里斯頓機場
CRV,Crotone Airport,克羅託內機場
CRW,West Virginia International Yeager Airport,西維吉尼亞國際耶格爾機場
CRX,Roscoe Turner Airport,羅斯科特納機場
CRZ,Turkmenabat International Airport,土庫曼納巴德國際機場
CSA,Colonsay Airstrip,科朗賽簡易機場
CSB,Caransebes Airport,卡蘭塞貝什機場
CSC,Mojica Airport,莫希卡機場
CSE,Crested Butte Airpark,克雷斯特德位元航空公園
CSF,Creil Air Base,克雷伊空軍基地
CSG,Columbus Airport,哥倫布機場
CSH,Solovki Airport,索洛夫基機場
CSI,Casino Airport,卡西諾機場
CSK,Cap Skirring Airport,卡普斯基林機場
CSM,Clinton/Sherman Airport,柯林頓/謝爾曼機場
CSN,Carson City Airport,卡森城機場
CSO,Cochstedt Airport,科赫斯特德機場
CSQ,Creston Municipal Airport,克雷斯頓市立機場
CSS,Cassilandia Airport,卡西蘭迪亞機場
CSU,Santa Cruz do Sul Airport,南聖克魯斯機場
CSV,Crossville Memorial-Whitson Field,克羅斯維爾紀念惠特森機場
CSW,Cabo San Lucas International Airport,卡沃聖盧卡斯國際機場
CSX,Changsha Huanghua Airport,長沙黃花國際機場
CSY,Cheboksary Airport,切博克薩雷機場
CSZ,Brigadier D.H.E. Ruiz Airport,準將 D.H.E. 路易斯機場
CTA,Catania / Fontanarossa Airport,卡塔尼亞-豐塔納羅沙機場
CTB,Cut Bank International Airport,卡特班克國際機場
CTC,Catamarca Airport,卡塔馬卡機場
CTD,Alonso Valderrama Airport,阿方索瓦爾德拉馬機場
CTF,Coatepeque Airport,科阿特佩克機場
CTG,Rafael Nunez International Airport,拉斐爾·努涅斯國際機場
CTH,Chester County G O Carlson Airport,切斯特郡G·O·卡爾森機場
CTI,Cuito Cuanavale Airport,奎託誇納瓦萊機場
CTK,Ingersoll Airport,英格索爾機場
CTL,Charleville Airport,查爾斯維爾機場
CTM,Chetumal International Airport,切圖馬爾國際機場
CTN,Cooktown Airport,庫克敦機場
CTO,Calverton Executive Airpark,卡爾弗頓行政航空公園
CTP,Carutapera Airport,卡魯塔佩拉機場
CTQ,Santa Vitoria do Palmar Airport,帕爾馬斯聖維托里亞機場
CTS,New Chitose Airport,新千歲機場
CTT,Le Castellet Airport,勒卡斯泰萊機場
CTU,Chengdu Shuangliu International Airport,成都雙流國際機場
CTW,Cottonwood Airport,卡頓伍德機場
CTX,Cortland County/Chase Field,科特蘭郡蔡斯機場
CTY,Cross City Airport,克羅斯城機場
CTZ,Clinton-Sampson County Airport,克林頓桑普森郡機場
CUA,Ciudad Constitucion Airport,孔斯蒂圖西翁城機場
CUB,Jim Hamilton L B Owens Airport,吉姆·漢密爾頓 L·B·歐文斯機場
CUC,Camilo Daza International Airport,卡米洛多薩國際機場
CUD,Caloundra Airport,卡隆德拉機場
CUE,Mariscal Lamar Airport,馬里斯卡爾拉馬爾機場
CUF,Cuneo / Levaldigi Airport,庫內奧/萊瓦爾迪吉機場
CUG,Cudal Airport,庫達爾機場
CUH,Cushing Municipal Airport,庫欣市機場
CUK,Caye Caulker Airport,庫克海島機場
CUL,Federal de Bachigualato International Airport,巴奇瓜拉託聯邦國際機場
CUM,Cumana (Antonio Jose de Sucre) Airport,庫馬納（安東尼奧·何塞·德蘇克雷）機場
CUN,Cancun International Airport,坎昆國際機場
CUO,Caruru Airport,卡魯魯機場
CUP,General Francisco Bermudez Airport,將軍弗朗西斯科貝穆德斯機場
CUQ,Coen Airport,科恩機場
CUR,Hato International Airport,庫拉索國際機場
CUT,Cutral-Co Airport,庫特拉科機場
CUU,General Roberto Fierro Villalobos International Airport,羅貝託·菲耶羅·比亞洛博斯將軍國際機場
CUV,Casigua El Cubo Airport,卡西瓜埃爾庫博機場
CUY,Cue Airport,邱機場
CUZ,Alejandro Velasco Astete International Airport,亞歷杭德羅·韋拉斯科·阿斯特特國際機場
CVC,Cleve Airport,克利夫機場
CVE,Covenas Airport,科韋納斯機場
CVF,Courchevel Airport,庫爾舍韋勒機場
CVG,Cincinnati/Northern Kentucky International Airport,辛辛那堤/北肯塔基國際機場
CVH,Caviahue Airport,卡維亞韋機場
CVJ,General Mariano Matamoros Airport,馬裡亞諾·馬塔莫羅斯將軍機場
CVM,General Pedro Jose Mendez International Airport,佩德羅·何塞·門德斯將軍國際機場
CVN,Clovis Regional Airport,克洛維斯區域機場
CVO,Corvallis Municipal Airport,科瓦利斯市立機場
CVQ,Carnarvon Airport,卡納芬機場
CVS,Cannon Afb Airport,坎農空軍基地
CVT,Coventry Airport,考文垂機場
CVU,Corvo Airport,科爾武機場
CWA,Central Wisconsin Airport,中威斯康星機場
CWB,Afonso Pena Airport,阿豐索佩納機場
CWC,Chernivtsi International Airport,切爾諾夫策國際機場
CWF,Chennault International Airport,切諾特國際機場
CWI,Clinton Municipal Airport,克林頓市立機場
CWK,Chitrakoot Airport,奇特拉庫特機場
CWL,Cardiff International Airport,加迪夫國際機場
CWR,Cowarie Airport,科瓦里機場
CWS,Center Island Airport,中心島機場
CWT,Cowra Airport,考拉機場
CWW,Corowa Airport,科羅瓦機場
CWX,Cochise County Airport,科奇斯郡機場
CXA,Caicara del Orinoco Airport,奧裡諾科河畔凱卡拉機場
CXB,Cox's Bazar Airport,科克斯巴扎爾機場
CXC,Chitina Airport,奇蒂納機場
CXF,Coldfoot Airport,科爾德福特機場
CXH,Vancouver Harbour Airport,溫哥華港水上機場
CXI,Cassidy International Airport,卡西迪國際機場
CXJ,Campo dos Bugres Airport,布格雷斯營機場
CXL,Calexico International Airport,卡萊克西科國際機場
CXN,Candala Airport,坎達拉機場
CXO,Conroe/North Houston Regional Airport,康羅/北休士頓區域機場
CXP,Tunggul Wulung Airport,東古裕龍機場
CXQ,Christmas Creek Station Airport,聖誕溪牧場機場
CXR,Cam Ranh Airport,金蘭國際機場
CXT,Charters Towers Airport,查特斯特爾斯機場
CXY,Cat Cay Airport,卡特島機場
CYA,Les Cayes Airport,萊凱施機場
CYB,Gerrard Smith International Airport,傑拉德史密斯國際機場
CYF,Chefornak Airport,切福納克機場
CYG,Corryong Airport,科裡揚機場
CYI,Chiayi Airport,嘉義機場
CYL,Coyoles Airport,科約萊斯機場
CYO,Vilo Acuna International Airport,比洛阿庫尼亞國際機場
CYP,Calbayog Airport,卡爾巴約格機場
CYR,Laguna de Los Patos International Airport,帕託斯湖國際機場
CYS,Cheyenne Regional/Jerry Olson Field,夏安區域/傑瑞歐爾森機場
CYT,Yakataga Airport,亞卡塔加機場
CYU,Cuyo Airport,庫約機場
CYW,Captain Rogelio Castillo National Airport,羅赫利奧卡斯蒂略上尉國家機場
CYX,Cherskiy Airport,切爾斯基機場
CYZ,Cauayan Airport,考阿揚機場
CZA,Chichen Itza International Airport,奇琴伊察國際機場
CZC,Copper Center 2 Airport,銅中心2號機場
CZE,Jose Leonardo Chirinos Airport,荷西雷昂納多奇裡諾斯機場
CZF,Cape Romanzof Lrrs Airport,羅曼佐夫角遠端雷達站機場
CZK,Cascade Locks State Airport,卡斯卡德洛克斯州立機場
CZL,Mohamed Boudiaf International Airport,穆罕默德·布迪亞夫國際機場
CZM,Cozumel International Airport,科蘇梅爾國際機場
CZN,Chisana Airport,奇薩納機場
CZO,Chistochina Airport,奇斯托奇納機場
CZS,Cruzeiro do Sul Airport,南克魯塞羅機場
CZT,Dimmit County Airport,迪米特郡機場
CZX,Changzhou Airport,常州奔牛國際機場
CZY,Cluny Airport,克盧尼機場
DAA,Davison Army Air Field,戴維森陸軍機場
DAB,Daytona Beach International Airport,德代託納比奇國際機場
DAC,Dhaka / Hazrat Shahjalal International Airport,沙阿賈拉勒國際機場
DAD,Da Nang International Airport,峴港國際機場
DAG,Barstow-Daggett Airport,巴斯托-達蓋特機場
DAK,Dakhla Airport,達赫拉機場
DAL,Dallas Love Field,達拉斯愛田機場
DAM,Damascus International Airport,大馬士革國際機場
DAN,Danville Regional Airport,丹維爾區域機場
DAO,Dahamo Airstrip,達哈莫簡易機場
DAR,Mwalimu Julius K. Nyerere International Airport,朱利葉斯·尼雷爾國際機場
DAS,Great Bear Lake Airport,大熊湖機場
DAT,Datong Airport,大同雲岡國際機場
DAU,Daru Airport,達魯機場
DAV,Enrique Malek International Airport,恩裡克馬勒克國際機場
DAY,James M Cox Dayton International Airport,詹姆斯·M·考克斯代頓國際機場
DAZ,Darwaz Airport,達瓦茲機場
DBA,Dalbandin Airport,達爾本丁機場
DBB,El Alamein International Airport,阿拉曼國際機場
DBD,Dhanbad Airport,丹巴德機場
DBM,Debra Marcos Airport,德布拉馬科斯機場
DBN,W H 'Bud' Barron Airport,W·H·「巴德」巴倫機場
DBO,Dubbo City Regional Airport,達博市區域機場
DBP,Debepare Airport,德貝帕雷機場
DBQ,Dubuque Regional Airport,迪比克區域機場
DBR,Darbhanga Airport,達爾班加機場
DBS,Dubois Municipal Airport,杜波依斯市立機場
DBT,Debre Tabor Airport,德佈雷塔博爾機場
DBV,Dubrovnik Airport,杜布羅夫尼克機場
DBY,Dalby Airport,達爾比機場
DCA,Ronald Reagan Washington Ntl Airport,羅納德·里根華盛頓國家機場
DCF,Canefield Airport,坎菲爾德機場
DCI,Decimomannu Airport,德奇莫曼努機場
DCK,Dahl Creek Airport,達爾克里克機場
DCM,Castres-Mazamet Airport,卡斯特爾-馬紮梅機場
DCN,RAAF Base Curtin,科廷皇家澳洲空軍基地
DCT,Duncan Town Airport,鄧肯鎮機場
DCU,Pryor Field Regional Airport,普賴爾菲爾德區域機場
DCY,Daocheng Yading Airport,稻城亞丁機場
DDC,Dodge City Regional Airport,道奇城區域機場
DDD,Kudahuvadhoo Dhaalu Airport,庫達胡瓦杜達盧機場
DDG,Dandong Airport,丹東浪頭機場
DDN,Delta Downs Airport,三角洲唐斯機場
DDR,Rikaze Dingri Airport,日喀則定日機場
DDU,Dadu Airport,達杜機場
DEA,Dera Ghazi Khan Airport,德拉加齊汗機場
DEB,Debrecen International Airport,德布勒森國際機場
DEC,Decatur Airport,迪凱特機場
DED,Dehradun Airport,德拉敦機場
DEE,Mendeleyevo Airport,門捷列夫機場
DEF,Dezful Airport,迪茲富勒機場
DEH,Decorah Municipal Airport,迪科拉市立機場
DEI,Denis Island Airport,丹尼斯島機場
DEJ,Tongren Deijan Airport,銅仁德江機場
DEL,Indira Gandhi International Airport,英迪拉·甘地國際機場
DEM,Dembidollo Airport,登比多洛機場
DEN,Denver International Airport,丹佛國際機場
DEP,Daporijo Airport,達波里霍機場
DEQ,Deqing Moganshan Airport,德清莫干山機場
DER,Derim Airport,德里姆機場
DES,Desroches Airport,德羅什機場
DET,Coleman A Young Municipal Airport,科爾曼·A·揚市立機場
DEZ,Deir ez-Zor Airport,代爾祖爾機場
DFI,Defiance Memorial Airport,迪菲安斯紀念機場
DFP,Drumduff Airport,德拉姆達夫機場
DFW,Dallas-Fort Worth International Airport,達拉斯/沃思堡國際機場
DGA,Pelican Beach Airstrip,鵜鶘海灘簡易機場
DGD,Dalgaranga Gold Mine Airport,達爾加蘭加金礦機場
DGE,Mudgee Airport,穆奇機場
DGF,Douglas Lake Airport,道格拉斯湖機場
DGH,Deoghar Airport,代奧格爾機場
DGL,Douglas Municipal Airport,道格拉斯市立機場
DGN,Dahlgren Nsf Airport,達爾格倫海軍支援設施機場
DGO,General Guadalupe Victoria International Airport,杜蘭戈瓜達盧佩·維多利亞將軍國際機場
DGR,Dargaville Aerodrome,達加維爾飛行場
DGT,Sibulan Airport,錫布蘭機場
DGU,Dedougou Airport,代杜古機場
DGW,Converse County Airport,康弗斯縣機場
DHD,Durham Downs Airport,達勒姆唐斯機場
DHF,Abu Dhabi-Al Dhafra AB Airport,達夫拉空軍基地
DHH,Balikun Dahe Airport,巴里坤大河機場
DHI,Dhangarhi Airport,丹加迪機場
DHM,Kangra Airport,坎格拉機場
DHN,Dothan Regional Airport,多森區域機場
DHR,De Kooy Airport,德科伊機場
DHT,Dalhart Municipal Airport,達爾哈特市立機場
DIA,Doha International Airport,多哈國際機場
DIB,Dibrugarh Airport,迪布魯格爾機場
DIE,Arrachart Airport,阿拉沙特機場
DIG,Diqing Airport,迪慶香格里拉機場
DIJ,Dijon-Bourgogne Airport,第戎-勃艮第機場
DIK,Dickinson/Theodore Roosevelt Regional Airport,迪金森/西奧多·羅斯福區域機場
DIL,Presidente Nicolau Lobato International Airport,尼古勞·洛巴託總統國際機場
DIM,Dimbokro Airport,丁博克羅機場
DIN,Dien Bien Phu Airport,奠邊機場
DIP,Diapaga Airport,迪亞帕加機場
DIQ,Divinopolis Airport,迪維諾波利斯機場
DIR,Aba Tenna Dejazmach Yilma International Airport,阿巴特納代加茲馬赫伊爾馬國際機場
DIS,Ngot Nzoungou Airport,戈特恩祖古機場
DIU,Diu Airport,第烏機場
DIY,Diyarbakir Airport,迪亞巴克爾機場
DJA,Djougou Airport,焦古機場
DJB,Sultan Thaha Airport,蘇丹塔哈機場
DJE,Djerba Zarzis International Airport,傑爾巴-傑爾吉斯國際機場
DJG,Djanet Inedbirene Airport,傑內內德比雷內機場
DJJ,Sentani International Airport,仙谷國際機場
DJM,Djambala Airport,詹巴拉機場
DJN,Delta Junction Airport,三角洲junction機場
DJO,Daloa Airport,達洛阿機場
DJU,Djúpivogur Airport,迪尤皮沃古爾機場
DKI,Dunk Island Airport,敦克島機場
DKK,Chautauqua County/Dunkirk Airport,肖託誇郡/鄧剋剋機場
DKR,Leopold Sedar Senghor International Airport,達喀爾-約夫-利奧波德·塞達爾·桑戈爾國際機場
DKS,Dikson Airport,迪克森機場
DKV,Docker River Airport,多克爾河機場
DLA,Douala International Airport,杜阿拉國際機場
DLC,Zhoushuizi Airport,大連周水子國際機場
DLE,Dole-Tavaux Airport,多勒機場
DLF,Laughlin Afb Airport,勞克林空軍基地機場
DLG,Dillingham Airport,迪靈漢機場
DLH,Duluth International Airport,德盧斯國際機場
DLI,Lien Khuong Airport,蓮姜機場
DLK,Dulkaninna Airport,杜爾卡尼納機場
DLL,Dillon County Airport,狄龍郡機場
DLM,Dalaman International Airport,達拉曼國際機場
DLN,Dillon Airport,狄龍機場
DLS,Columbia Gorge Regional/The Dalles Municipal Airport,哥倫比亞峽谷區域/達爾斯市立機場
DLU,Dali Airport,大理鳳儀機場
DLV,Delissaville Airport,德利薩維爾機場
DLY,Dillon's Bay Airport,狄龍灣機場
DLZ,Dalanzadgad Airport,達蘭扎德嘎德機場
DMA,Davis Monthan Afb Airport,戴維斯-蒙森空軍基地
DMB,Aulie-ata International Airport,奧利阿塔國際機場
DMD,Doomadgee Airport,杜馬吉機場
DME,Domodedovo International Airport,莫斯科多莫傑多沃機場
DMK,Don Mueang International Airport,廊曼國際機場
DMM,King Fahd International Airport,法赫德國王國際機場
DMN,Deming Municipal Airport,德明市立機場
DMO,Sedalia Regional Airport,錫達利亞區域機場
DMT,Diamantino Airport,迪亞曼蒂努機場
DMU,Dimapur Airport,迪馬普爾機場
DNA,Kadena Air Base,嘉手納空軍基地
DNB,Dunbar Airport,鄧巴機場
DND,Dundee Airport,丹地機場
DNH,Dunhuang Airport,敦煌莫高國際機場
DNK,Dnipro International Airport,第聶伯羅國際機場
DNL,Daniel Field,丹尼爾機場
DNN,Dalton Municipal Airport,道爾頓市立機場
DNO,Dianopolis Airport,迪亞諾波利斯機場
DNP,Tulsipur Airport,圖爾西普爾機場
DNQ,Deniliquin Airport,傑尼利奎恩機場
DNR,Dinard-Pleurtuit-Saint-Malo Airport,迪納爾-普勒爾蒂-聖馬洛機場
DNS,Denison Municipal Airport,丹尼森市立機場
DNV,Vermilion Regional Airport,弗米利恩區域機場
DNX,Galegu Airport,加萊古機場
DNZ,Cardak Airport,恰爾達克機場
DOB,Dobo Airport,拉·瓜馬機場
DOD,Dodoma Airport,多多馬機場
DOE,Djumu-Djomoe Airport,裘姆裘莫機場
DOG,Dongola Airport,東哥拉機場
DOH,Hamad International Airport,哈馬德國際機場
DOK,Donetsk International Airport,頓內次克國際機場
DOL,Deauville-Saint-Gatien Airport,多維爾機場
DOM,Melville Hall Airport,道格拉斯-查爾斯機場
DON,Dos Lagunas Airport,多斯拉古納斯機場
DOP,Dolpa Airport,多爾帕機場
DOR,Dori Airport,多里機場
DOU,Dourados Airport,多拉杜斯機場
DOV,Dover Afb Airport,多佛空軍基地
DOX,Dongara Airport,東加拉機場
DOY,Dongying Shengli Airport,東營勝利機場
DPA,Dupage Airport,杜佩奇機場
DPB,Pampa Guanaco Airport,潘帕瓜納科機場
DPE,St Aubin Airport,聖歐班機場
DPG,Michael Army Air Field (Dugway Proving Ground) Airport,麥可陸軍機場（達格威試驗場）
DPL,Dipolog Airport,狄波羅機場
DPO,Devonport Airport,德文港機場
DPS,Ngurah Rai (Bali) International Airport,伍拉·賴國際機場
DQA,Saertu Airport,大慶薩爾圖機場
DQM,Duqm International Airport,杜庫姆國際機場
DRA,Desert Rock Airport,沙漠巖機場
DRB,Derby Airport,德比機場
DRD,Dorunda Airport,多倫達機場
DRE,Drummond Island Airport,德拉蒙德島機場
DRF,Drift River Airport,德里夫河機場
DRG,Deering Airport,迪林機場
DRI,Beauregard Regional Airport,博雷加德區域機場
DRJ,Drietabbetje Airport,德里塔貝切機場
DRK,Drake Bay Airport,德雷克灣機場
DRN,Dirranbandi Airport,迪蘭班迪機場
DRO,Durango-La Plata County Airport,杜蘭戈-拉普拉塔縣機場
DRP,Legazpi Bicol International Airport,黎牙實比比科爾國際機場
DRR,Durrie Airport,達裡機場
DRS,Dresden Airport,德累斯頓機場
DRT,Del Rio International Airport,德爾裡奧國際機場
DRU,Drummond Airport,德拉蒙德機場
DRV,Dharavandhoo Airport,達拉萬杜機場
DRW,Darwin International Airport,澳大利亞皇家空軍達爾文基地
DRY,Drysdale River Airport,德賴斯代爾河機場
DSC,Dschang Airport,德姜機場
DSD,La Desirade Airport,拉代西拉德機場
DSE,Combolcha Airport,孔博爾查機場
DSI,Destin Executive Airport,德斯廷行政機場
DSK,Dera Ismael Khan Airport,德拉伊斯梅爾汗機場
DSM,Des Moines International Airport,狄蒙國際機場
DSN,Ordos Ejin Horo Airport,鄂爾多斯伊金霍洛國際機場
DSO,Sondok Airport,宣德飛行場
DSS,Blaise Diagne International Airport,布萊斯·狄亞尼國際機場
DSV,Dansville Municipal Airport,丹斯維爾市機場
DTA,Delta Municipal Airport,德爾塔市機場
DTB,Silangit Airport,錫朗吉特機場
DTD,Datadawai Airport,達塔達瓦伊機場
DTE,Daet Airport,達特機場
DTH,Furnace Creek Airport,火爐溪機場
DTI,Diamantina Airport,迪亞曼蒂納機場
DTL,Detroit Lakes/Wething Field,底特律湖／威廷機場
DTM,Dortmund Airport,多特蒙德機場
DTN,Shreveport Downtown Airport,什裡夫波特市中心機場
DTR,Decatur Shores Airport,迪凱特肖爾斯機場
DTW,Detroit Metro Wayne County Airport,底特律都會韋恩縣機場
DUA,Durant Regional/Eaker Field,杜蘭特區域／埃克爾機場
DUB,Dublin Airport,都柏林機場
DUC,Halliburton Field,哈利伯頓機場
DUD,Dunedin Airport,但尼丁機場
DUE,Dundo Airport,敦多機場
DUF,Pine Island Airport,松島機場
DUG,Bisbee Douglas International Airport,比斯比道格拉斯國際機場
DUJ,Dubois Regional Airport,杜布瓦區域機場
DUK,Mubatuba Airport,穆巴圖巴機場
DUM,Pinang Kampai Airport,皮南坎帕伊機場
DUQ,Duncan Airport,鄧肯機場
DUR,King Shaka International Airport,德班國際機場
DUS,Dusseldorf International Airport,杜塞爾多夫機場車站
DUT,Unalaska Airport,烏納拉斯卡機場
DVK,Diavik Airport,戴維克機場
DVL,Devils Lake Regional Airport,魔鬼湖區域機場
DVN,Davenport Municipal Airport,達文波特市立機場
DVO,Francisco Bangoy International Airport,達沃國際機場
DVP,Davenport Downs Airport,達文波特唐斯機場
DVR,Daly River Airport,戴利河機場
DVT,Phoenix Deer Valley Airport,鳳凰城迪爾瓦利機場
DWB,Soalala Airport,索阿拉拉機場
DWC,Al Maktoum International Airport,阿勒馬克圖姆國際機場
DWD,Al Dawadmi Airport,達瓦德米機場
DWH,David Wayne Hooks Memorial Airport,大衛韋恩胡克斯紀念機場
DXB,Dubai International Airport,迪拜國際機場
DXD,Dixie Airport,迪克西機場
DXE,Bruce Campbell Field,布魯斯坎貝爾機場
DXJ,Xiangxi Biancheng Airport,湘西邊城機場
DXN,Noida International Airport,諾伊達國際機場
DXR,Danbury Municipal Airport,丹伯裡市立機場
DYA,Dysart Airport,戴薩特機場
DYG,Dayong Airport,張家界荷花國際機場
DYL,Doylestown Airport,多伊爾斯敦機場
DYR,Ugolny Airport,烏戈爾尼機場
DYS,Dyess Afb Airport,代斯空軍基地機場
DYU,Dushanbe Airport,杜尚別國際機場
DYW,Daly Waters Airport,戴利沃特斯機場
DZA,Dzaoudzi Pamandzi International Airport,藻德濟-帕芒濟機場
DZH,Dazhou Jinya Airport,達州金埡機場
DZN,Zhezkazgan Airport,傑茲卡茲岡機場
DZO,Santa Bernardina International Airport,聖貝爾納迪納國際機場
EAA,Eagle Airport,老鷹機場
EAB,Abs Airport,阿布斯機場
EAE,Sangafa Airport,桑加法機場
EAM,Nejran Airport,納季蘭機場
EAN,Phifer Airfield,菲弗機場
EAR,Kearney Regional Airport,科尼區域機場
EAS,San Sebastian Airport,聖塞瓦斯蒂安機場
EAT,Pangborn Memorial Airport,龐本紀念機場
EAU,Chippewa Valley Regional Airport,齊帕瓦谷區域機場
EAX,Eduard Alexander Gummels International Airport,愛德華亞歷山大古梅爾斯國際機場
EBA,Marina Di Campo Airport,坎波馬裡娜機場
EBB,Entebbe International Airport,恩德培國際機場
EBD,El Obeid Airport,歐拜德機場
EBG,El Bagre Airport,埃爾巴格雷機場
EBH,El Bayadh Airport,巴亞德機場
EBJ,Esbjerg Airport,埃斯比約機場
EBL,Erbil International Airport,艾比爾國際機場
EBM,El Borma Airport,埃爾博爾馬機場
EBS,Webster City Municipal Airport,韋伯斯特城市立機場
EBU,Saint-Etienne-Boutheon Airport,聖艾蒂安機場
EBW,Ebolowa Airport,埃博洛瓦機場
ECA,Iosco County Airport,約斯科縣機場
ECG,Elizabeth City Cg Air Station/Regional Airport,伊麗莎白市海岸警衛隊航空站暨區域機場
ECH,Echuca Airport,伊丘卡機場
ECN,Ercan International Airport,埃爾詹國際機場
ECP,Northwest Florida Beaches International Airport,西北佛羅裡達海灘國際機場
ECS,Mondell Field,蒙德爾機場
EDB,El Debba Airport,代巴機場
EDC,Austin Executive Airport,奧斯汀行政機場
EDE,Northeastern Regional Airport,東北區域機場
EDF,Elmendorf Afb Airport,埃爾門多夫空軍基地機場
EDI,Edinburgh Airport,愛丁堡機場
EDK,El Dorado/Capt Jack Thomas Memorial Airport,艾爾多拉多/傑克·託馬斯上尉紀念機場
EDL,Eldoret International Airport,埃爾多雷特國際機場
EDM,La Roche-sur-Yon Airport,永河畔拉羅什機場
EDO,Balikesir Korfez Airport,巴勒克埃西爾柯菲茲機場
EDR,Pormpuraaw Airport,波姆普羅機場
EDW,Edwards Afb Airport,愛德華茲空軍基地
EED,Needles Airport,尼德斯機場
EEK,Eek Airport,伊克機場
EEN,Dillant/Hopkins Airport,迪朗/霍普金斯機場
EFD,Ellington Airport,埃靈頓機場
EFK,Northeast Kingdom International Airport,東北王國國際機場
EFL,Kefallinia Airport,凱法利尼亞機場
EFW,Jefferson Municipal Airport,傑斐遜市立機場
EGC,Bergerac-Roumaniere Airport,貝爾熱拉克機場
EGE,Eagle County Regional Airport,伊格爾縣區域機場
EGI,"Duke Field,(Eglin Af Aux Nr 3) Airport",杜克機場（埃格林空軍基地3號輔助機場）
EGM,Sege Airport,塞格機場
EGN,Geneina Airport,格伊尼納機場
EGO,Belgorod International Airport,別爾哥羅德國際機場
EGP,Maverick County Memorial International Airport,莫維裡克郡紀念國際機場
EGS,Egilsstaðir Airport,埃伊爾斯塔濟爾機場
EGV,Eagle River Union Airport,鷹河聯合機場
EGX,Egegik Airport,埃格吉克機場
EHL,El Bolson Airport,埃爾博爾松機場
EHM,Cape Newenham Lrrs Airport,紐納姆角遠端雷達站機場
EHU,Ezhou Huahu Airport,鄂州花湖國際機場
EIB,Eisenach-Kindel Airport,艾森納赫-金德爾機場
EIE,Yeniseysk Airport,葉尼塞斯克機場
EIH,Einasleigh Airport,埃納斯利機場
EIK,Yeysk Airport,耶伊斯克機場
EIL,Eielson Afb Airport,艾爾森空軍基地
EIN,Eindhoven Airport,埃因霍芬機場
EIS,Terrance B. Lettsome International Airport,泰倫斯·B·利爾森國際機場
EIY,Ein Yahav Airfield,恩亞哈夫機場
EJA,Yariguies Airport,亞裡吉斯機場
EJH,Al Wajh Domestic Airport,瓦季國內機場
EJN,Ejina Banner Taolai Airport,額濟納旗桃來機場
EKA,Murray Field,莫雷機場
EKI,Elkhart Municipal Airport,埃爾克哈特市立機場
EKN,Elkins/Randolph County (Jennings Randolph Field) Airport,埃爾金斯/蘭多夫郡（珍寧斯·蘭多夫機場）機場
EKO,Elko Regional Airport,埃爾科區域機場
EKS,Shakhtyorsk Airport,沙赫季奧爾斯克機場
EKT,Eskilstuna Airport,埃斯基爾斯蒂納機場
EKX,Addington Field,阿丁頓機場
ELA,Eagle Lake Airport,鷹湖機場
ELB,Las Flores Airport,拉斯弗洛雷斯機場
ELC,Elcho Island Airport,埃爾科島機場
ELD,South Arkansas Regional At Goodwin Field,古德溫菲爾德南阿肯色區域機場
ELF,El Fasher Airport,法希爾機場
ELG,El Golea Airport,埃爾戈萊亞機場
ELH,North Eleuthera Airport,北伊柳塞拉機場
ELI,Elim Airport,埃利姆機場
ELK,Elk City Regional Business Airport,埃爾克城區域商用機場
ELL,Ellisras Matimba Airport,埃利斯拉斯馬廷巴機場
ELM,Elmira/Corning Regional Airport,埃爾米拉/科寧區域機場
ELN,Bowers Field,鮑爾斯機場
ELO,El Dorado Airport,埃爾多拉多機場
ELP,El Paso International Airport,埃爾帕索國際機場
ELQ,Gassim Airport,納伊夫·本·阿卜杜勒-阿齊茲親王支線機場
ELS,Ben Schoeman Airport,東倫敦機場
ELT,El Tor Airport,埃爾託機場
ELU,Guemar Airport,蓋馬爾機場
ELY,Ely/Yelland Field,伊Ely/耶蘭機場
ELZ,Wellsville Municipal/Tarantine Field,威爾斯維爾市立/塔朗蒂內機場
EMA,East Midlands Airport,東密德蘭機場
EMD,Emerald Airport,埃默拉爾德機場
EME,Emden Airport,埃姆登機場
EMG,Empangeni Airport,恩潘格尼機場
EMK,Emmonak Airport,埃莫納克機場
EML,Emmen Airport,埃門機場
EMM,Kemmerer Municipal Airport,克默勒市立機場
EMN,Nema Airport,內馬機場
EMP,Emporia Municipal Airport,恩波里亞市立機場
EMT,San Gabriel Valley Airport,聖蓋博谷機場
EMX,El Maiten Airport,埃爾邁滕機場
ENA,Kenai Municipal Airport,基奈市立機場
ENB,Eneabba Airport,埃內阿巴機場
ENC,Nancy-Essey Airport,南錫-埃塞機場
END,Vance Afb Airport,萬斯空軍基地機場
ENE,Ende (H Hasan Aroeboesman) Airport,赫·哈桑·阿羅波斯曼機場
ENF,Enontekio Airport,埃農泰基厄機場
ENH,Enshi Airport,恩施許家坪國際機場
ENI,El Nido Airport,愛妮島機場
ENK,St Angelo Airport,聖安傑洛機場
ENL,Centralia Municipal Airport,森特勒利亞市立機場
ENN,Nenana Municipal Airport,內納納市立機場
ENO,Encarnacion Airport,恩卡納西翁機場
ENS,Twenthe Airport,特文特機場
ENU,Akanu Ibiam International Airport,阿卡努·伊比亞姆國際機場
ENV,Wendover Airport,溫多弗機場
ENW,Kenosha Regional Airport,基諾沙區域機場
ENY,Yan'an Airport,延安南泥灣機場
EOH,Enrique Olaya Herrera Airport,恩裡克·奧拉亞·埃雷拉機場
EOI,Eday Airport,埃代機場
EOK,Keokuk Municipal Airport,基奧庫克市立機場
EOS,Neosho Hugh Robinson Airport,尼歐肖休羅賓遜機場
EOZ,Elorza Airport,埃洛爾薩機場
EPA,El Palomar Airport,埃爾帕洛馬機場
EPG,Browns Airport,布朗斯機場
EPH,Ephrata Municipal Airport,埃夫拉塔市立機場
EPL,Epinal-Mirecourt Airport,埃皮納勒-米爾庫機場
EPR,Esperance Airport,埃斯佩蘭斯機場
EPS,Arroyo Barril Airport,阿羅約巴里爾機場
EPU,Parnu Airport,派爾努機場
EQS,Brigadier Antonio Parodi Airport,準將安東尼奧帕羅迪機場
ERA,Erigavo Airport,埃里加博機場
ERB,Ernabella Airport,埃爾納貝拉機場
ERC,Erzincan Airport,埃爾津詹機場
ERD,Berdyansk Airport,別爾江斯克機場
ERF,Erfurt Airport,埃爾福特-魏瑪機場
ERG,Yerbogachen Airport,耶爾博加琴機場
ERH,Moulay Ali Cherif Airport,穆萊阿里謝裡夫機場
ERI,Erie International/Tom Ridge Field,伊利國際/湯姆裡奇機場
ERL,Erenhot Saiwusu International Airport,二連浩特賽烏素國際機場
ERM,Erechim Airport,埃雷辛機場
ERN,Eirunepe Airport,埃魯內佩機場
ERR,Errol Airport,埃羅爾機場
ERS,Eros Airport,厄洛斯機場
ERV,Kerrville Municipal/Louis Schreiner Field,克爾維爾市立/路易斯施賴納機場
ERZ,Erzurum International Airport,埃爾祖魯姆國際機場
ESB,Esenboga International Airport,埃森博阿國際機場
ESC,Delta County Airport,德爾塔縣機場
ESD,Orcas Island Airport,奧卡斯島機場
ESE,Ensenada Airport,恩森那達機場
ESF,Esler Regional Airport,埃斯勒區域機場
ESG,Dr. Luis Maria Argana International Airport,路易斯·瑪麗亞·阿爾迦納博士國際機場
ESH,Shoreham Airport,肖勒姆機場
ESI,Espinosa Airport,埃斯皮諾薩機場
ESK,Eskişehir Air Base,埃斯基謝希爾空軍基地
ESL,Elista Airport,埃利斯塔機場
ESM,General Rivadeneira Airport,裡瓦德內拉將軍機場
ESN,Easton/Newnam Field,伊斯頓／紐納姆機場
ESO,Ohkay Owingeh Airport,奧凱奧溫蓋機場
ESR,Ricardo Garcia Posada Airport,裡卡多·加西亞·波薩達機場
ESS,Essen Mulheim Airport,埃森－米爾海姆機場
EST,Estherville Municipal Airport,埃斯特維爾市立機場
ESU,Mogador Airport,莫加多爾機場
ESW,Easton State Airport,伊斯頓州立機場
ETB,West Bend Municipal Airport,西本德市立機場
ETD,Etadunna Airport,埃塔杜納機場
ETE,Metema Airport,梅特馬機場
ETM,Ilan and Asaf Ramon Airport,拉蒙機場
ETN,Eastland Municipal Airport,伊斯蘭德市立機場
ETR,Coronel Artilleria Victor Larrea Airport,維克託·拉雷亞砲兵上校機場
ETS,Enterprise Municipal Airport,恩特普賴斯市立機場
ETZ,Metz-Nancy-Lorraine Airport,梅斯-南錫-洛林機場
EUA,Kaufana Airport,考法納機場
EUC,Eucla Airport,尤克拉機場
EUE,Eureka Airport,尤里卡機場
EUF,Weedon Field,韋登機場
EUG,Mahlon Sweet Field,馬隆斯威特機場
EUM,Neumunster Airport,新明斯特機場
EUN,Hassan I Airport,哈桑一世機場
EUQ,Evelio Javier Airport,埃韋利奧·哈維爾機場
EUX,F. D. Roosevelt Airport,羅斯福機場
EVD,Eva Downs Airport,伊娃唐斯機場
EVE,Harstad/Narvik Airport Evenes,哈爾斯塔/納爾維克埃文內斯機場
EVG,Sveg Airport,斯韋格機場
EVH,Evans Head Aerodrome,埃文斯黑德機場
EVM,Eveleth/Virginia Municipal Airport,埃夫利斯/弗吉尼亞市立機場
EVN,Zvartnots International Airport,茲瓦爾特諾茨國際機場
EVV,Evansville Regional Airport,埃文斯維爾區域機場
EVW,Evanston-Uinta County Burns Field,埃文斯頓尤因塔縣伯恩斯機場
EVX,Evreux-Fauville (BA 105) Air Base,埃夫勒-福維爾（BA 105）空軍基地
EWB,New Bedford Regional Airport,新貝德福德區域機場
EWI,Enarotali Airport,埃納羅塔利機場
EWK,Newton-City-County Airport,牛頓市縣機場
EWN,Coastal Carolina Regional Airport,濱海卡羅來納區域機場
EWO,Ewo Airport,埃沃機場
EWR,Newark Liberty International Airport,紐瓦克自由國際機場站
EXM,Exmouth Airport,埃克斯茅斯機場
EXT,Exeter International Airport,埃克塞特機場
EYL,Yelimane Airport,耶利曼內機場
EYP,El Yopal Airport,埃爾約帕爾機場
EYR,Yerington Municipal Airport,耶靈頓市立機場
EYS,Eliye Springs Airport,埃利耶斯普林斯機場
EYW,Key West International Airport,基韋斯特國際機場
EZE,Ministro Pistarini International Airport,埃塞薩皮斯塔里尼部長國際機場
EZS,Elazig Airport,埃拉澤機場
EZV,Berezovo Airport,別列佐沃機場
FAA,Faranah Airport,法拉納機場
FAB,Farnborough Airport,範堡羅機場
FAC,Faaite Airport,法艾特機場
FAE,Vagar Airport,沃格機場
FAF,Felker Army Air Field,費爾克陸軍機場
FAG,Fagurhólsmýri Airport,法古爾霍爾斯米里機場
FAH,Farah Airport,法拉赫機場
FAI,Fairbanks International Airport,費爾班克斯國際機場
FAM,Farmington Regional Airport,法明頓區域機場
FAO,Faro Airport,法魯機場
FAQ,Frieda River Airport,弗裡達河機場
FAR,Hector International Airport,赫克託國際機場
FAT,Fresno Yosemite International Airport,弗雷斯諾約塞米蒂國際機場
FAU,Fahud Airport,法胡德機場
FAV,Fakarava Airport,法卡拉瓦機場
FAY,Fayetteville Regional/Grannis Field,費ette維爾區域/格拉尼斯機場
FAZ,Fasa Airport,法薩機場
FBA,Fonte Boa Airport,豐特博阿機場
FBD,Faizabad Airport,費扎巴德機場
FBE,Francisco Beltrao Airport,弗朗西斯科貝特朗機場
FBG,Simmons Army Air Field,西蒙斯陸軍機場
FBK,Ladd Army Air Field,拉德陸軍機場
FBL,Faribault Municipal-Liz Wall Strohfus Field,法裡博市內-莉茲沃爾斯特羅夫斯機場
FBM,Lubumbashi International Airport,盧本巴希國際機場
FBR,Fort Bridger Airport,布里傑堡機場
FBY,Fairbury Municipal Airport,費爾伯裡市立機場
FCA,Glacier Park International Airport,冰川公園國際機場
FCB,Ficksburg Sentraoes Airport,菲克斯堡森特拉奧斯機場
FCH,Fresno Chandler Executive Airport,弗雷斯諾錢德勒行政機場
FCM,Flying Cloud Airport,飛雲機場
FCO,Leonardo Da Vinci (Fiumicino) International Airport,羅馬-菲烏米奇諾機場
FCS,Butts Army Air Field (Fort Carson) Airport,巴茨陸軍機場（卡森堡）
FCY,Hutfly Airport,哈特弗利機場
FDA,Fundacion Airport,富恩達西翁機場
FDE,Bringeland Airport,弗勒布靈厄蘭機場
FDF,Martinique Aime Cesaire International Airport,馬丁尼克艾梅·塞澤爾國際機場
FDH,Friedrichshafen Airport,腓特烈港機場
FDK,Frederick Municipal Airport,弗雷德裡克市立機場
FDO,San Fernando Airport,聖費爾南多機場
FDR,Frederick Regional Airport,弗雷德裡克區域機場
FDU,Bandundu Airport,班敦杜機場
FDY,Findlay Airport,芬德利機場
FEB,Sanfebagar Airport,桑費巴加機場
FEC,Joao Durval Carneiro Airport,若昂杜爾瓦爾卡內羅機場
FEG,Fergana Airport,費爾幹納國際機場
FEJ,Feijó Airport,費伊若機場
FEK,Ferkessedougou Airport,費爾凱塞杜古機場
FEL,Furstenfeldbruck Airport,菲斯滕費爾德布魯克機場
FEN,Fernando de Noronha Airport,費爾南多迪諾羅尼亞機場
FEP,Albertus Airport,阿爾伯特斯機場
FET,Fremont Municipal Airport,弗裡蒙特市立機場
FEZ,Saiss Airport,賽斯機場
FFA,First Flight Airport,首次飛行機場
FFD,RAF Fairford,費爾福皇家空軍基地
FFL,Fairfield Municipal Airport,費爾菲爾德市立機場
FFM,Fergus Falls Regional Airport,弗格斯福爾斯區域機場
FFO,Wright-Patterson Afb Airport,賴特-帕特森空軍基地
FFT,Capital City Airport,首都機場
FFU,Futaleufu Airport,富塔萊富機場
FGD,Fderik Airport,弗代裡克機場
FGI,Fagali'i Airport,法加利機場
FGU,Fangatau Airport,方加陶機場
FHU,Sierra Vista Municipal-Libby Army Air Field,謝拉維斯塔市立-利比陸軍機場
FHZ,Fakahina Airport,法卡希納機場
FID,Elizabeth Field,伊麗莎白機場
FIE,Fair Isle Airport,費爾島機場
FIG,Fria Airport,弗裡亞機場
FIH,Ndjili International Airport,恩吉利國際機場
FIK,Finke Airport,芬克機場
FIL,Fillmore Municipal Airport,菲爾莫爾市立機場
FIN,Finschhafen Airport,芬世哈芬機場
FIZ,Fitzroy Crossing Airport,菲茨羅伊克羅辛機場
FJR,Fujairah International Airport,富查伊拉國際機場
FKB,Karlsruhe Baden-Baden Airport,卡爾斯魯厄/巴登-巴登機場
FKI,Bangoka International Airport,班戈卡國際機場
FKJ,Fukui Airport,福井機場
FKL,Venango Regional Airport,韋南戈區域機場
FKN,Franklin Regional Airport,富蘭克林區域機場
FKQ,Fakfak Airport,法克法克機場
FKS,Fukushima Airport,福島機場
FLA,Gustavo Artunduaga Paredes Airport,古斯塔沃阿圖恩杜加帕雷德斯機場
FLB,Cangapara Airport,坎加帕拉機場
FLD,Fond Du Lac County Airport,豐迪拉克縣機場
FLF,Flensburg-Schäferhaus Airport,弗倫斯堡舍費爾豪斯機場
FLG,Flagstaff Pulliam Airport,弗拉格斯塔夫普利姆機場
FLI,Holt Airport,霍爾特機場
FLL,Fort Lauderdale/Hollywood International Airport,勞德代爾堡-好萊塢國際機場
FLM,Filadelfia Airport,費拉德菲亞機場
FLN,Hercilio Luz International Airport,埃爾西利奧盧斯國際機場
FLO,Florence Regional Airport,佛羅倫斯區域機場
FLP,Marion County Regional Airport,馬里昂縣區域機場
FLR,Firenze / Peretola Airport,佛羅倫薩-佩雷托拉機場
FLS,Flinders Island Airport,弗林德斯島機場
FLT,Flat Airport,弗拉特機場
FLV,Sherman Army Air Field,謝爾曼陸軍機場
FLW,Flores Airport,弗洛雷斯機場
FLX,Fallon Municipal Airport,法倫市立機場
FLY,Finley Airport,芬利機場
FLZ,Dr Ferdinand Lumban Tobing Airport,費迪南德倫班託賓博士機場
FMA,Formosa Airport,福爾摩沙機場
FME,Fort Meade Executive Airport,米德堡行政機場
FMG,Flamingo Airport,火烈鳥機場
FMH,Cape Cod Coast Guard Air Station,科德角海岸警衛隊航空站
FMI,Kalemie Airport,卡萊米機場
FMM,Memmingen Allgau Airport,梅明根機場
FMN,Four Corners Regional Airport,四角落區域機場
FMO,Munster Osnabruck Airport,明斯特奧斯納布呂克國際機場
FMS,Fort Madison Municipal Airport,麥迪遜堡市立機場
FMU,Florence Municipal Airport,佛羅倫斯市立機場
FMY,Page Field,佩奇機場
FNA,Lungi International Airport,隆吉國際機場
FNB,Neubrandenburg Airport,新布蘭登堡機場
FNC,Madeira Airport,馬德拉機場
FND,Funadhoo Airport,法納杜機場
FNE,Fane Airport,法內機場
FNG,Fada N'gourma Airport,法達恩古爾馬機場
FNH,Fincha Airport,芬查機場
FNI,Nimes-Arles-Camargue Airport,尼姆-阿爾勒-卡馬格機場
FNJ,Pyongyang International Airport,平壤國際機場
FNL,Northern Colorado Regional Airport,北科羅拉多區域機場
FNT,Bishop International Airport,畢夏普國際機場
FNU,Oristano / Fenosu Airport,奧里斯塔諾／費諾蘇機場
FOB,Fort Bragg Airport,布拉格堡機場
FOC,Fuzhou Changle International Airport,福州長樂國際機場
FOD,Fort Dodge Regional Airport,道奇堡區域機場
FOE,Topeka Regional Airport,託皮卡區域機場
FOG,Foggia / Gino Lisa Airport,福賈／吉諾麗莎機場
FOK,Francis S Gabreski Airport,弗朗西斯·S·加布雷斯基機場
FOM,Foumban Nkounja Airport,富姆班恩孔賈機場
FON,Arenal Airport,阿雷納爾機場
FOO,Kornasoren Airfield,科納索任機場
FOR,Pinto Martins International Airport,福塔萊薩國際機場
FOS,Forrest Airport,福雷斯特機場
FOT,Forster (Wallis Is) Airport,福斯特（瓦利斯島）機場
FOU,Fougamou Airport,富加穆機場
FPO,Grand Bahama International Airport,大巴哈馬國際機場
FPR,Treasure Coast International Airport,金銀海岸國際機場
FPY,Perry-Foley Airport,佩裡-弗利機場
FRA,Frankfurt am Main International Airport,法蘭克福機場
FRB,Forbes Airport,福布斯機場
FRC,Franca Airport,弗朗卡機場
FRD,Friday Harbor Airport,星期五港機場
FRE,Fera/Maringe Airport,費拉機場
FRG,Republic Airport,共和機場
FRH,French Lick Municipal Airport,法語利克市立機場
FRI,Marshall Army Air Field,馬歇爾陸軍機場
FRK,Fregate Island Airport,弗雷加特島機場
FRL,Forli Airport,弗利機場
FRM,Fairmont Municipal Airport,費爾蒙市立機場
FRN,Bryant Army Air Field,布賴恩特陸軍機場
FRO,Florø Airport,弗洛機場
FRR,Front Royal-Warren County Airport,弗ront皇家-沃倫縣機場
FRS,Mundo Maya International Airport,馬雅世界國際機場
FRT,Frutillar Airport,弗魯蒂亞爾機場
FRW,Francistown Airport,弗朗西斯敦機場
FRY,White Mountain Regional Airport,白山區域機場
FRZ,Fritzlar Airport,弗裡茨拉爾機場
FSC,Figari Sud-Corse Airport,菲加里機場
FSD,Joe Foss Field,蘇瀑區域機場
FSI,Henry Post Army Air Field (Fort Sill) Airport,亨利波斯特陸軍機場（錫爾堡）
FSK,Fort Scott Municipal Airport,斯科特堡市立機場
FSM,Fort Smith Regional Airport,史密斯堡區域機場
FSP,St Pierre Airport,聖皮埃爾機場
FSS,RAF Kinloss,金洛斯皇家空軍基地
FST,Fort Stockton-Pecos County Airport,斯托克頓堡-佩科斯縣機場
FSU,Fort Sumner Municipal Airport,薩姆納堡市立機場
FSZ,Mt. Fuji Shizuoka Airport,靜岡機場
FTA,Futuna Airport,福杜納機場
FTE,El Calafate Airport,埃爾卡拉法特機場
FTI,Fitiuta Airport,菲圖塔機場
FTK,Godman Army Air Field,戈德曼陸軍機場
FTU,Tolanaro Airport,托拉納羅機場
FTW,Fort Worth Meacham International Airport,沃斯堡米查姆國際機場
FTX,Owando Airport,奧旺多機場
FTY,Fulton County Executive/Charlie Brown Field,富爾頓縣行政／查理布朗機場
FUE,Fuerteventura Airport,富埃特文圖拉機場
FUG,Fuyang Xiguan Airport,阜陽機場
FUJ,Fukue Airport,福江機場
FUK,Fukuoka Airport,福岡機場
FUL,Fullerton Municipal Airport,富勒頓市立機場
FUN,Funafuti International Airport,富納富提國際機場
FUO,Foshan Shadi Airport,佛山沙堤機場
FUT,Pointe Vele Airport,富圖納機場
FVL,Flora Valley Airport,弗洛拉谷機場
FVM,Fuvahmulah Airport,富阿穆拉赫機場
FWA,Fort Wayne International Airport,韋恩堡國際機場
FWH,Fort Worth Nas Jrb (Carswell Field) Airport,沃斯堡海軍航空站聯合預備基地（卡斯韋爾場）機場
FWL,Farewell Airport,法爾韋爾機場
FXE,Fort Lauderdale Executive Airport,勞德代爾堡行政機場
FXO,Cuamba Airport,誇姆巴機場
FXY,Forest City Municipal/Trimble Field,森林市市立／特林布林機場
FYM,Fayetteville Municipal Airport,費耶特維爾市立機場
FYT,Faya Largeau Airport,法亞拉若機場
FYU,Fort Yukon Airport,育空堡機場
FYV,Drake Field,德雷克機場
GAB,Gabbs Airport,加布斯機場
GAC,Gracias Airport,格拉西亞斯機場
GAD,Northeast Alabama Regional Airport,東北阿拉巴馬區域機場
GAE,Gabes Matmata International Airport,加貝斯馬特馬塔國際機場
GAF,Gafsa Ksar International Airport,加夫薩克薩爾國際機場
GAG,Gage Airport,蓋奇機場
GAH,Gayndah Airport,蓋恩達機場
GAI,Montgomery County Airpark,蒙哥馬利郡航空公園
GAJ,Yamagata Airport,山形機場
GAL,Edward G Pitka Sr Airport,愛德華·G·皮特卡資深機場
GAM,Gambell Airport,甘貝爾機場
GAN,Gan International Airport,甘島國際機場
GAO,Mariana Grajales Airport,馬裡亞納格拉哈萊斯機場
GAP,Gusap Airport,古薩普機場
GAQ,Gao Airport,加奧機場
GAR,Garaina Airport,加賴納機場
GAS,Garissa Airport,加里薩機場
GAT,Gap - Tallard Airport,加普-塔拉爾機場
GAU,Lokpriya Gopinath Bordoloi International Airport,洛克普里亞·哥比納特·博爾多洛伊國際機場
GAW,Gangaw Airport,甘高機場
GAY,Gaya Airport,格雅機場
GBA,Kemble Airport,坎布林機場
GBB,Gabala International Airport,蓋貝萊國際機場
GBD,Great Bend Municipal Airport,大本德市立機場
GBE,Sir Seretse Khama International Airport,塞雷茨·卡馬爵士國際機場
GBF,Negarbo(Negabo) Airport,內加爾博機場
GBG,Harrel W Timmons Galesburg Regional Airport,哈雷爾·W·蒂蒙斯蓋爾斯堡區域機場
GBH,Galbraith Lake Airport,加爾佈雷思湖機場
GBI,Kalaburagi,卡拉布拉吉機場
GBJ,Les Bases Airport,萊斯巴塞斯機場
GBK,Gbangbatok Airport,格班巴托克機場
GBL,South Goulburn Is Airport,南古爾本島機場
GBP,Gamboola Airport,甘布拉機場
GBR,Great Barrington Airport,大巴靈頓機場
GBT,Gorgan Airport,戈爾甘機場
GBU,Khashm El Girba Airport,哈什姆吉爾巴機場
GBV,Gibb River Airport,吉布河機場
GBW,Ginbata,金巴塔機場
GBZ,Great Barrier Aerodrome,大堡礁航空場
GCC,Northeast Wyoming Regional Airport,東北懷俄明區域機場
GCD,Grand Coulee Dam Airport,大古力水壩機場
GCH,Gachsaran Airport,加奇薩蘭機場
GCI,Guernsey Airport,根西機場
GCJ,Grand Central Airport,大中央機場 (約翰內斯堡)
GCK,Garden City Regional Airport,加登城區域機場
GCM,Owen Roberts International Airport,歐文·羅伯茨國際機場
GCN,Grand Canyon Ntl Park Airport,大峽谷國家公園機場
GCT,Grand Canyon Bar Ten Airstrip,大峽谷巴爾滕簡易機場
GCW,Grand Canyon West Airport,大峽谷西機場
GCY,Greeneville Municipal Airport,格林維爾市立機場
GDC,Donaldson Field,唐納森機場
GDD,Gordon Downs Airport,戈登唐斯機場
GDE,Gode Airport,戈德機場
GDG,Magdagachi Airport,馬格達加奇機場
GDI,Gordil Airport,戈爾迪爾機場
GDJ,Gandajika Airport,甘達吉卡機場
GDL,Don Miguel Hidalgo Y Costilla International Airport,瓜達拉哈拉國際機場
GDM,Gardner Municipal Airport,加德納市機場
GDN,Gdańsk Lech Wałęsa Airport,格但斯克萊赫·華勒沙機場
GDO,Guasdalito Airport,瓜斯達利托機場
GDP,Guadalupe Airport,瓜達盧佩機場
GDQ,Gonder Airport,貢德爾機場
GDT,JAGS McCartney International Airport,賈格斯麥卡特尼國際機場
GDV,Dawson Community Airport,道森社群機場
GDW,Gladwin Zettel Memorial Airport,格拉德溫澤特爾紀念機場
GDX,Sokol Airport,索科爾機場
GDZ,Gelendzhik Airport,格連吉克機場
GEA,Noumea Magenta Airport,努美阿馬真塔機場
GEB,Gebe Airport,格貝機場
GED,Delaware Coastal Airport,特拉華沿海機場
GEE,Georgetown (Tas) Airport,喬治敦（塔斯馬尼亞）機場
GEF,Geva Airport,格瓦機場
GEG,Spokane International Airport,斯波坎國際機場
GEL,Santo Angelo Airport,聖安傑洛機場
GEO,Cheddi Jagan International Airport,切迪·賈根國際機場
GER,Rafael Cabrera Airport,拉斐爾卡布雷拉機場
GES,General Santos International Airport,桑托斯將軍城國際機場
GET,Geraldton Airport,傑拉爾頓機場
GEV,Gallivare Airport,耶利瓦勒機場
GEY,South Big Horn County Airport,南大霍恩縣機場
GFD,Pope Field,波普機場
GFF,Griffith Airport,格里菲斯機場
GFK,Grand Forks International Airport,大福克斯國際機場
GFL,Floyd Bennett Memorial Airport,弗洛伊德貝內特紀念機場
GFN,Grafton Airport,格拉夫頓機場
GFO,Bartica A Airport,巴蒂卡 A 機場
GFR,Granville Airport,格蘭ville機場
GFY,Grootfontein Airport,格魯特方丹機場
GGB,Fazenda Olhos D`agua Airport,奧霍斯達瓜法贊達機場
GGD,Gregory Downs Airport,格雷戈裡唐斯機場
GGE,Georgetown County Airport,喬治敦郡機場
GGF,Almeirim Airport,阿爾梅林機場
GGG,East Texas Regional Airport,東德克薩斯區域機場
GGH,Cianorte Airport,夏諾爾特機場
GGM,Kakamega Airport,卡卡梅加機場
GGN,Gagnoa Airport,加尼奧阿機場
GGO,Guiglo Airport,吉格洛機場
GGR,Garowe Airport,加羅威機場
GGS,Gobernador Gregores Airport,戈韋納多爾格雷戈雷斯機場
GGT,Exuma International Airport,埃克蘇馬國際機場
GGW,Wokal Field/Glasgow-Valley County Airport,沃卡爾機場／格拉斯哥-瓦利縣機場
GHA,Noumerat - Moufdi Zakaria Airport,努梅拉特-姆夫迪扎卡里亞機場
GHB,Governor's Harbour Airport,總督港機場
GHC,Great Harbour Cay Airport,大港礁機場
GHF,Giebelstadt Army Air Field,吉貝爾施塔特陸軍機場
GHM,Centerville Municipal Airport,森特維爾市立機場
GHT,Ghat Airport,加特機場
GHU,Gualeguaychu Airport,瓜萊古艾丘機場
GHV,Braşov-Ghimbav International Airport,布拉索夫-金巴夫國際機場
GIB,Gibraltar Airport,直布羅陀機場
GIC,Boigu Airport,博伊古機場
GID,Gitega Airport,基特加機場
GIF,Winter Haven Regional Airport,溫特黑文區域機場
GIG,Galeao - Antonio Carlos Jobim International Airport,裡約熱內盧-加利昂國際機場
GII,Siguiri Airport,西吉里機場
GIL,Gilgit Airport,吉爾吉特機場
GIR,Santiago Vila Airport,聖地牙哥維拉機場
GIS,Gisborne Airport,吉斯伯恩機場
GIU,Sigiriya Airport,錫吉里耶機場
GIY,Giyani Airport,吉亞尼機場
GIZ,Jizan Regional Airport,吉贊區域機場
GJA,La Laguna Airport,拉拉古納機場
GJL,Jijel Ferhat Abbas Airport,吉傑勒費爾哈特阿巴斯機場
GJM,Guajara-Mirim Airport,瓜雅拉米林機場
GJR,Gjögur Airport,焦古爾機場
GJT,Grand Junction Regional Airport,大章克申區域機場
GKA,Goroka Airport,戈羅卡機場
GKD,Imroz Airport,伊姆羅茲機場
GKE,Geilenkirchen Airport,蓋倫基爾興機場
GKK,Kooddoo Airport,庫杜機場
GKL,Great Keppel Is Airport,大克佩爾島機場
GKN,Gulkana Airport,古爾卡納機場
GKT,Gatlinburg-Pigeon Forge Airport,加特林堡皮igeon福吉機場
GLA,Glasgow International Airport,格拉斯哥機場
GLB,San Carlos Apache Airport,聖卡洛斯阿帕契機場
GLD,Renner Field/Goodland Municipal Airport,雷納爾機場／古德蘭市機場
GLE,Gainesville Municipal Airport,蓋恩斯維爾市立機場
GLF,Golfito Airport,戈爾菲託機場
GLG,Glengyle Airport,格倫蓋爾機場
GLH,Greenville Mid-Delta Airport,格林維爾中三角洲機場
GLI,Glen Innes Airport,格倫因尼斯機場
GLJ,Garzon La Jagua Airport,加爾松拉哈瓜機場
GLK,Galcaio Airport,加爾卡約機場
GLL,Gol Airport,戈爾機場
GLM,Glenormiston Airport,格倫奧米斯頓機場
GLO,Gloucestershire Airport,格洛斯特郡機場
GLR,Gaylord Regional Airport,蓋洛德區域機場
GLS,Scholes International At Galveston Airport,加爾維斯敦斯科爾斯國際機場
GLT,Gladstone Airport,格萊德斯通機場
GLU,Gelephu Airport,格勒普機場
GLV,Golovin Airport,戈洛溫機場
GLW,Glasgow Municipal Airport,格拉斯哥市立機場
GLX,Gamarmalamo Airport,加馬馬拉莫機場
GLZ,Gilze Rijen Air Base,吉爾澤賴恩空軍基地
GMA,Gemena Airport,傑梅納機場
GMB,Gambella Airport,甘貝拉機場
GMD,Ben Slimane Airport,本斯利曼機場
GME,Gomel Airport,戈梅利機場
GMI,Gasmata Island Airport,加斯馬塔島機場
GMM,Gamboma Airport,甘博馬機場
GMN,Greymouth Airport,格雷默斯機場
GMO,Gombe Lawanti International Airport,貢貝拉萬蒂國際機場
GMP,Gimpo International Airport,金浦國際機場
GMR,Totegegie Airport,托特格吉機場
GMS,Fazenda Canada Airport,加拿大農場機場
GMT,Granite Mountain Air Station,花崗巖山航空站
GMU,Greenville Downtown Airport,格林維爾市中心機場
GMV,Monument Valley Airport,紀念碑谷機場
GMZ,La Gomera Airport,戈梅拉機場
GNA,Hrodna Airport,格羅德諾機場
GNB,Grenoble-Isere Airport,格勒諾布林機場
GND,Point Salines International Airport,薩利恩角國際機場
GNF,Gansner Field,甘斯納爾機場
GNG,Gooding Municipal Airport,古丁市立機場
GNI,Lyudao Airport,綠島機場
GNJ,Ganja Airport,佔賈國際機場
GNM,Guanambi Airport,格納比機場
GNR,Dr. Arturo H. Illia Airport,阿圖羅·H·伊利亞博士機場
GNS,Binaka Airport,比納卡機場
GNT,Grants-Milan Municipal Airport,格蘭茨-米蘭市立機場
GNU,Goodnews Airport,古德紐斯機場
GNV,Gainesville Regional Airport,蓋恩斯維爾區域機場
GNY,Sanliurfa GAP Airport,尚勒烏爾法GAP機場
GNZ,Ghanzi Airport,根濟機場
GOA,Genova / Sestri Cristoforo Colombo Airport,熱那亞機場
GOB,Robe Airport,羅布機場
GOG,Gobabis Airport,戈巴比斯機場
GOH,Nuuk Airport,努克機場
GOI,Dabolim Airport,達博林機場
GOJ,Nizhny Novgorod International Airport,下諾夫哥羅德國際機場
GOK,Guthrie/Edmond Regional Airport,加斯里/埃德蒙區域機場
GOL,Gold Beach Municipal Airport,戈爾德比奇市立機場
GOM,Goma International Airport,戈馬國際機場
GON,Groton-New London Airport,格羅頓-新倫敦機場
GOO,Goondiwindi Airport,古迪溫迪機場
GOP,Gorakhpur Airport,戈勒克布林機場
GOQ,Golmud Airport,格爾木機場
GOR,Gore Airport,戈爾機場
GOT,Gothenburg-Landvetter Airport,哥德堡-蘭德維特機場
GOU,Garoua International Airport,加魯阿國際機場
GOV,Gove Airport,戈夫機場
GOX,Manohar International Airport,馬諾哈爾國際機場
GOY,Amparai Airport,安帕賴機場
GOZ,Gorna Oryahovitsa Airport,戈爾男女雅霍維察機場
GPA,Araxos Airport,阿拉克索斯機場
GPB,Tancredo Thomas de Faria Airport,坦克雷多·託馬斯·德·法裡亞機場
GPI,Juan Casiano Airport,胡安卡西亞諾機場
GPL,Guapiles Airport,瓜皮萊斯機場
GPN,Garden Point Airport,加登角機場
GPO,General Pico Airport,皮科將軍機場
GPS,Seymour Airport,西摩機場
GPT,Gulfport-Biloxi International Airport,格爾夫波特-比洛克西國際機場
GPZ,Grand Rapids/Itasca County-Gordon Newstrom Field,大急城/伊塔斯卡縣-戈登紐斯特羅姆機場
GQQ,Galion Municipal Airport,加利恩市立機場
GRB,Green Bay/Austin Straubel International Airport,綠灣/奧斯汀斯特羅貝爾國際機場
GRD,Greenwood County Airport,格林伍德縣機場
GRE,Greenville Airport,格林維爾機場
GRF,Gray Army Air Field (Joint Base Lewis-Mcchord) Airport,格雷陸軍機場（路易斯-麥科德聯合基地）
GRI,Central Nebraska Regional Airport,內布拉斯加中部區域機場
GRJ,George Airport,喬治機場
GRK,Robert Gray Army Air Field,羅伯特格雷陸軍機場
GRL,Garasa Airport,加拉薩機場
GRM,Grand Marais/Cook County Airport,大馬雷/庫克縣機場
GRN,Gordon Municipal Airport,戈登市立機場
GRO,Girona Airport,赫羅納-布拉瓦海岸機場
GRP,Gurupi Airport,古魯皮機場
GRQ,Eelde Airport,格羅寧根-埃爾德機場
GRR,Gerald R Ford International Airport,傑拉德·福特國際機場
GRS,Grosseto Airport,格羅塞託機場
GRU,Guarulhos - Governador Andre Franco Montoro International Airport,聖保羅/瓜魯柳斯國際機場
GRV,Grozny North Airport,卡德羅夫格羅茲尼國際機場
GRW,Graciosa Airport,格拉西奧薩機場
GRX,Federico Garcia Lorca Airport,格拉納達機場
GRY,Grímsey Airport,格里姆賽機場
GRZ,Graz Airport,格拉茨機場
GSA,Long Pasia Airport,隆帕西亞機場
GSB,Seymour Johnson Afb Airport,西摩約翰遜空軍基地機場
GSC,Gascoyne Junction Airport,加斯科因章克申機場
GSE,Gothenburg City Airport,哥德堡市鎮機場
GSH,Goshen Municipal Airport,戈申市立機場
GSI,Grand-Santi Airport,格蘭桑蒂機場
GSJ,San Jose Airport,聖荷西機場
GSM,Dayrestan Airport,代雷斯坦機場
GSN,Mount Gunson Airport,岡森山機場
GSO,Piedmont Triad International Airport,皮埃蒙特三角國際機場
GSP,Greenville Spartanburg International Airport,格林維爾-斯帕坦堡國際機場
GSQ,Shark El Oweinat International Airport,歐維納特角國際機場
GSR,Gardo Airport,加爾多機場
GSS,Sabi Sabi Airport,薩比薩比機場
GST,Gustavus Airport,古斯塔夫斯機場
GSU,Azaza Airport,阿扎扎機場
GSV,Gagarin Airport,加加林機場
GTA,Gatokae Airport,恩加託卡埃機場
GTE,Groote Eylandt Airport,格魯特島機場
GTF,Great Falls International Airport,大瀑布城國際機場
GTG,Grantsburg Municipal Airport,格蘭茨堡市立機場
GTI,Rugen Airport,呂根機場
GTN,Glentanner Airport,格倫坦納機場
GTO,Jalaluddin Airport,加拉魯丁機場
GTP,Grants Pass Airport,格蘭茨帕斯機場
GTR,Golden Triangle Regional Airport,金三角區域機場
GTS,The Granites Airport,格拉尼茨機場
GTT,Georgetown Airport,喬治城機場
GTY,Gettysburg Regional Airport,蓋茨堡區域機場
GUA,La Aurora Airport,拉奧羅拉國際機場
GUB,Guerrero Negro Airport,格雷羅內格羅機場
GUC,Gunnison-Crested Butte Regional Airport,甘尼森-克雷斯蒂德位元區域機場
GUD,Goundam Airport,古恩達姆機場
GUF,Gulf Shores International/Jack Edwards Field,墨西哥灣岸區國際機場／傑克愛德華茲機場
GUH,Gunnedah Airport,岡尼達機場
GUI,Guiria Airport,吉里亞機場
GUJ,Guaratingueta Airport,瓜拉廷格塔機場
GUL,Goulburn Airport,古爾本機場
GUM,Guam International Airport,安東尼奧·汪帕特國際機場
GUP,Gallup Municipal Airport,蓋洛普市立機場
GUQ,Guanare Airport,瓜納雷機場
GUR,Gurney Airport,格尼機場
GUS,Grissom Arb Airport,格里森預備役航空站機場
GUT,Gutersloh Airport,居特斯洛機場
GUU,Grundarfjörður Airport,格倫達菲厄澤機場
GUV,Mougulu Airport,穆古盧機場
GUW,Atyrau International Airport,阿特勞機場
GUX,Guna Airport,古納機場
GUY,Guymon Municipal Airport,圭蒙市立機場
GUZ,Guarapari Airport,瓜拉帕裡機場
GVA,Geneva Cointrin International Airport,日內瓦機場
GVE,Gordonsville Municipal Airport,戈登斯維爾市立機場
GVI,Green River Airport,綠河機場
GVL,Lee Gilmer Memorial Airport,李吉爾默紀念機場
GVN,Maygatka Airport.,邁加特卡機場
GVP,Greenvale Airport,格林韋爾機場
GVR,Governador Valadares Airport,瓦拉達雷斯州長市機場
GVT,Majors Airport,梅傑斯機場
GVX,Gavle Sandviken Airport,耶夫勒桑德維肯機場
GWA,Gwa Airport,瓜機場
GWD,Gwadar International Airport,瓜達爾國際機場
GWE,Thornhill Air Base,索恩希爾空軍基地
GWL,Gwalior Airport,瓜廖爾機場
GWO,Greenwood-Leflore Airport,格林伍德萊弗洛爾機場
GWS,Kgws Sumers Airpark,薩默斯航空公園
GWT,Westerland Sylt Airport,韋斯特蘭錫爾特機場
GWV,Fokker Field,福克機場
GXF,Sayun International Airport,賽溫國際機場
GXG,Negage Airport,內加熱機場
GXH,Gannan Xiahe Airport,甘南夏河機場
GXM,Kuala Kurun,瓜拉庫倫機場
GXQ,Teniente Vidal Airport,特尼恩特維達爾機場
GXX,Yagoua Airport,亞瓜阿機場
GXY,Greeley-Weld County Airport,格里利威爾德縣機場
GYA,Capitan de Av. Emilio Beltran Airport,埃米利奧貝爾特蘭上尉機場
GYD,Heydar Aliyev International Airport,蓋達爾·阿利耶夫國際機場
GYE,Simon Bolivar International Airport,何塞·華金·德·奧爾梅多國際機場
GYG,Magan Airport,馬甘機場
GYI,Gisenyi Airport,吉塞尼機場
GYL,Argyle Airport,阿蓋爾機場
GYM,General Jose Maria Yanez International Airport,何塞·馬裡亞·亞涅斯將軍國際機場
GYN,Santa Genoveva Airport,聖熱內瓦機場
GYP,Gympie Airport,金皮機場
GYR,Phoenix Goodyear Airport,鳳凰城古德伊爾機場
GYS,Guangyuan Airport,廣元盤龍機場
GYU,Guyuan Liupanshan Airport,固原六盤山機場
GYY,Gary/Chicago International Airport,加里／芝加哥國際機場
GYZ,Gruyere Airport,格呂耶爾機場
GZG,Garze Gesar Airport,甘孜格薩爾機場
GZO,Nusatupe Airport,努薩圖佩機場
GZP,Gazipasa Airport,加濟帕夏機場
GZT,Gaziantep International Airport,加濟安泰普國際機場
GZW,Qazvin Airport,加茲溫機場
HAA,Hasvik Airport,哈斯維克機場
HAB,Marion County-Rankin Fite Airport,馬里昂縣蘭金費特機場
HAC,Hachijojima Airport,八丈島機場
HAD,Halmstad Airport,哈爾姆斯塔德機場
HAF,Half Moon Bay Airport,半月灣機場
HAH,Prince Said Ibrahim International Airport,賽義德·易卜拉欣王子國際機場
HAI,Three Rivers Municipal/Dr Haines Airport,三河市立／海恩斯博士機場
HAJ,Hannover Airport,漢諾威-朗根哈根機場
HAK,Haikou Meilan International Airport,海口美蘭國際機場
HAM,Hamburg Airport,漢堡機場
HAN,Noi Bai International Airport,內排國際機場
HAO,Butler County Regional/Hogan Field,巴特爾縣區域／霍根機場
HAQ,Hanimaadhoo International Airport,哈尼馬杜國際機場
HAS,Hail Airport,哈伊勒機場
HAT,Heathlands Airport,希思蘭茲機場
HAU,Haugesund Airport,海于格松機場
HAV,Jose Marti International Airport,何塞·馬蒂國際機場
HAW,Haverfordwest Airport,哈弗福德韋斯特機場
HAY,Aguachica Airport,阿瓜奇卡機場
HBA,Hobart International Airport,霍巴特機場
HBB,Industrial Airpark,工業航空公園
HBE,Borg El Arab International Airport,博爾格埃爾阿拉伯國際機場
HBG,Hattiesburg Bobby L Chain Municipal Airport,哈蒂斯堡鮑比·L·錢恩市立機場
HBK,Holbrook Municipal Airport,霍爾布魯克市立機場
HBQ,Haibei Qilian Airport,海北祁連機場
HBR,Hobart Regional Airport,霍巴特區域機場
HBT,King Khaled Military City Airport,哈 Khalid 國王軍城機場
HBU,Bulgan Sum Airport,科布多省布林幹機場
HBX,Hubli Airport,胡布利機場
HCA,Big Spring/Mc Mahon-Wrinkle Airport,大泉／麥克馬洪林克爾機場
HCC,Columbia County Airport,哥倫比亞縣機場
HCM,Eil Airport,埃爾機場
HCN,Hengchun Airport,恆春機場
HCQ,Halls Creek Airport,霍爾斯克裡克機場
HCR,Holy Cross Airport,聖十字機場
HCW,Cheraw Municipal/Lynch Bellinger Field,切羅基市立／林奇貝林格機場
HCZ,Chenzhou Beihu Airport,郴州北湖機場
HDD,Hyderabad Airport,海得拉巴機場
HDE,Brewster Field,布魯斯特機場
HDF,Heringsdorf Airport,赫林斯多夫機場
HDG,Handan Airport,邯鄲機場
HDH,Kawaihapai Airfield,卡瓦哈帕伊機場
HDK,Kulhudhuffushi Airport,庫爾胡杜富士機場
HDM,Hamadan Airport,哈馬丹機場
HDN,Yampa Valley Airport,揚帕谷機場
HDO,Hindon Airport,欣頓機場
HDR,Havadarya Airport,哈瓦達裡亞機場
HDS,Hoedspruit Air Force Base Airport,赫德斯普魯特空軍基地機場
HDY,Hat Yai International Airport,合艾國際機場
HEA,Herat Airport,赫拉特國際機場
HED,Herendeen Bay Airport,赫倫丁灣機場
HEE,Thompson-Robbins Airport,湯普森-羅賓斯機場
HEH,Heho Airport,黑河機場 (緬甸)
HEI,Heide-Busum Airport,海德-比蘇姆機場
HEK,Heihe Airport,黑河璦琿機場
HEL,Helsinki Vantaa Airport,赫爾辛基-萬塔機場
HER,Heraklion International Nikos Kazantzakis Airport,伊拉克利翁尼科斯·卡贊察基斯國際機場
HES,Hermiston Municipal Airport,赫米斯頓市立機場
HET,Baita International Airport,呼和浩特白塔國際機場
HEW,Athen Helenikon Airport,雅典海利尼康機場
HEZ,Hardy-Anders Field/Natchez-Adams County Airport,哈迪-安德斯機場／納切茲-亞當斯縣機場
HFA,Haifa International Airport,海法機場
HFD,Hartford-Brainard Airport,哈特福-佈雷納德機場
HFE,Hefei Xinqiao International Airport,合肥新橋國際機場
HFF,Mackall Army Air Field,麥卡爾陸軍機場
HFN,Hornafjörðu Airport,霍爾納菲厄澤機場
HFS,Hagfors Airport,哈格福什機場
HFT,Hammerfest Airport,哈默菲斯特機場
HGA,Egal International Airport,埃加勒國際機場
HGD,Hughenden Airport,休恩登機場
HGE,Higuerote Airport,伊格羅特機場
HGH,Hangzhou Xiaoshan International Airport,杭州蕭山國際機場
HGI,Donyi Polo Airport,多尼波洛機場
HGL,Helgoland-Dune Airport,黑爾戈蘭-迪恩機場
HGN,Mae Hong Son Airport,夜豐頌機場
HGO,Korhogo Airport,科霍戈機場
HGR,Hagerstown Regional/Richard A Henson Field,黑格斯敦區域／理查·A·亨森機場
HGS,Hastings Airport,黑斯廷斯機場
HGU,Mount Hagen Kagamuga Airport,芒特哈根機場
HGZ,Hog River Airport,霍格河機場
HHE,Hachinohe Airport,八戶機場
HHH,Hilton Head Airport,希爾頓黑德機場
HHI,Wheeler Army Air Field,惠勒空軍基地
HHN,Frankfurt-Hahn Airport,哈恩機場
HHQ,Hua Hin Airport,華欣機場
HHR,Jack Northrop Field/Hawthorne Municipal Airport,傑克諾斯洛普機場／霍索恩市立機場
HHZ,Hikueru Atoll Airport,希庫埃魯環礁機場
HIA,Lianshui Airport,淮安漣水國際機場
HIB,Range Regional Airport,蘭奇區域機場
HID,Horn Island Airport,霍恩島機場
HIE,Mount Washington Regional Airport,華盛頓山區域機場
HIF,Hill Afb Airport,希爾空軍基地機場
HIG,Highbury Airport,海布里機場
HII,Lake Havasu City Airport,哈瓦蘇湖城機場
HIJ,Hiroshima Airport,廣島機場
HIM,Minneriya Airport,米內裡亞機場
HIN,Sacheon Air Base,泗川機場
HIO,Portland-Hillsboro Airport,波特蘭-希爾斯伯勒機場
HIP,Headingly Airport,海丁利機場
HIR,Honiara International Airport,霍尼亞拉國際機場
HJJ,Zhijiang Airport,懷化芷江機場
HJR,Khajuraho Airport,克久拉霍機場
HJT,Khujirt Airport,呼吉爾特機場
HKA,Blytheville Municipal Airport,布萊斯維爾市立機場
HKD,Hakodate Airport,函館機場
HKG,Chek Lap Kok International Airport,香港國際機場
HKK,Hokitika Airfield,霍基蒂卡機場
HKN,Kimbe Airport,霍斯金斯機場
HKS,Hawkins Field,霍金斯機場
HKT,Phuket International Airport,布吉國際機場
HKY,Hickory Regional Airport,希科裡區域機場
HLA,Lanseria Airport,蘭塞裡亞機場
HLB,Batesville Airport,貝茨維爾機場
HLC,Hill City Municipal Airport,希爾市市立機場
HLD,Dongshan Airport,呼倫貝爾海拉爾國際機場
HLE,Saint Helena Airport,聖赫勒拿機場
HLF,Hultsfred Airport,胡爾斯弗雷德機場
HLG,Wheeling Ohio County Airport,惠靈俄亥俄郡機場
HLH,Ulanhot Airport,烏蘭浩特義勒力特機場
HLI,Hollister Municipal Airport,荷利斯特市立機場
HLJ,Barysiai Airport,巴里西艾機場
HLL,Hillside Airport,希爾賽德機場
HLN,Helena Regional Airport,海倫娜區域機場
HLP,Halim Perdanakusuma International Airport,哈利姆·珀達納庫蘇馬國際機場
HLR,Yoakum-Defrenn Army Heliport,約庫姆-德弗倫陸軍直升機機場
HLS,St Helens Airport,聖海倫斯機場
HLT,Hamilton Airport,漢密爾頓機場
HLU,Nesson Airport,內森機場
HLW,Hluhluwe Airport,黑魯魯韋機場
HLZ,Hamilton International Airport,漢米爾頓機場 (紐西蘭)
HMA,Khanty Mansiysk Airport,漢特-曼西斯克機場
HMB,Sohag International Airport,索哈傑國際機場
HME,Oued Irara Airport,烏德伊拉拉機場
HMG,Hermannsburg Airport,海曼斯堡機場
HMI,Hami Airport,哈密伊州機場
HMJ,Khmelnytskyi Airport,赫梅利尼茨基機場
HMN,Holloman Afb Airport,霍洛曼空軍基地 (新墨西哥州)
HMO,General Ignacio P. Garcia International Airport,伊格納西奧·P·加西亞將軍國際機場
HMR,Stafsberg Airport,斯塔夫斯貝格機場
HMT,Hemet-Ryan Airport,赫米特-賴恩機場
HMV,Hemavan Airport,赫馬凡機場
HMY,Seosan Air Base,瑞山機場
HNA,Hanamaki Airport,花捲機場
HNB,Huntingburg Airport,亨廷堡機場
HNC,Billy Mitchell Airport,比利·米切爾機場
HND,Tokyo International Airport,東京國際機場
HNH,Hoonah Airport,胡納機場
HNI,Hechi Jinchengjiang Airport,河池金城江機場
HNL,Daniel K Inouye International Airport,珍珠港-希卡姆聯合基地
HNM,Hana Airport,哈納機場
HNS,Haines Airport,海恩斯機場
HNY,Hengyang Airport,衡陽南嶽機場
HOA,Hola Airport,霍拉機場
HOB,Lea County Regional Airport,利亞郡區域機場
HOD,Hodeidah International Airport,荷臺達國際機場
HOF,Al Ahsa Airport,艾哈薩機場
HOG,Frank Pais International Airport,弗蘭克·派伊斯國際機場
HOH,Hohenems-Dornbirn Airport,霍恩埃姆斯-多恩比恩機場
HOI,Hao Airport,阿奧機場
HOK,Hooker Creek Airport,胡克溪機場
HOM,Homer Airport,荷馬機場
HON,Huron Regional Airport,休倫區域機場
HOP,Campbell Army Air Field (Fort Campbell) Airport,坎貝爾陸軍機場（坎貝爾堡）
HOQ,Hof-Plauen Airport,霍夫-普勞恩機場
HOR,Horta Airport,奧爾塔機場
HOS,Chos Malal Airport,喬斯馬拉爾機場
HOT,Memorial Field,紀念機場
HOU,William P Hobby Airport,威廉·佩特斯·霍比機場
HOV,Ørsta-Volda Airport Hovden,奧斯達-沃爾達霍夫登機場
HOX,Hommalinn Airport,霍馬林機場
HPA,Lifuka Island Airport,利富卡島機場
HPB,Hooper Bay Airport,胡珀灣機場
HPH,Cat Bi International Airport,吉碑國際機場
HPN,Westchester County Airport,威斯特徹斯特郡機場
HPT,Hampton Municipal Airport,漢普頓市立機場
HPV,Princeville Airport,普林斯維爾機場
HPY,Baytown Airport,貝敦機場
HQL,Tashkurgan Khunjerab Airport,塔什庫爾乾紅其拉甫機場
HQM,Bowerman Field,鮑爾曼機場
HRB,Taiping Airport,哈爾濱太平國際機場
HRE,Harare International Airport,羅伯特·穆加貝國際機場
HRF,Hoarafushi Airport,霍拉弗什機場
HRG,Hurghada International Airport,古爾代蓋國際機場
HRI,Mattala Rajapaksa International Airport,馬特拉·拉賈帕克薩國際機場
HRK,Kharkiv International Airport,哈爾科夫國際機場
HRL,Valley International Airport,山谷國際機場
HRM,Hassi R'Mel Airport,哈西魯邁爾機場
HRO,Boone County Airport,布恩郡機場
HRS,Harrismith Airport,哈里斯史密斯機場
HRT,RAF Linton-On-Ouse,林頓烏茲皇家空軍基地
HRY,Henbury Airport,亨伯裡機場
HRZ,Horizontina Airport,奧裡宗蒂納機場
HSA,Turkistan International Airport,圖爾克斯坦國際機場
HSB,Harrisburg-Raleigh Airport,哈里斯堡羅利機場
HSC,Shaoguan Guitou Airport,韶關丹霞機場
HSG,Saga Airport,佐賀機場
HSH,Henderson Executive Airport,亨德森行政機場
HSI,Hastings Municipal Airport,黑斯廷斯市立機場
HSK,Huesca/Pirineos Airport,韋斯卡庇里尼奧斯機場
HSL,Huslia Airport,胡斯利亞機場
HSM,Horsham Airport,霍舍姆機場
HSN,Zhoushan Airport,舟山普陀山國際機場
HSP,Ingalls Field,英格爾斯機場
HSR,Rajkot International Airport,拉傑科特國際機場
HSS,Hissar Airport,希薩爾機場
HST,Homestead Arb Airport,霍姆斯特德預備役航空基地
HSV,Huntsville International-Carl T Jones Field,亨茨維爾國際卡爾·T·瓊斯機場
HSZ,Hsinchu Air Base,新竹機場
HTA,Chita-Kadala Airport,赤塔機場
HTG,Khatanga Airport,哈坦加機場
HTH,Hawthorne Industrial Airport,霍桑工業機場
HTI,Hamilton Island Airport,漢密爾頓島機場
HTL,Roscommon County/Blodgett Memorial Airport,羅斯康蒙郡布洛傑特紀念機場
HTN,Hotan Airport,和田昆岡機場
HTO,East Hampton Town Airport,東漢普頓鎮機場
HTR,Hateruma Airport,波照間機場
HTS,Tri-State/Milton J Ferguson Field,三州米爾頓·J·弗格森機場
HTU,Hopetoun Airport,霍普託恩機場
HTV,Huntsville Municipal Airport,亨茨維爾市立機場
HTW,Lawrence County Airpark,勞倫斯郡航空公園
HTY,Hatay Airport,哈塔伊機場
HTZ,Hato Corozal Airport,哈託科羅薩爾機場
HUA,Redstone Army Air Field,雷德斯通陸軍機場
HUB,Humbert River Airport,亨伯特河機場
HUC,Dr Hermenegildo Ortiz Quinones Airport,埃爾梅內希爾多·奧爾蒂斯·基尼奧內斯博士機場
HUD,Humboldt Municipal Airport,洪堡市立機場
HUE,Humera Airport,胡梅拉機場
HUF,Terre Haute Regional Airport,特雷霍特區域機場
HUG,Huehuetenango Airport,韋韋特南戈機場
HUH,Huahine-Fare Airport,華欣費爾機場
HUI,Phu Bai Airport,富牌國際機場
HUJ,Stan Stamper Municipal Airport,斯坦·斯坦珀市立機場
HUL,Houlton International Airport,霍爾頓國際機場
HUM,Houma-Terrebonne Airport,霍馬特雷博恩機場
HUN,Hualien Airport,花蓮機場
HUO,Huolinguole Huolinhe Airport,霍林郭勒霍林河機場
HUQ,Hon Airport,霍恩機場
HUS,Hughes Airport,休斯機場
HUT,Hutchinson Regional Airport,哈欽森區域機場
HUU,Alferez Fap David Figueroa Fernandini Airport,阿爾費雷斯 FAP 大衛·菲格羅亞·費爾南迪尼機場
HUW,Humaita Airport,烏馬伊塔機場
HUX,Bahias de Huatulco International Airport,瓦圖爾科灣國際機場
HUY,Humberside Airport,亨伯賽德機場
HUZ,Huizhou Airport,惠州平潭機場
HVA,Analalava Airport,阿納拉拉瓦機場
HVB,Hervey Bay Airport,赫維灣機場
HVD,Khovd Airport,科布多機場
HVE,Hanksville Airport,漢克斯維爾機場
HVG,Valan Airport,瓦蘭機場
HVK,Hólmavík Airport,霍爾馬維克機場
HVN,Tweed/New Haven Airport,特威德紐哈芬機場
HVR,Havre City-County Airport,哈弗市縣機場
HVS,Hartsville Regional Airport,哈特斯ville區域機場
HWD,Hayward Executive Airport,海沃德行政機場
HWK,Wilpena Pound Airport,威爾佩納龐德機場
HWN,Hwange National Park Airport,萬基國家公園機場
HWO,North Perry Airport,北佩裡機場
HWR,Halwara International Airport,哈爾瓦拉國際機場
HXD,Delingha Airport,海西德令哈機場
HXX,Hay Airport,海伊機場
HYA,Cape Cod Gateway Airport,科德角門戶機場
HYC,Wycombe Air Park,威combe航空公園
HYD,Rajiv Gandhi International Airport Shamshabad,拉吉夫·甘地國際機場
HYL,Clark Bay Seaplane Base,克拉克灣水上飛機基地
HYN,Huangyan Luqiao Airport,台州路橋機場
HYR,Sawyer County Airport,索耶郡機場
HYS,Hays Regional Airport,海斯區域機場
HYV,Hyvinkaa Airport,許溫凱機場
HZA,Heze Mudan Airport,菏澤牡丹機場
HZB,Merville-Calonne Airport,梅維爾卡洛訥機場
HZG,Hanzhong Airport,漢中城固機場
HZH,Qiandongnan Liping Airport,黔東南黎平機場
HZK,Húsavík Airport,胡薩維克機場
HZL,Hazleton Regional Airport,黑茲爾頓區域機場
HZP,Fort Mackay / Horizon Airport,麥凱堡／地平線機場
IAA,Igarka Airport,伊加爾卡機場
IAB,Mc Connell Afb Airport,麥康奈爾空軍基地機場
IAD,Washington Dulles International Airport,華盛頓杜勒斯國際機場
IAG,Niagara Falls International Airport,尼加拉瀑布國際機場
IAH,George Bush Intcntl/Houston Airport,喬治·布殊洲際機場
IAM,In Amenas Airport,因阿邁納斯機場
IAN,Bob Baker Memorial Airport,鮑勃貝克紀念機場
IAO,Siargao Airport,錫亞高機場
IAQ,Bastak Airport,巴斯塔克機場
IAR,Tunoshna Airport,圖諾什納機場
IAS,Iasi Airport,雅西國際機場
IBA,Ibadan Airport,伊巴丹機場
IBB,General Villamil Airport,維拉米爾將軍機場
IBE,Perales Airport,佩拉萊斯機場
IBP,Iberia Airport,伊比利亞機場
IBR,Hyakuri Airport,茨城機場
IBZ,Ibiza Airport,伊維薩機場
ICA,Icabaru Airport,伊卡巴魯機場
ICC,Andres Miguel Salazar Marcano Airport,安德烈斯米格爾薩拉查馬爾卡諾機場
ICI,Cicia Airport,西西亞機場
ICK,Nieuw Nickerie Airport,新尼克裡機場
ICL,Schenck Field,申克機場
ICN,Incheon International Airport,仁川國際機場
ICR,Nicaro Airport,尼卡羅機場
ICS,Cascade Airport,卡斯凱德機場
ICT,Wichita Dwight D Eisenhower Ntl Airport,威奇托德懷特D艾森豪國家機場
ICY,Icy Bay Airport,冰灣機場
IDA,Idaho Falls Regional Airport,愛達荷福alls區域機場
IDB,Idre Airport,伊德雷機場
IDF,Idiofa Airport,伊迪奧法機場
IDG,Ida Grove Municipal Airport,艾達格羅夫市立機場
IDH,Idaho County Airport,愛達荷郡機場
IDI,Indiana County/Jimmy Stewart Field,印第安納郡／吉米史都華機場
IDK,Indulkana Airport,因杜爾卡納機場
IDO,Santa Izabel do Morro Airport,莫羅聖伊薩貝爾機場
IDP,Independence Municipal Airport,獨立城市立機場
IDR,Devi Ahilyabai Holkar Airport,戴維·阿希利亞拜·霍爾卡機場
IDY,Ile d'Yeu Airport,約島機場
IEG,Zielona Góra-Babimost Airport,綠山城巴比莫斯特機場
IEJ,Ie Jima Airport,伊江島機場
IES,Riesa-Gohlis Airport,裡薩-戈利斯機場
IEV,Kyiv Zhuliany International Airport,基輔國際機場
IFA,Iowa Falls Municipal Airport,愛荷華福爾斯市立機場
IFF,Iffley Airport,伊夫利機場
IFH,Hesa Airport,赫薩機場
IFJ,Ísafjörður Airport,伊薩菲厄澤機場
IFL,Innisfail Airport,因尼斯費爾機場
IFN,Esfahan Shahid Beheshti International Airport,伊斯法罕沙希德·貝赫什提國際機場
IFO,Ivano-Frankivsk International Airport,伊萬諾-弗蘭科夫斯克國際機場
IFP,Laughlin/Bullhead International Airport,勞林/布林海德國際機場
IFU,Ifuru Airport,伊富魯機場
IGA,Inagua Airport,伊納瓜機場
IGB,Cabo F.A.A. H. R. Bordon Airport,卡博 F.A.A. H. R. 博爾登機場
IGD,Igdir Airport,厄德爾機場
IGG,Igiugig Airport,伊吉烏吉格機場
IGH,Ingham Airport,英厄姆機場
IGL,Cigli Airport,奇格利機場
IGM,Kingman Airport,金曼機場
IGN,Iligan Airport,伊利甘機場
IGO,Chigorodo Airport,奇戈多機場
IGR,Cataratas Del Iguazu International Airport,伊瓜蘇瀑布國際機場
IGS,Ingolstadt Manching Airport,因戈爾施塔特曼興機場
IGT,Magas Airport,馬加斯機場
IGU,Cataratas International Airport,卡塔拉塔斯國際機場
IHA,Niijima Airport,新島機場
IHC,Inhaca Airport,伊納卡機場
IHO,Ihosy Airport,伊霍西機場
IHR,Iran Shahr Airport,伊朗沙赫爾機場
IIA,Inishmaan Aerodrome,伊尼什曼機場
IIL,Ilam Airport,伊拉姆機場
IJK,Izhevsk Airport,伊熱夫斯克機場
IJU,Ijui Airport,伊茹伊機場
IJX,Jacksonville Municipal Airport,傑克遜ville市立機場
IKA,Imam Khomeini International Airport,伊瑪目霍梅尼國際機場
IKB,Wilkes County Airport,威爾克斯縣機場
IKG,Karakol Airport,卡拉科爾機場
IKI,Iki Airport,壹岐機場
IKK,Greater Kankakee Airport,大坎卡基機場
IKL,Ikela Airport,伊凱拉機場
IKO,Nikolski Air Station,尼科爾斯基航空站
IKP,Inkerman Airport,因克曼機場
IKS,Tiksi Airport,季克西機場
IKT,Irkutsk Airport,伊爾庫茨克國際機場
IKU,Issyk-Kul International Airport,伊塞克湖國際機場
ILA,Illaga Airport,伊拉加機場
ILD,Lleida-Alguaire Airport,萊裡達-阿爾瓜伊雷機場
ILE,Skylark Field,雲雀機場
ILF,Ilford Airport,伊爾福德機場
ILG,New Castle Airport,紐城堡機場
ILH,Illesheim Air Base,伊勒施海姆空軍基地
ILI,Iliamna Airport,伊利亞姆納機場
ILK,Atsinanana Airport,阿齊納納納機場
ILL,Willmar Municipal/John L Rice Field,威爾馬市立/約翰·L·賴斯機場
ILM,Wilmington International Airport,威爾明頓國際機場
ILN,Wilmington Air Park,威爾明頓航空公園
ILO,Iloilo International Airport,伊洛伊洛國際機場
ILP,Ile des Pins Airport,松樹島機場
ILQ,Ilo Airport,伊洛機場
ILR,Ilorin International Airport,伊洛林國際機場
ILS,Ilopango International Airport,伊洛潘戈國際機場
ILU,Kilaguni Airport,基拉古尼機場
ILY,Islay Airport,艾lay機場
ILZ,Zilina Airport,日利納機場
IMB,Imbaimadai Airport,因拜馬代機場
IMF,Imphal Airport,因帕爾機場
IMK,Simikot Airport,西米科特機場
IML,Imperial Municipal Airport,因佩裡爾市立機場
IMM,Immokalee Regional Airport,伊莫卡利區域機場
IMO,Zemio Airport,澤米奧機場
IMP,Prefeito Renato Moreira Airport,雷納託莫雷拉市長機場
IMQ,Makou Airport,馬庫機場
IMT,Ford Airport,福特機場
INA,Inta Airport,因塔機場
INC,Yinchuan Hedong International Airport,銀川河東國際機場
IND,Indianapolis International Airport,印第安納波利斯國際機場
INF,In Guezzam Airport,因格扎姆機場
ING,Lago Argentino Airport,阿根廷湖機場
INH,Inhambane Airport,伊尼揚巴內機場
INI,Nis Airport,尼什君士坦丁大帝機場
INJ,Injune Airport,因朱恩機場
INK,Winkler County Airport,溫克勒郡機場
INL,Falls International/Einarson Field,福爾斯國際機場／埃納森場
INM,Innamincka Airport,因納明卡機場
INN,Innsbruck Airport,因斯布魯克機場
INO,Inongo Airport,伊農戈機場
INQ,Inisheer Aerodrome,伊尼什埃爾機場
INS,Creech Afb Airport,克里奇空軍基地機場
INT,Smith Reynolds Airport,史密斯雷諾茲機場
INU,Nauru International Airport,諾魯國際機場
INV,Inverness Airport,因弗內斯機場
INW,Winslow-Lindbergh Regional Airport,溫斯洛－林德伯格區域機場
INX,Inanwatan Airport,伊納瓦坦機場
INZ,In Salah Airport,因薩拉赫機場
IOA,Ioannina Airport,約阿尼納機場
IOM,Isle of Man Airport,曼島機場
ION,Impfondo Airport,因普豐多機場
IOR,Inishmore Aerodrome,伊尼什莫爾機場
IOS,Bahia - Jorge Amado Airport,巴伊亞－豪爾赫·阿馬多機場
IOU,Edmond Cane Airport,埃德蒙凱恩機場
IOW,Iowa City Municipal Airport,愛荷華城市立機場
IPA,Ipota Airport,伊波塔機場
IPC,Mataveri Airport,馬塔維裡國際機場
IPE,Ipil Airport,伊皮爾機場
IPG,Ipiranga Airport,伊皮朗加機場
IPH,Sultan Azlan Shah Airport,怡保國際機場
IPI,San Luis Airport,聖路易斯機場
IPL,Imperial County Airport,因佩裡爾郡機場
IPN,Usiminas Airport,烏西米納斯機場
IPT,Williamsport Regional Airport,威廉斯波特區域機場
IPU,Ipiau Airport,伊皮阿烏機場
IPZ,San Isidro del General Airport,聖伊西德羅德爾赫內拉爾機場
IQA,Al Asad Air Base,阿薩德空軍基地
IQM,Qiemo Airport,且末機場
IQN,Qingyang Airport,慶陽機場
IQQ,Diego Aracena Airport,迭戈阿拉塞納機場
IQT,Coronel FAP Francisco Secada Vignetta International Airport,法蘭西斯科·塞卡達·維格內塔上校國際機場
IRA,Ngorangora Airport,恩戈蘭戈拉機場
IRB,Iraan Municipal Airport,伊拉恩市立機場
IRC,Circle City Airport,圓城機場
IRE,Irece Airport,伊雷塞機場
IRG,Lockhart River Airport,洛克哈特河機場
IRI,Iringa Airport,伊林加機場
IRJ,Capitan V A Almonacid Airport,庫長官 V·A·阿爾莫納西德機場
IRK,Kirksville Regional Airport,柯克斯維爾區域機場
IRM,Igrim Airport,伊格里姆機場
IRN,Iriona Airport,伊里昂納機場
IRO,Birao Airport,比勞機場
IRP,Matari Airport,馬塔裡機場
IRS,Kirsch Municipal Airport,基爾施市立機場
IRZ,Tapuruquara Airport,塔普魯庫拉機場
ISA,Mount Isa Airport,伊薩山機場
ISB,Islamabad International Airport,伊斯蘭瑪巴德國際機場
ISC,St. Mary's Airport,聖瑪麗機場
ISE,Suleyman Demirel International Airport,蘇萊曼·德米雷爾國際機場
ISG,Ishigaki Airport,石垣機場
ISI,Isisford Airport,西西斯福德機場
ISJ,Isla Mujeres Airport,女人島機場
ISK,Ozar Airport,奧扎爾機場
ISL,Ataturk International Airport,阿塔圖爾克機場
ISM,Kissimmee Gateway Airport,基西米門戶機場
ISO,Kinston Regional Jetport At Stallings Field,斯塔林斯菲爾德金斯頓區域噴射機場
ISP,Long Island Mac Arthur Airport,長島麥克阿瑟機場
ISQ,Schoolcraft County Airport,斯庫爾克拉夫特郡機場
ISS,Wiscasset Airport,威斯卡塞特機場
IST,Istanbul Airport,伊斯坦堡機場
ISU,Sulaymaniyah International Airport,蘇萊曼尼亞國際機場
ISW,Alexander Field South Wood County Airport,亞歷山大南伍德郡機場
ITA,Itacoatiara Airport,伊塔科阿蒂亞拉機場
ITB,Itaituba Airport,伊泰圖巴機場
ITE,Itubera Airport,伊圖貝拉機場
ITH,Ithaca Tompkins International Airport,伊薩卡湯普金斯國際機場
ITI,Agropecuaria Castanhais Airport,卡斯塔尼斯農牧機場
ITM,Osaka International Airport,大阪國際機場
ITO,Hilo International Airport,希洛國際機場
ITP,Itaperuna Airport,伊塔佩魯納機場
ITQ,Itaqui Airport,伊塔基機場
IUD,Al Udeid Air Base,烏代德空軍基地
IUE,Niue International Airport,紐埃國際機場
IVA,Ambanja Airport,安班賈機場
IVC,Invercargill Airport,因弗卡吉爾機場
IVG,Berane Airport,貝朗內機場
IVL,Ivalo Airport,伊瓦洛機場
IVR,Inverell Airport,因弗雷爾機場
IVW,Inverway Airport,因弗韋機場
IWA,Ivanovo South Airport,伊凡諾沃南機場
IWD,Gogebic/Iron County Airport,戈戈比克／艾恩郡機場
IWJ,Iwami Airport,石見機場
IWK,Iwakuni Marine Corps Air Station,巖國飛行場
IWO,Iwo Jima Airport,硫磺島機場
IWS,West Houston Airport,西休士頓機場
IXA,Agartala Airport,阿加爾塔拉機場
IXB,Bagdogra Airport,巴多格拉機場
IXC,Chandigarh Airport,昌迪加爾機場
IXD,Allahabad Airport,阿拉哈巴德機場
IXE,Mangalore International Airport,門格洛爾國際機場
IXG,Belgaum Airport,貝爾高姆機場
IXH,Kailashahar Airport,凱拉沙哈爾機場
IXI,North Lakhimpur Airport,北拉克欣普爾機場
IXJ,Jammu Airport,查謨機場
IXK,Keshod Airport,凱紹德機場
IXL,Leh Kushok Bakula Rimpochee Airport,列城庫索克·巴庫拉·仁波切機場
IXM,Madurai Airport,馬杜賴機場
IXN,Khowai Airport,霍瓦伊機場
IXP,Pathankot Air Force Station,帕坦科特空軍基地
IXQ,Kamalpur Airport,卡馬爾普爾機場
IXR,Birsa Munda Airport,比爾薩·蒙達機場
IXS,Silchar Airport,錫爾恰爾機場
IXT,Pasighat Airport,帕西加特機場
IXU,Aurangabad Airport,奧蘭加巴德機場
IXV,Along Airport,阿隆機場
IXW,Jamshedpur Airport,詹謝普爾機場
IXY,Kandla Airport,坎德拉機場
IXZ,Vir Savarkar International Airport,韋埃爾·薩瓦卡國際機場
IYK,Inyokern Airport,因約克恩機場
IZA,Zona da Mata Regional Airport,馬塔地區機場
IZO,Izumo Airport,出雲機場
IZT,Ixtepec Airport,伊斯特佩克機場
JAA,Jalalabad Airport,賈拉拉巴德機場
JAB,Jabiru Airport,賈比魯機場
JAC,Jackson Hole Airport,傑克遜霍爾機場
JAD,Perth Jandakot Airport,伯斯詹達科特機場
JAE,Shumba Airport,舒姆巴機場
JAF,Jaffna International Airport,賈夫納國際機場
JAG,Shahbaz Air Base,沙巴茲空軍基地
JAI,Jaipur International Airport,齋浦爾國際機場
JAK,Jacmel Airport,雅克梅勒機場
JAL,El Lencero Airport,埃爾倫塞羅機場
JAM,Bezmer Air Base,貝茲梅爾空軍基地
JAN,Jackson-Medgar Wiley Evers International Airport,傑克遜-梅德加·威利·埃弗斯國際機場
JAP,Chacarita Airport,查卡里塔機場
JAR,Jahrom Airport,傑羅姆機場
JAS,Jasper County/Bell Field,傑斯珀郡/貝爾機場
JAU,Francisco Carle Airport,弗朗西斯科卡爾萊機場
JAV,Ilulissat Airport,伊盧利薩特機場
JAW,Araripina Airport,阿拉里皮納機場
JAX,Jacksonville International Airport,傑克遜維爾國際機場
JBK,Qitai Jiangbulake Airport,奇台江布拉克機場
JBQ,La Isabela International Airport,伊莎貝拉國際機場
JBR,Jonesboro Municipal Airport,瓊斯boro市立機場
JCB,Santa Terezinha Airport,聖特雷津哈機場
JCI,New Century Aircenter Airport,新世紀航空中心機場
JCK,Julia Creek Airport,茱莉亞克里克機場
JCL,Ceske Budejovice Airport,捷克布傑約維採機場
JCM,Jacobina Airport,雅科比納機場
JCR,Jacareacanga Airport,雅卡雷阿坎加機場
JCT,Kimble County Airport,金布林郡機場
JCY,Lbj Ranch Airport,LBJ牧場機場
JDA,Grant County Regional/Ogilvie Field,格蘭特郡區域/奧吉爾維機場
JDF,Francisco de Assis Airport,弗朗西斯科德阿西斯機場
JDG,Jeongseok Airport,靜石飛行場
JDH,Jodhpur Airport,焦特布林機場
JDN,Jordan Airport,喬丹機場
JDO,Orlando Bezerra de Menezes Airport,奧蘭多貝澤拉德梅內塞斯機場
JDR,Prefeito Octavio de Almeida Neves Airport,奧克塔維奧·德·阿爾梅達·內韋斯市長機場
JDZ,Jingdezhen Airport,景德鎮羅家機場
JED,King Abdulaziz International Airport,阿卜杜勒-阿齊茲國王國際機場
JEE,Jeremie Airport,熱雷米機場
JEF,Jefferson City Memorial Airport,傑佛遜城紀念機場
JEG,Aasiaat Airport,阿西阿特機場
JEK,Jeki Airstrip,傑基簡易機場
JEQ,Jequie Airport,熱基耶機場
JER,Jersey Airport,澤西機場
JFK,John F Kennedy International Airport,約翰·甘迺迪國際機場
JFN,Northeast Ohio Regional Airport,東北俄亥俄地區機場
JFR,Paamiut Airport,帕米尤特機場
JGA,Jamnagar Airport,賈姆訥格爾機場
JGN,Jiayuguan Airport,嘉峪關酒泉機場
JGS,Jinggangshan Airport,吉安井岡山機場
JHB,Senai International Airport,士乃國際機場
JHF,São Paulo Catarina Executive Airport,聖保羅卡塔琳娜行政機場
JHG,Xishuangbanna Gasa Airport,西雙版納嘎灑國際機場
JHL,Fort MacKay/Albian Aerodrome,麥凱堡/阿爾比安飛行場
JHM,Kapalua Airport,卡帕魯阿機場
JHS,Sisimiut Airport,西西繆特機場
JHW,Chautauqua County/Jamestown Airport,喬託誇郡/詹姆斯敦機場
JIA,Juina Airport,瑞納機場
JIB,Djibouti-Ambouli Airport,吉布提-安布利國際機場
JIC,Jinchuan Airport,金昌金川機場
JIJ,Jigjiga Garad Wilwal Airport,吉吉加加拉德威爾瓦爾機場
JIK,Ikaria Airport,伊卡利亞機場
JIL,Jilin Airport,吉林二臺子機場
JIM,Jimma Airport,吉馬機場
JIN,Jinja Airport,金加機場
JIP,Jipijapa Airport,希皮哈帕機場
JIQ,Qianjiang Wulingshan Airport,黔江武陵山機場
JIR,Jiri Airport,吉里機場
JIU,Jiujiang Lushan Airport,九江廬山機場
JIW,Jiwani Airport,吉瓦尼機場
JJD,Comandante Ariston Pessoa Airport,科曼丹特阿里斯頓佩索阿機場
JJG,Humberto Ghizzo Bortoluzzi Regional Airport,翁貝託吉佐博爾託盧齊地區機場
JJI,Juanjui Airport,胡安胡伊機場
JJM,Mulika Lodge Airport,穆利卡山林小屋機場
JJN,Quanzhou Airport,泉州晉江國際機場
JKG,Jonkoping Airport,延雪平機場
JKH,Chios Island National Airport,希俄斯島國家機場
JKL,Kalymnos Airport,卡利姆諾斯機場
JKR,Janakpur Airport,賈納克布林機場
JKV,Cherokee County Airport,切羅基郡機場
JLA,Quartz Creek Airport,石英溪機場
JLN,Joplin Regional Airport,喬普林地區機場
JLR,Jabalpur Airport,賈巴爾普爾機場
JLS,Jales Airport,雅萊斯機場
JMK,Mikonos Airport,米克諾斯機場
JMO,Jomsom Airport,佐莫索姆機場
JMS,Jamestown Regional Airport,詹姆斯敦地區機場
JMU,Jiamusi Airport,佳木斯松江國際機場
JNA,Januaria Airport,雅努亞裡亞機場
JNB,O. R. Tambo International Airport,奧利華·坦博國際機場
JNG,Jining Da'an Airport,濟寧大安機場
JNH,Jiaxing Nanhu Airport,嘉興南湖機場
JNI,Junin Airport,胡寧機場
JNU,Juneau International Airport,朱諾國際機場
JNX,Naxos Airport,納克索斯機場
JNZ,Jinzhou Airport,錦州錦州灣機場
JOE,Joensuu Airport,約恩蘇機場
JOG,Adi Sutjipto International Airport,阿迪蘇吉普託國際機場
JOH,Port St Johns Airport,聖約翰港機場
JOI,Lauro Carneiro de Loyola Airport,勞羅卡內羅德洛約拉機場
JOL,Jolo Airport,霍洛機場
JOM,Njombe Airport,恩瓊貝機場
JOS,Yakubu Gowon Airport,雅庫布戈翁機場
JOT,Joliet Regional Airport,喬利埃特地區機場
JPA,Presidente Castro Pinto Airport,卡斯特羅平託總統機場
JPR,Ji-Parana Airport,吉巴拉納機場
JQA,Qaarsut Airport,卡爾蘇特機場
JQE,Jaque Airport,哈克機場
JRF,Kalaeloa (John Rodgers Field) Airport,卡拉埃洛阿（約翰羅傑斯場）機場
JRG,Jharsuguda Airport,賈爾蘇古達機場
JRH,Jorhat Airport,焦爾哈德機場
JRN,Juruena Airport,茹雷納機場
JRO,Kilimanjaro International Airport,乞力馬扎羅國際機場
JSA,Jaisalmer Airport,傑伊瑟爾梅爾機場
JSH,Sitia Airport,錫蒂亞機場
JSI,Skiathos Island National Airport,斯基亞索斯島國家機場
JSM,Jose De San Martin Airport,何塞·德·聖馬丁機場
JSR,Jessore Airport,傑索爾機場
JST,John Murtha Johnstown/Cambria County Airport,約翰·墨瑟約翰斯敦/坎布里亞郡機場
JSU,Maniitsoq Airport,馬尼特索克機場
JSY,Syros Airport,錫羅斯機場
JTC,Bauru-Arealva Airport,巴烏魯-阿雷亞爾瓦機場
JTI,Jatai Airport,若塔伊機場
JTR,Santorini Airport,聖托里尼機場
JTY,Astypalaia Airport,阿斯蒂帕萊亞機場
JUA,Juara Sul Airport,南茹阿拉機場
JUB,Juba Airport,朱巴國際機場
JUI,Juist Airport,尤伊斯特機場
JUJ,Gobernador Horacio Guzman International Airport,霍拉西奧·古斯曼總督國際機場
JUL,Inca Manco Capac International Airport,印加曼科加帕克國際機場
JUM,Jumla Airport,朱姆拉機場
JUN,Jundah Airport,瓊達機場
JUR,Jurien Bay Airport,朱裡恩灣機場
JUT,Jutigalpa airport,胡蒂卡爾帕機場
JUV,Upernavik Airport,烏佩納維克機場
JUZ,Quzhou Airport,衢州機場
JVA,Ankavandra Airport,安卡旺德拉機場
JVI,Central Jersey Regional Airport,中澤西地區機場
JVL,Southern Wisconsin Regional Airport,南威斯康辛地區機場
JWA,Jwaneng Airport,朱瓦寧機場
JWN,Zanjan Airport,贊詹機場
JWO,Jungwon Air Base,忠州空軍基地
JXA,Jixi Xingkaihu Airport,雞西興凱湖機場
JXN,Jackson County/Reynolds Field,傑克遜郡/雷諾茲機場
JYR,Jiroft Airport,吉羅夫特機場
JYV,Jyvaskyla Airport,于韋斯屈萊機場
JZH,Jiuzhai Huanglong Airport,九寨黃龍機場
KAA,Kasama Airport,卡薩馬機場
KAB,Kariba International Airport,卡里巴國際機場
KAC,Kamishly Airport,卡米什利機場
KAD,Kaduna Airport,卡杜納機場
KAE,Kake Seaplane Base,凱克水上飛機基地
KAG,Gangneung Airport,江陵飛行場
KAJ,Kajaani Airport,卡亞尼機場
KAL,Kaltag Airport,卡爾塔格機場
KAN,Mallam Aminu International Airport,馬勒姆·阿米努國際機場
KAO,Kuusamo Airport,庫薩莫機場
KAP,Kapanga Airport,卡潘加機場
KAR,Kamarang Airport,卡馬朗機場
KAT,Kaitaia Airport,凱塔亞機場
KAU,Kauhava Airport,考哈瓦機場
KAV,Kavanayen Airport,卡瓦納延機場
KAW,Kawthoung Airport,高當機場
KAX,Kalbarri Airport,卡爾巴里機場
KAY,Wakaya Island Airport,瓦卡亞島機場
KAZ,Kao Airport,克瓦邦機場
KBA,Kabala Airport,卡巴拉機場
KBB,Kirkimbie Station Airport,基金比牧場機場
KBC,Birch Creek Airport,伯奇克里克機場
KBG,Kabalega Falls Airport,卡巴萊加瀑布機場
KBH,Buzwagi Airport,布茲瓦吉機場
KBI,Kribi Airport,克里比機場
KBJ,Kings Canyon Airport,國王峽谷機場
KBK,Kushinagar Airport,庫什納加爾機場
KBL,Kabul International Airport,喀布林國際機場
KBM,Kabwum,卡布姆機場
KBN,Tunta Airport,圖恩塔機場
KBO,Kabalo Airport,卡巴洛機場
KBP,Boryspil International Airport,鮑里斯皮爾國際機場
KBQ,Kasungu Airport,卡蘇努機場
KBR,Sultan Ismail Petra Airport,蘇丹依斯邁柏特拉機場
KBS,Bo Airport,博機場
KBU,Stagen Airport,斯塔根機場
KBV,Krabi Airport,喀比國際機場
KBY,Streaky Bay Airport,史崔奇灣機場
KBZ,Kaikoura Airport,凱庫拉機場
KCA,Kuqa Airport,庫車龜茲機場
KCB,Tepoe Airstrip,特波簡易機場
KCE,Collinsville Airport,柯林斯維爾機場
KCF,Kadanwari Airport,卡達瓦里機場
KCG,Chignik Airport,奇格尼克機場
KCH,Kuching International Airport,古晉國際機場
KCK,Kirensk Airport,基廉斯克機場
KCL,Chignik Lagoon Airport,奇格尼克潟湖機場
KCM,Kahramanmaraş Airport,卡赫拉曼馬拉什機場
KCO,Cengiz Topel Airport,堅吉茲託佩爾機場
KCQ,Chignik Lake Airport,奇格尼克湖機場
KCR,Colorado Creek Airport,科羅拉多溪機場
KCS,Kings Creek Airport,金斯溪機場
KCT,Koggala Airport,科加拉機場
KCU,Masindi Airport,馬辛迪機場
KCZ,Kochi Ryoma Airport,高知機場
KDA,Kolda North Airport,科爾達北機場
KDB,Kambalda Airport,坎巴爾達機場
KDC,Kandi Airport,坎迪機場
KDD,Khuzdar Airport,庫茲達爾機場
KDH,Kandahar Airport,坎大哈國際機場
KDI,Wolter Monginsidi Airport,哈羅柳機場
KDJ,Ville Airport,維爾機場
KDK,Kodiak Municipal Airport,科迪亞克市立機場
KDL,Kardla Airport,凱爾德拉機場
KDM,Kaadedhdhoo Airport,卡德杜機場
KDN,Ndende Airport,恩登德機場
KDO,Kadhdhoo Airport,卡德杜機場
KDR,Kandrian Airport,坎德里安機場
KDT,Kamphaeng Saen Airport,甘烹盛機場
KDU,Skardu Airport,斯卡杜機場
KDV,Vunisea Airport,武尼塞亞機場
KDX,Kadugli Airport,卡杜格利機場
KDY,Tyopliy Klyuch Airport,託普利克柳奇機場
KEA,Kerki International Airport,克爾基國際機場
KEB,Nanwalek Airport,南瓦勒克機場
KEC,Kasenga Airport,卡森加機場
KED,Kaedi Airport,卡埃迪機場
KEE,Kelle Airport,克勒機場
KEF,Keflavik International Airport,凱夫拉維克機場
KEI,Kepi Airport,克皮機場
KEJ,Kemerovo Airport,克麥羅沃機場
KEK,Ekwok Airport,埃克沃克機場
KEL,Kiel-Holtenau Airport,基爾荷爾特瑙機場
KEM,Kemi-Tornio Airport,凱米-託爾尼奧機場
KEN,Kenema Airport,凱內馬機場
KEO,Odienne Airport,奧傑內機場
KEP,Nepalgunj Airport,尼泊爾根傑機場
KEQ,Kebar Airport,克巴爾機場
KER,Kerman Airport,克爾曼機場
KES,Kelsey Airport,凱爾西機場
KET,Kengtung Airport,景棟機場
KEU,Keekorok Airport,基科羅克機場
KEV,Halli Airport,哈利機場
KEY,Kericho Airport,克里喬機場
KFA,Kiffa Airport,基法機場
KFE,Fortescue - Dave Forrest Aerodrome,福特斯丘戴夫福雷斯特機場
KFG,Kalkgurung Airport,卡爾古魯ング機場
KFP,False Pass Airport,福爾斯帕斯機場
KFS,Kastamonu Airport,卡斯塔莫努機場
KFZ,Kukes Airport,庫克斯機場
KGA,Kananga Airport,卡南加機場
KGC,Kingscote Airport,金斯科特機場
KGD,Khrabrovo Airport,哈拉波羅夫機場
KGE,Kagau Island Airport,卡加島機場
KGF,Sary-Arka International Airport,薩裡阿爾卡國際機場
KGG,Kedougou Airport,克杜古機場
KGI,Kalgoorlie-Boulder Airport,卡爾古利博爾德機場
KGJ,Karonga Airport,卡隆加機場
KGK,Koliganek Airport,科利加內克機場
KGL,Kigali International Airport,基加利國際機場
KGN,Kasongo Airport,卡松戈機場
KGO,Kropyvnytskyi Airport,克羅皮夫尼茨基機場
KGP,Kogalym International Airport,科加雷姆國際機場
KGS,Kos Airport,科斯機場
KGT,Garze Kangding Airport,甘孜康定機場
KGU,Keningau Airport,根地咬機場
KGX,Grayling Airport,格雷靈機場
KGY,Kingaroy Airport,金格羅伊機場
KGZ,Glacier Creek Airport,冰川溪機場
KHC,Kerch Airport,刻赤機場
KHD,Khoram Abad Airport,霍拉姆阿巴德機場
KHG,Kashgar Airport,喀什徠寧國際機場
KHH,Kaohsiung International Airport,高雄國際機場
KHI,Jinnah International Airport,真納國際機場
KHJ,Kauhajoki Airport,考哈約基機場
KHK,Khark Island Airport,哈克島機場
KHM,Kanti Airport,坎蒂機場
KHN,Nanchang Changbei International Airport,南昌昌北國際機場
KHR,Kharkhorin Airport,哈拉和林機場
KHS,Khasab Air Base,海塞卜機場
KHT,Khost Airport,霍斯特機場
KHV,Khabarovsk-Novy Airport,哈巴羅夫斯克機場
KHW,Khwai River Lodge Airport,科威河小屋機場
KHY,Khoy Airport,霍伊機場
KHZ,Kauehi Airport,考埃希機場
KIA,Kaieteur International Airport,凱德爾國際機場
KIC,Mesa Del Rey Airport,梅薩德爾雷機場
KID,Kristianstad Airport,克里斯蒂安斯塔德機場
KIE,Aropa Airport,阿羅帕機場
KIF,Kingfisher Lake Airport,翠鳥湖機場
KIH,Kish International Airport,基什國際機場
KIJ,Niigata Airport,新潟機場
KIK,Kirkuk Air Base,基爾庫克空軍基地
KIM,Kimberley Airport,金伯利機場
KIN,Norman Manley International Airport,諾曼·曼利國際機場
KIP,Kickapoo Downtown Airport,基卡普市中心機場
KIR,Kerry Airport,凱裡機場
KIS,Kisumu Airport,基蘇穆機場
KIT,Kithira Airport,基西拉機場
KIW,Southdowns Airport,南海當斯機場
KIX,Kansai International Airport,關西國際機場
KIY,Kilwa Masoko Airport,基爾瓦馬索科機場
KJA,Yemelyanovo Airport,克拉斯諾爾斯克國際機場
KJB,Kurnool Airport,庫爾努爾機場
KJH,Kaili Huangping Airport,凱裡黃平機場
KJK,Wevelgem Airport,韋弗爾根機場
KJP,Kerama Airport,慶良間機場
KJT,Kertajati International Airport,戈達查帝國際機場
KKA,Koyuk Alfred Adams Airport,科尤克阿爾弗雷德亞當斯機場
KKC,Khon Kaen Airport,孔敬機場
KKD,Kokoda Airport,科科達機場
KKE,Kerikeri Airport,克里克里機場
KKH,Kongiganak Airport,孔吉迦納克機場
KKI,Akiachak Airport,阿基恰克機場
KKJ,Kitakyushu Airport,北九州機場
KKK,Kalakaket Creek Air Station,卡拉卡凱特溪航空站
KKM,Khok Kathiam Airport,科卡蒂姆機場
KKN,Kirkenes Airport Hoybuktmoen,希爾克內斯海於克布特莫恩機場
KKO,Kaikohe Airport,凱科赫機場
KKP,Koolburra Airport,庫爾布拉機場
KKQ,Krasnoselkup Airport,克拉斯諾謝利庫普機場
KKR,Kaukura Airport,考庫拉機場
KKS,Kashan Airport,卡尚機場
KKT,Kentland Municipal Airport,肯特蘭市立機場
KKU,Ekuk Airport,埃庫克機場
KKW,Kikwit Airport,基奎特機場
KKX,Kikai Airport,喜界機場
KKY,Kilkenny Airport,基爾肯尼機場
KLB,Kalabo Airport,卡拉博機場
KLC,Kaolack Airport,考拉克機場
KLD,Migalovo Air Base,米加洛沃空軍基地
KLE,Kaele Airport,卡埃萊機場
KLF,Grabtsevo Airport,格拉布採沃機場
KLG,Kalskag Airport,卡爾斯卡格機場
KLH,Kolhapur Airport,科爾哈普爾機場
KLI,Kotakoli Airport,科塔科利機場
KLK,Kalokol Airport,卡洛科爾機場
KLM,Kalaleh Airport,卡拉萊機場
KLN,Larsen Bay Airport,拉森灣機場
KLO,Kalibo International Airport,卡利博國際機場
KLQ,Keluang Airport,居鑾機場
KLR,Kalmar Airport,卡爾馬機場
KLS,Southwest Washington Regional Airport,西南華盛頓區域機場
KLU,Klagenfurt Airport,克拉根福機場
KLV,Karlovy Vary International Airport,卡羅維發利國際機場
KLW,Klawock Airport,克拉沃克機場
KLX,Kalamata Airport,卡拉馬塔機場
KLY,Kinkungwa Airport,金昆瓦機場
KLZ,Kleinsee Airport,克蘭西機場
KMA,Kerema Airport,克雷馬機場
KME,Kamembe Airport,卡門貝國際機場
KMG,Kunming Wujiaba International Airport,昆明長水國際機場
KMH,Johan Pienaar Airport,約翰皮納爾機場
KMI,Miyazaki Airport,宮崎機場
KMJ,Kumamoto Airport,熊本機場
KMK,Makabana Airport,馬卡巴納機場
KML,Kamileroi Airport,卡米勒羅伊機場
KMN,Kamina / Ville Airport,卡米納城機場
KMO,Manokotak Airport,馬諾科塔克機場
KMP,Keetmanshoop Airport,基特曼斯胡普機場
KMQ,Komatsu Airport,小松機場
KMR,Karimui Airport,卡里穆伊機場
KMS,Kumasi Airport,庫馬西機場
KMU,Kisimayu Airport,基斯馬尤機場
KMV,Kalay Airport,卡萊機場
KMW,Kostroma Sokerkino Airport,科斯特羅馬索克爾基諾機場
KMX,King Khaled Air Base,哈立德國王空軍基地
KMZ,Kaoma Airport,卡奧馬機場
KNA,Vina del mar Airport,比尼亞德爾馬機場
KNB,Kanab Municipal Airport,卡納布市立機場
KND,Kindu Airport,金杜機場
KNF,RAF Marham,馬漢姆皇家空軍基地
KNG,Kaimana Airport,烏塔羅姆機場
KNH,Kinmen Airport,金門機場
KNI,Katanning Airport,卡塔寧機場
KNJ,Kindamba Airport,金達姆巴機場
KNK,Kokhanok Airport,科哈諾克機場
KNM,Kaniama Airport,卡尼亞馬機場
KNN,Kankan Airport,康坎機場
KNO,Polonia International Airport,波洛尼亞國際機場
KNQ,Kone Airport,科內機場
KNR,Jam Airport,賈姆機場
KNS,King Island Airport,金島機場
KNT,Kennett Memorial Airport,肯尼特紀念機場
KNU,Kanpur Chakeri Airport,坎普爾查凱裡機場
KNW,New Stuyahok Airport,新斯圖亞霍克機場
KNX,Kununurra Airport,庫努納拉機場
KNZ,Kenieba Airport,肯涅巴機場
KOA,Ellison Onizuka Kona International At Keahole Airport,科納國際機場
KOC,Koumac Airport,庫馬克機場
KOE,El Tari Airport,埃爾·塔裡國際機場
KOF,Komatipoort Airport,科馬蒂普爾特機場
KOH,Koolatah Airport,庫拉塔機場
KOI,Kirkwall Airport,柯克沃爾機場
KOJ,Kagoshima Airport,鹿兒島機場
KOK,Kruunupyy Airport,科科拉-皮耶塔爾薩裡機場
KOO,Kongolo Airport,孔戈洛機場
KOP,Nakhon Phanom Airport,那空帕儂機場
KOQ,Kothen Airport,科滕機場
KOS,Sihanoukville International Airport,西哈努克國際機場
KOT,Kotlik Airport,科特利克機場
KOU,Koulamoutou Airport,庫拉穆圖機場
KOV,Kokshetau Airport,科克舍套機場
KOW,Ganzhou Airport,贛州機場
KOX,Kokonau Airport,科科瑙機場
KOZ,Ouzinkie Airport,烏津基機場
KPC,Port Clarence Cgs Airport,克拉倫斯港海岸警衛隊機場
KPI,Kapit Airport,加帛機場
KPM,Kompiam Airport,孔皮安機場
KPN,Kipnuk Airport,基普努克機場
KPO,Pohang Airport,浦項慶州機場
KPP,Kalpowar Airport,卡爾波瓦機場
KPS,Kempsey Airport,肯普西機場
KPT,Jackpot/Hayden Field,傑克pot/海登機場
KPV,Perryville Airport,佩裡維爾機場
KPW,Keperveem Airport,凱佩爾韋姆機場
KQA,Akutan Airport,阿庫坦機場
KQH,"Kishangarh Airport, Ajmer",阿傑梅爾基尚加爾機場
KQT,Qurghonteppa International Airport,庫爾幹秋別國際機場
KRA,Kerang Airport,克朗機場
KRB,Karumba Airport,卡倫巴機場
KRC,Depati Parbo Airport,德帕蒂·帕波機場
KRE,Kirundo Airport,基倫多機場
KRF,Kramfors Solleftea Airport,克朗福斯索勒夫特奧機場
KRG,Karasabai Airport,卡拉薩拜機場
KRI,Kikori Airport,基科裡機場
KRJ,Karawari Airstrip,卡拉瓦里簡易機場
KRK,John Paul II International Airport Kraków-Balice Airport,克拉科夫若望保祿二世國際機場
KRL,Korla Airport,庫爾勒梨城機場
KRM,Karanambo Airport,卡拉納姆博機場
KRN,Kiruna Airport,基律納機場
KRO,Kurgan Airport,庫爾幹機場
KRP,Karup Airport,卡魯普機場
KRQ,Kramatorsk Airport,克拉馬託爾斯克機場
KRR,Krasnodar International Airport,克拉斯諾達爾國際機場
KRS,Kristiansand Airport,克里斯蒂安桑機場
KRT,Khartoum International Airport,喀土穆國際機場
KRW,Turkmenbashi Airport,土庫曼巴希機場
KRY,Karamay Airport,克拉瑪依古海機場
KRZ,Basango Mboliasa Airport,巴桑戈姆博利亞薩機場
KSA,Kosrae Airport,科斯雷國際機場
KSC,Kosice Airport,科希策機場
KSD,Karlstad Airport,卡爾斯塔德機場
KSE,Kasese Airport,卡塞塞機場
KSF,Kassel-Calden Airport,卡塞爾卡爾登機場
KSH,Shahid Ashrafi Esfahani Airport,沙希德·阿什拉菲·伊斯法哈尼機場
KSI,Kissidougou Airport,基西杜古機場
KSJ,Kasos Airport,卡索斯機場
KSK,Karlskoga Airport,卡爾斯庫加機場
KSL,Kassala Airport,卡薩拉機場
KSM,St Mary's Airport,聖瑪麗機場
KSN,Kostanay International Airport,庫斯塔奈國際機場
KSO,Kastoria National Airport,卡斯特里亞國家機場
KSQ,Karshi Airport,卡爾西機場
KSS,Sikasso Airport,錫卡索機場
KST,Kosti Airport,科斯蒂機場
KSU,Kristiansund Airport Kvernberget,克里斯蒂安松克韋爾內貝格機場
KSV,Springvale Airport,斯普林維爾機場
KSW,Kiryat Shmona Airport,基爾yat什莫納機場
KSY,Kars Airport,卡爾斯機場
KSZ,Kotlas Airport,科特拉斯機場
KTA,Karratha Airport,卡拉塔機場
KTD,Kitadaito Airport,北大東機場
KTE,Kerteh Airport,基蒂機場
KTF,Takaka Airport,塔卡卡機場
KTG,Ketapang (Rahadi Usman) Airport,克達邦（拉哈迪烏斯曼）機場
KTI,Techo International Airport,德崇國際機場
KTL,Kitale Airport,基塔萊機場
KTM,Tribhuvan International Airport,特里布萬國際機場
KTN,Ketchikan International Airport,克奇坎國際機場
KTO,Kato Airport,加藤機場
KTP,Tinson Pen Airport,廷森彭機場
KTQ,Kitee Airport,基泰機場
KTR,Tindal Airport,澳大利亞皇家空軍廷德爾基地
KTS,Brevig Mission Airport,佈雷維格米申機場
KTT,Kittila Airport,基蒂萊機場
KTU,Kota Airport,科塔機場
KTW,Katowice International Airport,卡託維治國際機場
KTX,Koutiala Airport,庫蒂亞拉機場
KTY,Katukurunda Airport,卡相簿倫達機場
KUA,Kuantan Airport,蘇丹阿末沙機場
KUC,Kuria Airport,庫裡亞機場
KUD,Kudat Airport,古達機場
KUF,Kurumoch International Airport,庫魯莫奇國際機場
KUG,Kubin Airport,庫賓機場
KUH,Kushiro Airport,釧路機場
KUK,Kasigluk Airport,卡西格盧克機場
KUL,Kuala Lumpur International Airport,吉隆坡國際機場
KUM,Yakushima Airport,屋久島機場
KUN,Kaunas International Airport,考納斯機場
KUO,Kuopio Airport,庫奧皮奧機場
KUQ,Kuri Airport,庫裡機場
KUS,Kulusuk Airport,庫盧蘇克機場
KUT,Kopitnari Airport,庫塔伊西國際機場
KUU,Kullu Manali Airport,庫魯馬納利機場
KUV,Kunsan Air Base,群山空軍基地
KVA,Alexander the Great International Airport,卡瓦拉亞歷山大大帝國際機場
KVB,Skovde Airport,舍夫德機場
KVC,King Cove Airport,金科夫機場
KVG,Kavieng Airport,卡維恩機場
KVK,Kirovsk-Apatity Airport,基洛夫斯克-阿帕季特機場
KVL,Kivalina Airport,基瓦利納機場
KVM,Markovo Airport,馬爾科沃機場
KVX,Pobedilovo Airport,波別季洛沃機場
KWA,Bucholz Army Air Field(Kwajalein Kmr)(Atoll) Airport,布裘茲空軍基地
KWE,Longdongbao Airport,貴陽龍洞堡國際機場
KWG,Kryvyi Rih International Airport,克里維裡赫國際機場
KWH,Khwahan Airport,誇罕機場
KWI,Kuwait International Airport,科威特國際機場
KWJ,Gwangju Airport,光州機場
KWK,Kwigillingok Airport,奎吉林戈克機場
KWL,Guilin Liangjiang International Airport,桂林兩江國際機場
KWM,Kowanyama Airport,科瓦亞馬機場
KWN,Quinhagak Airport,昆哈加克機場
KWO,Kawito Airport,卡維託機場
KWP,West Point Village Seaplane Base,西點村水上飛機基地
KWT,Kwethluk Airport,克韋特盧克機場
KWZ,Kolwezi Airport,科盧韋齊機場
KXB,Sangia Nibandera Airport,桑吉亞尼班德拉機場
KXD,Kondinskoye Airport,孔丁斯科耶機場
KXE,P C Pelser Airport,P·C·佩爾瑟機場
KXF,Koro Island Airport,科羅島機場
KXK,Komsomolsk-on-Amur Airport,阿穆爾河畔共青城機場
KXU,Katiu Airport,卡蒂烏機場
KYA,Konya Airport,科尼亞機場
KYD,Lanyu Airport,蘭嶼機場
KYE,Rene Mouawad Air Base,勒內·穆阿瓦德空軍基地
KYF,Yeelirrie Airport,耶利裡機場
KYI,Yalata Mission Airport,亞拉塔特派團機場
KYK,Karluk Airport,卡盧克機場
KYO,Tampa North Aero Park Airport,坦帕北航空公園機場
KYP,Kyaukpyu Airport,皎漂機場
KYS,Kayes Dag Dag Airport,凱瑟達格達格機場
KYT,Kyauktu Airport,皎圖機場
KYU,Koyukuk Airport,科尤庫克機場
KYZ,Kyzyl Airport,克孜勒機場
KZF,Kaintiba Airport,肯蒂巴機場
KZG,Kitzingen Airport,基青根機場
KZI,Filippos Airport,菲利波斯機場
KZN,Kazan International Airport,喀山國際機場
KZO,Korkyt Ata Airport,科爾庫特阿塔機場
KZR,Zafer Airport,扎費爾機場
KZS,Kastelorizo Airport,卡斯特洛裡佐機場
LAA,Southeast Colorado Regional Airport,東南科羅拉多區域機場
LAD,Quatro De Fevereiro Airport,二月四日國際機場
LAE,Lae Nadzab Airport,萊城納扎布機場
LAF,Purdue University Airport,普渡大學機場
LAH,Oesman Sadik Airport Labuha,奧斯曼·薩迪克機場
LAI,Lannion-Cote de Granit Airport,拉尼永機場
LAJ,Lages Airport,拉熱斯機場
LAK,Aklavik Airport,阿克拉維克機場
LAL,Lakeland Linder International Airport,萊克蘭林德國際機場
LAM,Los Alamos Airport,洛斯阿拉莫斯機場
LAN,Capital Region International Airport,蘭辛首都地區國際機場
LAO,Laoag International Airport,佬沃國際機場
LAP,Manuel Marquez de Leon International Airport,曼努埃爾·馬爾克斯·德萊昂國際機場
LAQ,La Abraq Airport,拉阿布拉克機場
LAR,Laramie Regional Airport,拉勒米區域機場
LAS,Harry Reid International Airport,哈里·裡德國際機場
LAU,Manda Airstrip,曼達簡易機場
LAW,Lawton-Fort Sill Regional Airport,勞頓堡西爾區域機場
LAX,Los Angeles International Airport,洛杉磯國際機場
LAY,Ladysmith Airport,萊迪史密斯機場
LAZ,Bom Jesus da Lapa Airport,拉帕博姆熱蘇斯機場
LBA,Leeds Bradford Airport,裡茲布拉福機場
LBB,Lubbock Preston Smith International Airport,拉巴克普雷斯頓史密斯國際機場
LBC,Lubeck Blankensee Airport,呂貝克機場
LBD,Khudzhand Airport,苦盞機場
LBE,Arnold Palmer Regional Airport,阿諾德帕爾默區域機場
LBF,North Platte Regional/Lee Bird Field,北普拉特區域/李伯德機場
LBG,Paris-Le Bourget Airport,巴黎-勒布林歇機場
LBI,Albi-Le Sequestre Airport,阿爾比-勒塞克斯特機場
LBJ,Komodo (Mutiara II) Airport,科莫多機場
LBL,Liberal Mid-America Regional Airport,利伯拉爾美國中部區域機場
LBO,Lusambo Airport,盧桑博機場
LBQ,Lambarene Airport,蘭巴雷內機場
LBR,Labrea Airport,拉布雷亞機場
LBS,Labasa Airport,拉巴薩機場
LBT,Lumberton Regional Airport,倫伯頓區域機場
LBU,Labuan Airport,納閩機場
LBV,Leon M Ba Airport,利伯維爾國際機場
LBW,Long Bawan Airport,隆巴旺機場
LBX,Lubang Airport,魯邦機場
LBY,La Baule-Escoublac Airport,拉博勒-埃斯庫布拉克機場
LBZ,Lucapa Airport,盧卡帕機場
LCA,Larnaca International Airport,拉納卡國際機場
LCC,Lecce Airport,萊切機場
LCD,Louis Trichardt Airport,路易特里查德機場
LCE,Goloson International Airport,戈洛森國際機場
LCF,Las Vegas Airport,拉斯維加斯機場
LCG,A Coruna Airport,拉科魯尼亞機場
LCH,Lake Charles Regional Airport,查爾斯湖區域機場
LCI,Laconia Municipal Airport,拉科尼亞市立機場
LCJ,Łódź Władysław Reymont Airport,羅茲瓦迪斯瓦夫雷蒙特機場
LCK,Rickenbacker International Airport,裡肯巴克國際機場
LCL,La Coloma Airport,拉科洛馬機場
LCM,La Cumbre Airport,拉昆布雷機場
LCN,Balcanoona Airport,巴爾卡努納機場
LCO,Lague Airport,拉格機場
LCQ,Lake City Gateway Airport,湖城門戶機場
LCV,Lucca / Tassignano Airport,盧卡/塔西尼亞諾機場
LCX,Longyan Guanzhishan Airport,連城冠豸山機場
LCY,London City Airport,倫敦城市機場
LDA,Malda Airport,馬爾達機場
LDB,Governador Jose Richa Airport,若澤裡沙州長機場
LDC,Lindeman Island Airport,林德曼島機場
LDE,Tarbes-Lourdes-Pyrenees Airport,塔布-盧爾德機場
LDG,Leshukonskoye Airport,列舒孔斯科耶機場
LDH,Lord Howe Island Airport,豪勳爵島機場
LDI,Kikwetu Airport,基克韋圖機場
LDJ,Linden Airport,林登機場
LDK,Lidkoping-Hovby Airport,利德雪平-霍夫比機場
LDM,Mason County Airport,梅森郡機場
LDN,Lamidanda Airport,拉米丹達機場
LDO,Ladouanie Airport,拉杜瓦尼機場
LDS,Lindu Airport,伊春林都機場
LDU,Lahad Datu Airport,拿篤機場
LDV,Landivisiau Air Base,朗迪維西亞空軍基地
LDX,Saint-Laurent-du-Maroni Airport,馬羅尼河畔聖洛朗機場
LDY,City of Derry Airport,德里市機場
LDZ,Londolozi Airport,隆多洛茲機場
LEA,Learmonth Airport,利爾茅斯機場
LEB,Lebanon Municipal Airport,黎巴嫩市立機場
LEC,Chapada Diamantina Airport,迪亞曼蒂納高地機場
LED,Pulkovo Airport,普爾科沃機場
LEE,Leesburg International Airport,利斯堡國際機場
LEF,Lebakeng Airport,萊巴肯機場
LEH,Le Havre Octeville Airport,勒阿弗爾-奧克特維爾機場
LEI,Almeria International Airport,阿爾梅里亞機場
LEJ,Leipzig Halle Airport,萊比錫/哈雷機場
LEK,Labe Airport,拉貝機場
LEL,Lake Evella Airport,埃韋拉湖機場
LEM,Lemmon Municipal Airport,萊蒙市立機場
LEN,Leon Airport,萊昂機場
LEP,Leopoldina Airport,利奧波迪納機場
LEQ,Land's End Airport,蘭茲恩德機場
LER,Leinster Airport,倫斯特機場
LES,Lesobeng Airport,萊索本機場
LET,Alfredo Vasquez Cobo International Airport,阿爾弗雷多·瓦斯奎斯·科博國際機場
LEU,Aerodrom dels Pirineus-Alt Urgell Airport,比利牛斯-老烏赫爾機場
LEV,Levuka Airfield,萊武卡飛行場
LEW,Auburn/Lewiston Municipal Airport,奧本/劉易斯頓市立機場
LEX,Blue Grass Airport,藍草機場
LEY,Lelystad Airport,萊利斯塔德機場
LFB,Lumbo Airport,隆博機場
LFI,Langley Afb Airport,蘭利空軍基地機場
LFK,Angelina County Airport,安傑利納郡機場
LFM,Lamerd Airport,拉默德機場
LFN,Triangle North Executive Airport,三角洲北部行政機場
LFO,Kelafo East Airport,凱拉福東機場
LFP,Lakefield Airport,萊克菲爾德機場
LFQ,Linfen Yaodu Airport,臨汾堯都機場
LFR,La Fria Airport,拉弗裡亞機場
LFT,Lafayette Regional/Paul Fournet Field,拉法葉區域/保羅福內特機場
LFW,Lome-Tokoin Airport,納辛貝·埃亞德馬國際機場
LGA,Laguardia Airport,拉瓜地亞機場
LGB,Long Beach (Daugherty Field) Airport,長灘機場
LGC,Lagrange/Callaway Airport,拉格朗日/卡洛威機場
LGD,La Grande/Union County Airport,拉格朗日/聯合郡機場
LGF,Laguna Army Air Field (Yuma Proving Ground) Airport,拉古納陸軍航空機場 (尤馬試驗場)
LGG,Liege Airport,列日機場
LGH,Leigh Creek Airport,利克里克機場
LGI,Deadman's Cay Airport,死人礁機場
LGK,Langkawi International Airport,浮羅交怡國際機場
LGL,Long Lellang Airport,隆勒朗機場
LGO,Langeoog Airport,朗格奧格機場
LGQ,Nueva Loja Airport,新洛哈機場
LGR,Cochrane Airport,科克倫機場
LGS,Comodoro D.R. Salomon Airport,準將 D.R. 薩洛蒙機場
LGT,La Gaviota Airport,拉加維奧塔機場
LGU,Logan-Cache Airport,洛根卡什機場
LGW,London Gatwick Airport,蓋特威克機場
LHA,Lahr Airport,拉爾機場
LHB,Bruntingthorpe Airport,布倫廷索普機場
LHE,Alama Iqbal International Airport,阿拉馬·伊克巴勒國際機場
LHG,Lightning Ridge Airport,閃電嶺機場
LHI,Lereh Airport,勒雷機場
LHK,Guangzhou MR Air Base,廣州軍區空軍基地
LHL,Lachin International Airport,拉欽國際機場
LHR,London Heathrow Airport,希斯路機場
LHS,Las Heras Airport,拉斯埃拉斯機場
LHU,Lianshulu Airport,連舒魯機場
LHV,William T Piper Memorial Airport,威廉·T·派珀紀念機場
LHW,Lanzhou Zhongchuan Airport,蘭州中川國際機場
LIA,Liangping Airport,梁平機場
LIB,Limbunya Station Airport,林布尼亞牧場機場
LIC,Limon Municipal Airport,利蒙市立機場
LIE,Libenge Airport,利本熱機場
LIF,Lifou Airport,利富機場
LIG,Limoges Airport,利摩日機場
LIH,Lihue Airport,利胡埃機場
LII,Mulia Airport,姆利亞機場
LIL,Lille-Lesquin Airport,裡爾機場
LIM,Jorge Chavez International Airport,豪爾赫·查韋斯國際機場
LIN,Linate Airport,米蘭-利納特機場
LIO,Limon International Airport,利蒙國際機場
LIP,Lins Airport,林斯機場
LIQ,Lisala Airport,利薩拉機場
LIR,Daniel Oduber Quiros International Airport,丹尼爾·奧杜貝爾·基羅斯國際機場
LIS,Lisbon Portela Airport,里斯本機場
LIT,Bill And Hillary Clinton Ntl/Adams Field,比爾與希拉蕊·柯林頓國家/亞當斯機場
LIV,Livengood Camp Airport,利文古德營地機場
LIW,Loikaw Airport,壘固機場
LIX,Likoma Island Airport,利科馬島機場
LIY,Wright Army Air Field (Fort Stewart)/Midcoast Regional Airport,萊特陸軍航空機場 (斯圖爾特堡)/中海岸區域機場
LIZ,Loring International Airport,洛林國際機場
LJA,Lodja Airport,洛賈機場
LJG,Lijiang Airport,麗江三義國際機場
LJN,Texas Gulf Coast Regional Airport,德州墨西哥灣沿岸區域機場
LJU,Ljubljana Joze Pucnik Airport,盧布林雅那約熱·普奇尼克機場
LKA,Gewayentana Airport,格瓦延塔納機場
LKB,Lakeba Island Airport,拉凱巴島機場
LKD,Lakeland Airport,萊克蘭機場
LKG,Lokichoggio Airport,洛基喬吉奧機場
LKH,Long Akah Airport,隆阿卡機場
LKK,Kulik Lake Airport,庫裡克湖機場
LKL,Banak Airport,巴納克機場
LKN,Leknes Airport,萊克內斯機場
LKO,Chaudhary Charan Singh International Airport,喬 Chaudhary Charan Singh 國際機場
LKP,Lake Placid Airport,寧靜湖機場
LKV,Lake County Airport,萊克縣機場
LKW,Lekhwair Airport,列克懷爾機場
LKY,Lake Manyara Airport,曼亞拉湖機場
LKZ,RAF Lakenheath,雷肯希斯皇家空軍基地
LLA,Lulea Airport,呂勒奧機場
LLB,Qiannan Libo Airport,黔南荔波機場
LLE,Riverside Airport,河濱機場
LLF,Lingling Airport,永州零陵機場
LLG,Chillagoe Airport,奇拉戈機場
LLI,Lalibella Airport,拉利貝拉機場
LLJ,Silampari,希蘭帕裡機場
LLK,Lankaran International Airport,連科蘭國際機場
LLS,Alferez Armando Rodriguez Airport,阿爾弗雷斯·阿爾曼多·羅德里格斯機場
LLT,Lobito Airport,洛比託機場
LLV,L?liang Dawu Airport,呂梁大武機場
LLW,Lilongwe International Airport,利隆圭國際機場
LLX,Caledonia County Airport,卡利多尼亞縣機場
LLY,South Jersey Regional Airport,南澤西區域機場
LMA,Minchumina Airport,明楚米納機場
LMB,Salima Airport,薩利馬機場
LME,Le Mans-Arnage Airport,勒芒-阿納日機場
LMI,Lumi Airport,盧米機場
LMM,Valle del Fuerte International Airport,富埃特谷國際機場
LMN,Limbang Airport,林夢機場
LMO,RAF Lossiemouth,洛西茅斯皇家空軍基地
LMP,Lampedusa Airport,蘭佩杜薩機場
LMQ,Marsa Brega Airport,馬爾薩佈雷加機場
LMR,Lime Acres Finsch Mine Airport,萊姆艾克雷斯芬施礦場機場
LMS,Louisville/Winston County Airport,路易斯維爾/溫斯頓縣機場
LMT,Crater Lake/Klamath Regional Airport,火山口湖/克拉馬斯區域機場
LMV,Madivaru Airport,馬迪瓦魯機場
LMY,Lake Murray Airport,莫瑞湖機場
LNA,Palm Beach County Park Airport,棕櫚灘縣公園機場
LNB,Lamen Bay Airport,拉門灣機場
LND,Hunt Field,亨特機場
LNE,Lonorore Airport,洛諾羅雷機場
LNH,Lake Nash Airport,納什湖機場
LNI,Lonely Air Station,洛內利航空站
LNJ,Lincang Airport,臨滄博尚機場
LNK,Lincoln Airport,林肯機場
LNL,Longnan Chengxian Airport,隴南成縣機場
LNN,Lake County Executive Airport,萊克縣行政機場
LNO,Leonora Airport,萊奧諾拉機場
LNP,Lonesome Pine Airport,孤松機場
LNR,Tri-County Regional Airport,三縣區域機場
LNS,Lancaster Airport,蘭開斯特機場
LNV,Londolovit Airport,隆多洛維特機場
LNX,Smolensk South Airport,斯摩稜斯克南部機場
LNY,Lanai Airport,拉納機機場
LNZ,Linz Airport,林茨機場
LOA,Lorraine Airport,洛林機場
LOB,San Rafael Airport,聖拉斐爾機場
LOC,Lock Airport,洛克機場
LOD,Longana Airport,隆迦納機場
LOE,Loei Airport,黎府機場
LOH,Camilo Ponce Enriquez Airport,卡米洛龐斯恩裡克斯機場
LOI,Helmuth Baungarten Airport,赫爾穆特邦加滕機場
LOK,Lodwar Airport,洛德瓦機場
LOL,Derby Field,德比機場
LOO,Laghouat Airport,拉古瓦特機場
LOP,Bandara International Lombok Airport,扎努丁·阿卜杜勒·馬吉德國際機場
LOS,Murtala Muhammed International Airport,穆爾塔拉·穆罕默德國際機場
LOT,Lewis University Airport,路易斯大學機場
LOU,Bowman Field,鮑曼機場
LOV,Monclova International Airport,蒙克洛瓦國際機場
LOW,Louisa County/Freeman Field,路易莎郡／弗里曼機場
LOY,Loyengalani Airport,洛延加拉尼機場
LOZ,London/Corbin/Magee Airport,倫敦／科爾賓／麥吉機場
LPA,Gran Canaria Airport,大加那利機場
LPB,El Alto International Airport,埃爾阿爾託國際機場
LPC,Lompoc Airport,隆波克機場
LPD,La Pedrera Airport,拉佩德雷拉機場
LPF,Liupanshui Yuezhao Airport,六盤水月照機場
LPG,La Plata Airport,拉普拉塔機場
LPI,Linkoping SAAB Airport,林雪平薩博機場
LPJ,Armando Schwarck Airport,阿曼多施瓦克機場
LPK,Lipetsk Airport,利佩茨克機場
LPL,Liverpool John Lennon Airport,利物浦約翰·列儂機場
LPM,Lamap Airport,拉馬普機場
LPO,La Porte Municipal Airport,拉波特市立機場
LPP,Lappeenranta Airport,拉彭蘭塔機場
LPQ,Luang Phabang International Airport,琅勃拉邦國際機場
LPS,Lopez Island Airport,洛佩斯島機場
LPT,Lampang Airport,南邦機場
LPU,Long Apung Airport,隆阿普恩機場
LPX,Liepaja International Airport,利耶帕亞國際機場
LPY,Le Puy-Loudes Airport,勒皮-盧德機場
LPZ,San Gil Airport,聖吉爾機場
LQK,Pickens County Airport,皮肯斯郡機場
LQM,Caucaya Airport,考卡亞機場
LQN,Qala-I-Naw Airport,瑙堡機場
LRA,Larisa Airport,拉里薩機場
LRB,Leribe Airport,萊裡貝機場
LRD,Laredo International Airport,拉雷多國際機場
LRE,Longreach Airport,朗裡奇機場
LRF,Little Rock Afb Airport,小巖城空軍基地機場
LRG,Loralai Airport,洛拉萊機場
LRH,La Rochelle-Ile de Re Airport,拉羅謝爾機場
LRJ,Le Mars Municipal Airport,勒馬斯市立機場
LRL,Niamtougou International Airport,尼亞姆圖古國際機場
LRM,Casa De Campo International Airport,拉羅馬納國際機場
LRR,Lar Airport,拉爾機場
LRS,Leros Airport,萊羅斯機場
LRT,Lorient South Brittany (Bretagne Sud) Airport,洛里昂南布列塔尼機場
LRU,Las Cruces International Airport,拉斯克魯塞斯國際機場
LRV,Gran Roque Airport,大羅克機場
LSA,Losuia Airport,洛蘇亞機場
LSB,Lordsburg Municipal Airport,洛茲堡市立機場
LSC,La Florida Airport,拉佛羅裡達機場
LSE,La Crosse Regional Airport,拉克羅斯區域機場
LSF,Lawson Army Air Field (Fort Benning) Airport,勞森陸軍機場（班寧堡）
LSG,"Leshan Airport (under construction, unknown coordinates)",樂山機場（建設中，座標未知）
LSH,Lashio Airport,臘戍機場
LSI,Sumburgh Airport,薩姆堡機場
LSK,Lusk Municipal Airport,拉斯克市立機場
LSL,Los Chiles Airport,洛斯奇利斯機場
LSM,Long Semado Airport,隆瑟馬多機場
LSN,Los Banos Municipal Airport,洛斯巴尼奧斯市立機場
LSO,Les Sables-d'Olonne Talmont Airport,萊薩布勒多洛訥塔爾蒙機場
LSP,Josefa Camejo International Airport,何塞法卡梅霍國際機場
LSQ,Maria Dolores Airport,瑪麗亞多洛雷斯機場
LSS,Terre-de-Haut Airport,上特爾機場
LST,Launceston Airport,朗瑟士敦機場
LSU,Long Sukang Airport,隆蘇康機場
LSV,Nellis Afb Airport,內利斯空軍基地
LSW,Malikus Saleh Airport,馬利庫斯薩利赫機場
LSX,Lhok Sukon Airport,洛蘇孔機場
LSY,Lismore Airport,利斯莫爾機場
LSZ,Losinj Island Airport,洛希尼島機場
LTA,Tzaneen Airport,查內恩機場
LTC,Lai Airport,萊機場
LTD,Ghadames East Airport,加達姆士東機場
LTG,Langtang Airport,朗唐機場
LTI,Altai Airport,阿爾泰機場
LTK,Bassel Al-Assad International Airport,拉塔基亞國際機場
LTL,Lastourville Airport,拉斯圖爾維爾機場
LTM,Lethem Airport,萊瑟姆機場
LTN,London Luton Airport,倫敦盧頓機場
LTO,Loreto International Airport,洛雷託國際機場
LTP,Lyndhurst Airport,林德赫斯特機場
LTQ,Le Touquet-Cote d'Opale Airport,勒圖凱機場
LTS,Altus Afb Airport,阿爾特斯空軍基地機場
LTT,La Mole Airport,聖特羅佩灣-拉莫勒機場
LTU,Murod Kond Airport,穆羅德孔德機場
LTV,Lotus Vale Airport,洛塔斯維爾機場
LTW,St Mary's County Regional Airport,聖瑪麗郡區域機場
LTX,Cotopaxi International Airport,科託帕希國際機場
LUA,Lukla Airport,丹增-希拉里機場
LUB,Lumid Pau Airport,盧米德帕機場
LUC,Laucala Island Airport,勞卡拉島機場
LUD,Luderitz Airport,呂德茨機場
LUE,Lucenec Airport,盧岑涅克機場
LUF,Luke Afb Airport,路克空軍基地
LUG,Lugano Airport,盧加諾機場
LUH,Ludhiana Airport,盧迪亞納機場
LUK,Cincinnati Municipal/Lunken Field,辛辛那提市立/倫肯機場
LUL,Hesler/Noble Field,海斯勒/諾布林機場
LUM,Mangshi Airport,德宏芒市國際機場
LUN,Kenneth Kaunda International Airport,肯尼思·卡翁達國際機場
LUO,Luena Airport,盧埃納機場
LUP,Kalaupapa Airport,卡勞帕帕機場
LUQ,Brigadier Mayor D Cesar Raul Ojeda Airport,準將梅爾·D·凱薩·勞爾·奧赫達機場
LUR,Cape Lisburne Lrrs Airport,利斯本角遠端雷達站機場
LUS,Lusanga Airport,盧桑加機場
LUT,New Laura Airport,新勞拉機場
LUU,Laura Airport,勞拉機場
LUV,Dumatumbun Airport,杜馬圖本機場
LUW,Bubung Airport,舒庫蘭·阿米努丁·阿米爾機場
LUX,Luxembourg-Findel International Airport,盧森堡機場
LUZ,Lublin Airport,盧布林機場
LVA,Laval-Entrammes Airport,拉瓦爾-昂特拉姆機場
LVD,Lime Village Airport,萊姆村機場
LVI,Livingstone Airport,利文斯頓機場
LVK,Livermore Municipal Airport,利弗莫爾市立機場
LVL,Brunswick County Airport,布倫斯威克郡機場
LVM,Mission Field,米ission機場
LVO,Laverton Airport,拉弗頓機場
LVP,Lavan Island Airport,拉萬島機場
LVR,Municipal Bom Futuro Airport,邦富圖羅市立機場
LVS,Las Vegas Municipal Airport,拉斯維加斯市立機場
LWB,Greenbrier Valley Airport,格林布里爾谷機場
LWC,Lawrence Regional Airport,勞倫斯區域機場
LWH,Lawn Hill Airport,勞恩希爾機場
LWI,Lowai Airstrip,洛瓦伊簡易機場
LWK,Lerwick / Tingwall Airport,勒威克/丁瓦爾機場
LWL,Wells Municipal/Harriet Field,韋爾斯市立/哈riet機場
LWM,Lawrence Municipal Airport,勞倫斯市立機場
LWN,Gyumri Shirak Airport,希拉剋機場
LWO,Lviv International Airport,利沃夫哈利茨基國際機場
LWR,Leeuwarden Air Base,呂伐登空軍基地
LWS,Lewiston/Nez Perce County Airport,劉易斯頓/內茲佩爾塞郡機場
LWT,Lewistown Municipal Airport,路易斯鎮市立機場
LWV,Lawrenceville-Vincennes International Airport,勞倫斯維爾-文森斯國際機場
LWY,Lawas Airport,老越機場
LXA,Lhasa Gonggar Airport,拉薩貢嘎國際機場
LXG,Luang Namtha Airport,琅南塔機場
LXN,Jim Kelly Field,吉姆凱利機場
LXR,Luxor International Airport,盧克索國際機場
LXS,Limnos Airport,利姆諾斯機場
LXU,Lukulu Airport,盧庫盧機場
LYA,Luoyang Airport,洛陽北郊機場
LYB,Edward Bodden Airfield,愛德華博登機場
LYC,Lycksele Airport,呂克瑟萊機場
LYG,Lianyungang Airport,連雲港花果山國際機場
LYH,Lynchburg Regional/Preston Glenn Field,林奇堡區域/普雷斯頓格倫機場
LYI,Shubuling Airport,臨沂啟陽國際機場
LYN,Lyon-Bron Airport,里昂布隆機場
LYO,Lyons-Rice County Municipal Airport,里昂-賴斯郡市立機場
LYP,Faisalabad International Airport,費薩拉巴德國際機場
LYR,Svalbard Airport Longyear,斯瓦爾巴機場
LYS,Lyon Saint-Exupery Airport,里昂聖埃克絮佩裡機場
LYU,Ely Municipal Airport,伊利市立機場
LYX,Lydd Airport,利德機場
LZA,Luiza Airport,路易扎機場
LZC,Lazaro Cardenas Airport,拉薩羅卡德納斯機場
LZG,Langzhong Gucheng Airport,閬中古城機場
LZH,Bailian Airport,柳州白蓮機場
LZI,Luozi Airport,洛齊機場
LZM,Luzamba Airport,盧贊巴機場
LZN,Matsu Nangan Airport,馬祖南竿機場
LZO,Luzhou Airport,瀘州雲龍機場
LZR,Lizard Island Airport,蜥蜴島機場
LZU,Gwinnett County/Briscoe Field,格威內特郡/布里斯科機場
LZY,Nyingchi Airport,林芝米林機場
MAA,Chennai International Airport,金奈國際機場
MAB,Maraba Airport,馬拉巴機場
MAC,Macon Downtown Airport,梅肯市中心機場
MAD,Madrid Barajas International Airport,阿道弗·蘇亞雷斯馬德里-巴拉哈斯機場
MAE,Madera Municipal Airport,馬德拉市立機場
MAF,Midland International Air And Space Port Airport,密德蘭國際航空航天港
MAG,Madang Airport,馬當機場
MAH,Menorca Airport,梅諾卡機場
MAJ,Amata Kabua International Airport,馬紹爾群島國際機場
MAK,Malakal Airport,馬拉卡爾機場
MAL,Mangole Airport Falabisahaya,曼戈萊法拉比薩哈亞機場
MAM,General Servando Canales International Airport,塞爾萬多·卡納列斯將軍國際機場
MAN,Manchester Airport,曼徹斯特機場
MAO,Eduardo Gomes International Airport,馬瑙斯-愛德華多·戈梅斯國際機場
MAQ,Mae Sot Airport,湄索機場
MAR,La Chinita International Airport,拉奇尼塔國際機場
MAS,Momote Airport,莫莫特機場
MAT,Tshimpi Airport,希姆皮機場
MAU,Maupiti Airport,莫皮蒂機場
MAW,Malden Regional Airport,莫爾登區域機場
MAX,Ouro Sogui Airport,烏羅索吉機場
MAY,Clarence A. Bain Airport,克拉倫斯·A·貝恩機場
MAZ,Eugenio Maria De Hostos Airport,歐亨尼奧·馬裡亞·德霍斯托斯機場
MBA,Mombasa Moi International Airport,莫伊國際機場
MBB,Marble Bar Airport,馬布林巴機場
MBC,M'Bigou Airport,姆比古機場
MBD,Mmabatho International Airport,梅富根機場
MBE,Monbetsu Airport,紋別機場
MBF,Porepunkah Airport,波雷蓬卡機場
MBG,Mobridge Municipal Airport,莫布里奇市立機場
MBH,Maryborough Airport,馬里斯堡機場
MBI,Mbeya Airport,姆貝亞機場
MBJ,Sangster International Airport,桑斯特國際機場
MBK,Regional Orlando Villas Boas Airport,奧蘭多維拉斯博阿斯區域機場
MBL,Manistee County/Blacker Airport,馬尼斯蒂郡/布拉克爾機場
MBO,Mamburao Airport,曼布勞機場
MBP,Moyobamba Airport,莫約巴姆巴機場
MBQ,Mbarara Airport,姆巴拉拉機場
MBS,Mbs International Airport,MBS國際機場
MBT,Moises R. Espinosa Airport,莫伊斯·R·埃斯皮諾薩機場
MBU,Babanakira Airport,巴巴納基拉機場
MBW,Melbourne Moorabbin Airport,墨爾本莫拉賓機場
MBX,Maribor Airport,馬裡博爾愛德華·魯斯揚機場
MBY,Omar N Bradley Airport,奧馬爾·N·布拉德利機場
MBZ,Maues Airport,馬烏伊斯機場
MCA,Macenta Airport,馬森塔機場
MCB,Mc Comb/Pike County/John E Lewis Field,麥科姆/派克郡/約翰·E·劉易斯機場
MCC,Mc Clellan Airfield,麥克萊蘭機場
MCD,Mackinac Island Airport,麥基諾島機場
MCE,Merced Yosemite Regional Airport,麥賽德約塞米蒂區域機場
MCF,Macdill Afb Airport,麥克迪爾空軍基地機場
MCG,Mc Grath Airport,麥格拉斯機場
MCH,General Manuel Serrano Airport,曼努埃爾·塞拉諾將軍機場
MCI,Kansas City International Airport,堪薩斯城國際機場
MCJ,Jorge Isaac Airport,豪爾赫·伊薩克機場
MCK,Mc Cook Ben Nelson Regional Airport,麥庫克本納爾遜區域機場
MCL,Mc Kinley Ntl Park Airport,麥金利國家公園機場
MCN,Middle Georgia Regional Airport,中喬治亞區域機場
MCO,Orlando International Airport,奧蘭多國際機場
MCP,Alberto Alcolumbre Airport,阿爾貝託·阿爾科倫佈雷機場
MCR,Melchor de Mencos Airport,梅爾喬德門科斯機場
MCS,Monte Caseros Airport,蒙特卡塞羅斯機場
MCT,Muscat International Airport,馬斯喀特國際機場
MCU,Montlucon-Gueret Airport,蒙呂松-蓋雷機場
MCV,McArthur River Mine Airport,麥克阿瑟河礦場機場
MCW,Mason City Municipal Airport,梅森城市立機場
MCX,Uytash Airport,烏伊塔什機場
MCY,Sunshine Coast Airport,陽光海岸機場
MCZ,Zumbi dos Palmares Airport,祖比·多斯帕爾馬雷斯機場
MDC,Sam Ratulangi Airport,薩姆·拉圖蘭吉國際機場
MDD,Midland Airpark,米德蘭航空公園
MDE,Jose Maria Cordova International Airport,何塞·瑪麗亞·科爾多瓦國際機場
MDF,Taylor County Airport,泰勒郡機場
MDG,Mudanjiang Hailang International Airport,牡丹江海浪國際機場
MDH,Southern Illinois Airport,南伊利諾伊機場
MDI,Makurdi Airport,馬庫爾迪機場
MDJ,Madras Municipal Airport,馬德拉斯市立機場
MDK,Mbandaka Airport,姆班達卡機場
MDL,Mandalay International Airport,曼德勒國際機場
MDN,Madison Regional Airport,麥迪遜區域機場
MDO,Middleton Island Airport,米德爾頓島機場
MDP,Mindiptana Airport,明迪普塔納機場
MDQ,Astor Piazzola International Airport,阿斯托爾·皮亞佐拉國際機場
MDS,Middle Caicos Airport,中凱科斯機場
MDT,Harrisburg International Airport,哈里斯堡國際機場
MDU,Mendi Airport,門迪機場
MDW,Chicago Midway International Airport,中途國際機場
MDX,Mercedes Airport,梅塞德斯機場
MDY,Henderson Field,亨德森機場
MDZ,El Plumerillo Airport,普盧梅里略機場
MEA,Macae Airport,馬卡埃機場
MEB,Melbourne Essendon Airport,埃森登機場
MEC,Eloy Alfaro International Airport,埃洛伊·阿爾法羅國際機場
MED,Prince Mohammad Bin Abdulaziz Airport,穆罕默德·本·阿卜杜勒-阿齊茲親王國際機場
MEE,Mare Airport,馬雷機場
MEG,Malanje Airport,馬朗熱機場
MEH,Mehamn Airport,梅哈姆恩機場
MEI,Key Field,基伊機場
MEJ,Port Meadville Airport,米德維爾港機場
MEK,Bassatine Airport,巴薩蒂恩機場
MEL,Melbourne International Airport,墨爾本機場
MEM,Frederick W Smith International Airport,孟菲斯國際機場
MEN,Mende-Brenoux Airport,芒德-佈雷努機場
MEO,Dare County Regional Airport,戴爾郡區域機場
MEP,Mersing Airport,豐盛港機場
MEQ,Cut Nyak Dien Airport,朱·紐亞克·迪安機場
MER,Castle Airport,卡城堡機場
MES,Soewondo Air Force Base,蘇文多空軍基地
MET,Moreton Airport,莫頓機場
MEU,Monte Dourado Airport,蒙特杜拉多機場
MEV,Minden-Tahoe Airport,明登-塔霍機場
MEW,Mweka Airport,姆韋卡機場
MEX,Licenciado Benito Juarez International Airport,墨西哥城國際機場
MEY,Meghauli Airport,梅豪利機場
MEZ,Musina(Messina) Airport,穆西納（梅西納）機場
MFA,Mafia Island Airport,馬菲亞島機場
MFC,Mafeteng Airport,馬費滕機場
MFD,Mansfield Lahm Regional Airport,曼斯菲爾德拉姆區域機場
MFE,Mc Allen International Airport,麥卡倫國際機場
MFF,Moanda Airport,莫昂達機場
MFG,Muzaffarabad Airport,穆扎法拉巴德機場
MFH,Mesquite Airport,梅斯基特機場
MFI,Marshfield Municipal Airport,馬什菲爾德市立機場
MFJ,Moala Airport,莫阿拉機場
MFK,Matsu Beigan Airport,馬祖北竿機場
MFM,Macau International Airport,澳門國際機場
MFN,Milford Sound Airport,米爾福德峽灣機場
MFO,Manguna Airport,曼古納機場
MFP,Manners Creek Airport,曼納斯克裡克機場
MFQ,Maradi Airport,馬拉迪機場
MFR,Rogue Valley International/Medford Airport,羅格谷國際/梅德福機場
MFS,Miraflores Airport,米拉弗洛雷斯機場
MFU,Mfuwe Airport,姆富韋機場
MFV,Accomack County Airport,阿科馬克縣機場
MFX,Meribel Airport,梅里貝爾機場
MGA,Augusto C. Sandino (Managua) International Airport,奧古斯托·塞薩爾·桑地諾國際機場
MGB,Mount Gambier Airport,甘比爾山機場
MGC,Michigan City Municipal-Phillips Field,密歇根城市立菲利普斯機場
MGD,Magdalena Airport,馬格達萊納機場
MGE,Dobbins Arb Airport,多賓斯預備役空軍基地機場
MGF,Regional de Maringa - Silvio Nane Junior Airport,馬林加區域-西爾維奧·納內·儒尼奧爾機場
MGH,Margate Airport,馬蓋特機場
MGJ,Orange County Airport,奧蘭治縣機場
MGK,Mong Tong Airport,孟統機場
MGL,Monchengladbach Airport,門興格拉德巴赫機場
MGM,Montgomery Regional (Dannelly Field) Airport,蒙哥馬利區域（丹內利場）機場
MGN,Baracoa Airport,巴拉科阿機場
MGQ,Aden Adde International Airport,亞丁·阿德國際機場
MGR,Moultrie Municipal Airport,莫爾特里市立機場
MGS,Mangaia Island Airport,曼加伊亞島機場
MGT,Milingimbi Airport,米林金比機場
MGU,Manaung Airport,馬納溫機場
MGV,Margaret River (Station) Airport,瑪格麗特河（站）機場
MGW,Morgantown Municipal/Walter L Bill Hart Field,摩根敦市立機場
MGX,Moabi Airport,莫阿比機場
MGY,Dayton/Wright Brothers Airport,代頓/萊特兄弟機場
MGZ,Myeik Airport,丹老機場
MHA,Mahdia Airport,馬赫迪亞機場
MHC,Mocopulli Airport,莫科普利機場
MHD,Mashhad International Airport,沙希德·雜湊米內賈德國際機場
MHE,Mitchell Municipal Airport,米切爾市立機場
MHG,Mannheim-City Airport,曼海姆城市機場
MHH,Marsh Harbour International Airport,馬什港國際機場
MHI,Moucha Airport,穆沙機場
MHK,Manhattan Regional Airport,曼哈頓區域機場
MHL,Marshall Memorial Municipal Airport,馬歇爾紀念市立機場
MHN,Hooker County Airport,胡克縣機場
MHO,Mount House Airport,豪斯山機場
MHQ,Mariehamn Airport,瑪麗港機場
MHR,Sacramento Mather Airport,薩克拉門託馬瑟機場
MHS,Dunsmuir Municipal-Mott Airport,鄧斯繆爾市立莫特機場
MHT,Manchester Boston Regional Airport,曼徹斯特波士頓區域機場
MHU,Mount Hotham Airport,霍otham山機場
MHV,Mojave Air & Space Port/Rutan Field,莫哈韋航空航天港/魯坦機場
MHW,Monteagudo Airport,蒙特阿古多機場
MHX,Manihiki Island Airport,曼希基島機場
MHZ,RAF Mildenhall,米登霍爾皇家空軍基地
MIA,Miami International Airport,邁亞密國際機場
MIB,Minot Afb Airport,邁諾特空軍基地
MIC,Crystal Airport,水晶機場
MID,Licenciado Manuel Crescencio Rejon Int Airport,曼努埃爾克雷森西奧雷洪國際機場
MIE,Delaware County Regional Airport,特拉華縣區域機場
MIF,Roy Hurd Memorial Airport,羅伊赫德紀念機場
MIG,Mianyang Airport,綿陽南郊機場
MIH,Mitchell Plateau Airport,米切爾高原機場
MII,Marilia Airport,馬裡利亞機場
MIJ,Mili Airport,米利機場
MIK,Mikkeli Airport,米凱利機場
MIM,Merimbula Airport,梅林布拉機場
MIN,Minnipa Airport,米尼帕機場
MIO,Miami Regional Airport,邁阿密區域機場
MIP,Mitzpe Ramon Airfield,米茨佩拉蒙機場
MIQ,Millard Airport,米拉德機場
MIR,Monastir Habib Bourguiba International Airport,莫納斯提爾哈比卜·布林吉巴國際機場
MIS,Misima Island Airport,米西馬島機場
MIT,Shafter-Minter Field,沙夫特明特機場
MIU,Maiduguri International Airport,邁杜古裡國際機場
MIV,Millville Municipal Airport,米爾維爾市立機場
MIW,Marshalltown Municipal Airport,馬歇爾敦市立機場
MJA,Manja Airport,曼賈機場
MJC,Man Airport,曼恩機場
MJD,Moenjodaro Airport,摩亨佐達羅機場
MJF,Mosjøen Airport Kjaerstad,莫舍恩凱爾斯塔德機場
MJG,Mayajigua Airport,馬亞希瓜機場
MJI,Mitiga Airport,米提加國際機場
MJK,Shark Bay Airport,鯊魚灣機場
MJL,Mouilla Ville Airport,穆伊拉維爾機場
MJM,Mbuji Mayi Airport,姆布吉馬伊機場
MJN,Amborovy Airport,安博羅維機場
MJO,Mount Etjo Airport,埃特約山機場
MJP,Manjimup Airport,曼吉姆普機場
MJQ,Jackson Municipal Airport,傑克遜市立機場
MJR,Miramar Airport,米拉瑪機場
MJT,Mytilene International Airport,米蒂利尼國際機場
MJU,Tampa Padang Airport,坦帕巴當機場
MJX,Ocean County Airport,海洋縣機場
MJZ,Mirny Airport,米爾內機場
MKA,Marianske Lazne Airport,瑪麗亞溫泉市機場
MKB,Mekambo Airport,梅坎博機場
MKC,Kansas City Downtown/Wheeler Field,堪薩斯城市中心/惠勒機場
MKE,General Mitchell International Airport,米切爾將軍國際機場
MKG,Muskegon County Airport,馬斯基根縣機場
MKH,Mokhotlong Airport,莫霍特隆機場
MKI,M'Boki Airport,姆博基機場
MKJ,Makoua Airport,馬誇機場
MKK,Molokai Airport,莫洛凱機場
MKL,Jackson Regional Airport,傑克遜區域機場
MKM,Mukah Airport,沐膠機場
MKO,Muskogee-Davis Regional Airport,馬斯科吉戴維斯區域機場
MKP,Makemo Airport,馬凱莫機場
MKQ,Mopah Airport,莫帕國際機場
MKR,Meekatharra Airport,米卡薩拉機場
MKT,Mankato Regional Airport,曼卡託區域機場
MKU,Makokou Airport,馬科庫機場
MKV,Mount Cavenagh Airport,卡弗納山機場
MKW,Rendani Airport,任代尼機場
MKY,Mackay Airport,麥凱機場
MKZ,Malacca Airport,馬六甲國際機場
MLA,Luqa Airport,馬耳他國際機場
MLB,Melbourne Orlando International Airport,墨爾本奧蘭多國際機場
MLC,Mc Alester Regional Airport,麥卡勒斯特區域機場
MLD,Malad City Airport,馬拉德城機場
MLE,Velana International Airport,維拉納國際機場
MLF,Milford Municipal/Ben And Judy Briscoe Field,米爾福德市/班與茱蒂布里斯科機場
MLG,Abdul Rachman Saleh Airport,阿卜杜勒·拉赫曼·薩利赫機場
MLI,Quad Cities International Airport,四城國際機場
MLJ,Baldwin County Regional Airport,鮑德溫郡區域機場
MLK,Malta Airport,馬爾他機場
MLL,Marshall Don Hunter Sr Airport,老馬歇爾唐亨特機場
MLM,General Francisco J. Mujica International Airport,弗朗西斯科·J·穆希卡將軍國際機場
MLN,Melilla Airport,梅利利亞機場
MLO,Milos Airport,米洛斯機場
MLP,Malabang Airport,馬拉邦機場
MLR,Millicent Airport,米利森特機場
MLS,Frank Wiley Field,法蘭克威利機場
MLT,Millinocket Municipal Airport,米利諾基市立機場
MLU,Monroe Regional Airport,門羅區域機場
MLV,Merluna Airport,梅爾盧納機場
MLW,Spriggs Payne Airport,斯普里格斯佩恩機場
MLX,Malatya Erhac Airport,馬拉特亞埃爾哈奇機場
MLY,Manley Hot Springs Airport,曼利熱泉機場
MLZ,Cerro Largo International Airport,塞羅拉爾戈國際機場
MMB,Memanbetsu Airport,女滿別機場
MMC,Ciudad Mante National Airport,曼特城國家機場
MMD,Minami Daito Airport,南大東機場
MME,Durham Tees Valley Airport,達勒姆蒂斯谷機場
MMF,Mamfe Airport,馬姆費機場
MMG,Mount Magnet Airport,馬格內特山機場
MMH,Mammoth Yosemite Airport,猛瑪約塞米蒂機場
MMI,Mcminn County Airport,麥克明郡機場
MMJ,Matsumoto Airport,松本機場
MMK,Murmansk Airport,摩爾曼斯克機場
MML,Southwest Minnesota Regional Marshall/Ryan Field,西南明尼蘇達區域馬歇爾/瑞安機場
MMM,Middlemount Airport,米德爾芒特機場
MMN,Minute Man Air Field,民兵機場
MMO,Maio Airport,馬約機場
MMP,San Bernardo Airport,聖貝納爾多機場
MMQ,Mbala Airport,姆巴拉機場
MMS,Selfs Airport,塞爾夫斯機場
MMT,Mc Entire Jngb Airport,麥恩蒂爾國民警衛隊基地機場
MMU,Morristown Municipal Airport,莫里斯敦市立機場
MMX,Malmo Sturup Airport,馬爾默機場
MMY,Miyako Airport,宮古機場
MMZ,Maimana Airport,邁馬納機場
MNA,Melangguane Airport,梅龍瓜內機場
MNB,Muanda Airport,姆安達機場
MNC,Nacala Airport,納卡拉機場
MNE,Mungeranie Airport,芒格拉尼機場
MNF,Mana Island Airport,瑪娜島機場
MNG,Maningrida Airport,馬寧格里達機場
MNH,Rustaq Airport,魯斯塔克機場
MNI,John A. Osborne Airport,約翰·A·奧斯本機場
MNJ,Mananjary Airport,馬南扎裡機場
MNK,Maiana Airport,邁亞納機場
MNL,Ninoy Aquino International Airport,尼諾伊·阿基諾國際機場
MNM,Menominee Regional Airport,梅諾米尼地區機場
MNN,Marion Municipal Airport,馬里昂市立機場
MNO,Manono Airport,馬諾諾機場
MNQ,Monto Airport,蒙託機場
MNR,Mongu Airport,蒙古機場
MNS,Mansa Airport,曼薩機場
MNT,Minto Al Wright Airport,明託阿爾賴特機場
MNU,Mawlamyine Airport,毛淡棉機場
MNW,Macdonald Downs Airport,麥克唐納當斯機場
MNX,Manicore Airport,馬尼科雷機場
MNY,Mono Airport,莫諾機場
MNZ,Manassas Regional/Harry P Davis Field,馬納薩斯地區/哈里·P·戴維斯機場
MOA,Orestes Acosta Airport,奧雷斯特斯阿科斯塔機場
MOB,Mobile Regional Airport,莫比爾地區機場
MOC,Mario Ribeiro Airport,馬裡奧裡貝羅機場
MOD,Modesto City-County-Harry Sham Field,莫德斯托市縣哈里沙姆機場
MOE,Momeik Airport,抹谷機場
MOF,Maumere(Wai Oti) Airport,弗蘭斯·澤維爾·塞達機場
MOG,Mong Hsat Airport,孟薩機場
MOI,Mitiaro Island Airport,米蒂亞羅島機場
MOJ,Moengo Airstrip,蒙哥簡易機場
MOL,Molde Airport,莫爾德機場
MOM,Letfotar Airport,勒夫託塔爾機場
MON,Mount Cook Airport,庫克山機場
MOO,Moomba Airport,穆姆巴機場
MOP,Mount Pleasant Municipal Airport,普萊森特山市立機場
MOQ,Morondava Airport,穆龍達瓦機場
MOR,Moore-Murrell Airport,摩爾-穆雷爾機場
MOS,Moses Point Airport,摩西角機場
MOT,Minot International Airport,邁諾特國際機場
MOU,Mountain Village Airport,山地村機場
MOV,Moranbah Airport,莫蘭巴機場
MOX,Morris Municipal/Charlie Schmidt Field,莫里斯市立/查理施密特機場
MOZ,Moorea Airport,茉莉雅機場
MPA,Katima Mulilo Airport,卡蒂馬穆利洛機場
MPC,Muko Muko Airport,穆科穆科機場
MPD,Sindhri Tharparkar Airport,信德里塔帕卡爾機場
MPH,Godofredo P. Ramos Airport,葛多菲多·洛莫斯機場
MPJ,Petit Jean Park Airport,小吉恩公園機場
MPL,Montpellier-Mediterranee Airport,蒙佩利爾地中海機場
MPM,Maputo Airport,馬普託國際機場
MPN,Mount Pleasant Airport,芒特普萊森特皇家空軍基地
MPO,Pocono Mountains Regional Airport,波科諾山地區機場
MPR,Mc Pherson Airport,麥克弗森機場
MPS,Mount Pleasant Regional Airport,普萊森特山地區機場
MPT,Maliana Airport,馬利安納機場
MPV,Edward F Knapp State Airport,愛德華F納普州立機場
MPW,Mariupol International Airport,馬裡烏波爾國際機場
MPY,Maripasoula Airport,馬裡帕蘇拉機場
MQA,Mandora Airport,曼多拉機場
MQB,Macomb Municipal Airport,馬科姆市立機場
MQC,Miquelon Airport,密克隆機場
MQD,Maquinchao Airport,馬欽恰奧機場
MQE,Marqua Airport,馬誇機場
MQF,Magnitogorsk International Airport,馬格尼託哥爾斯克國際機場
MQH,Minacu Airport,米納庫機場
MQJ,Moma Airport,莫馬機場
MQK,San Matias Airport,聖馬蒂亞斯機場
MQL,Mildura Airport,米爾杜拉機場
MQM,Mardin Airport,馬爾丁機場
MQN,Mo i Rana Airport Rossvoll,摩城羅斯沃爾機場
MQP,Kruger Mpumalanga International Airport,克留格爾普馬蘭加國際機場
MQQ,Moundou Airport,蒙杜機場
MQS,Mustique Airport,馬斯蒂克機場
MQT,Marquette/Sawyer Regional Airport,馬凱特/索耶區域機場
MQW,Telfair-Wheeler Airport,特爾費爾-惠勒機場
MQX,Mekele Airport,默克萊機場
MQY,Smyrna Airport,士麥那機場
MQZ,Margaret River Airport,瑪格麗特河機場
MRA,Misrata International Airport,米蘇拉塔國際機場
MRB,Eastern Wv Regional/Shepherd Field,東西維吉尼亞區域/謝潑德機場
MRC,Maury County Regional Airport,莫里郡區域機場
MRD,Alberto Carnevalli Airport,阿爾貝託卡內瓦利機場
MRE,Mara Serena Lodge Airstrip,馬拉塞雷納山林小屋飛機跑道
MRF,Marfa Municipal Airport,馬爾法市立機場
MRG,Mareeba Airport,馬裡巴機場
MRI,Merrill Field,梅里爾機場
MRK,Marco Island Executive Airport,馬可島行政機場
MRN,Foothills Regional Airport,富特希爾斯區域機場
MRO,Hood Airport,胡德機場
MRP,Marla Airport,馬拉機場
MRQ,Marinduque Airport,馬林杜克機場
MRR,Jose Maria Velasco Ibarra Airport,何塞馬利亞貝拉斯科伊巴拉機場
MRS,Marseille Provence Airport,馬賽普羅旺斯機場
MRU,Sir Seewoosagur Ramgoolam International Airport,西沃薩古爾·拉姆古蘭爵士國際機場
MRV,Mineralnyye Vody Airport,礦水城機場
MRW,Lolland Falster Maribo Airport,洛蘭-法爾斯特機場
MRX,Mahshahr Airport,馬赫夏赫爾機場
MRY,Monterey Regional Airport,蒙特雷區域機場
MRZ,Moree Airport,莫里機場
MSA,Muskrat Dam Airport,麝鼠大壩機場
MSC,Falcon Field,獵鷹機場
MSF,Mount Swan Airport,天鵝山機場
MSG,Matsaile Airport,馬蔡勒機場
MSH,Masirah Air Base,馬西拉空軍基地
MSJ,Misawa Air Base,三澤飛行場
MSL,Northwest Alabama Regional Airport,西北阿拉巴馬區域機場
MSM,Masi Manimba Airport,馬西曼巴機場
MSN,Dane County Regional/Truax Field,戴恩郡區域/特魯克斯機場
MSO,Missoula Montana Airport,米蘇拉蒙大拿機場
MSP,Minneapolis-St Paul International/Wold-Chamberlain Airport,明尼阿波利斯-聖保羅國際機場
MSQ,Minsk International Airport,明斯克國際機場
MSR,Mus Airport,穆什機場
MSS,Massena International-Richards Field,馬塞納國際-理查茲機場
MST,Maastricht Aachen Airport,馬斯特裡赫特-亞琛機場
MSU,Moshoeshoe I International Airport,莫舒舒一世國際機場
MSV,Sullivan County International Airport,沙利文郡國際機場
MSW,Massawa International Airport,馬薩瓦國際機場
MSX,Mossendjo Airport,莫森焦機場
MSY,Louis Armstrong New Orleans International Airport,新奧爾良路易斯阿姆斯特朗國際機場
MSZ,Namibe Airport,奈米貝機場
MTA,Matamata Glider Airport,馬塔馬塔滑翔機機場
MTB,Montelibano Airport,蒙特利巴諾機場
MTC,Selfridge Angb Airport,塞爾弗裡奇空軍國民警衛隊基地
MTD,Mount Sanford Station Airport,桑福德山站機場
MTE,Monte Alegre Airport,蒙特阿萊格里機場
MTF,Mizan Teferi Airport,米贊特費裡機場
MTG,Vila Bela da Santissima Trindade Airport,聖特里因達德美麗村機場
MTH,The Florida Keys Marathon International Airport,佛羅裡達礁島群馬拉松國際機場
MTI,Mosteiros Airport,莫斯特羅斯機場
MTJ,Montrose Regional Airport,蒙特羅斯區域機場
MTK,Makin Island Airport,馬金島機場
MTL,Maitland Airport,梅特蘭機場
MTN,Martin State Airport,馬丁州立機場
MTO,Coles County Memorial Airport,科爾斯郡紀念機場
MTP,Montauk Airport,蒙托克機場
MTQ,Mitchell Airport,米切爾機場
MTR,Los Garzones Airport,洛斯加爾索內斯機場
MTS,Matsapha Airport,馬沙霸機場
MTT,Minatitlan/Coatzacoalcos National Airport,米納蒂特蘭/誇察誇爾科斯國家機場
MTV,Mota Lava Airport,莫塔拉瓦機場
MTW,Manitowoc County Airport,馬尼託瓦克郡機場
MTX,Metro Field,都會機場
MTY,General Mariano Escobedo International Airport,蒙特雷國際機場
MTZ,Bar Yehuda Airfield,巴爾耶胡達機場
MUA,Munda Airport,蒙達機場
MUB,Maun Airport,馬翁機場
MUC,Munich International Airport,慕尼黑機場
MUD,Mueda Airport,穆埃達機場
MUE,Waimea-Kohala Airport,懷梅亞-科哈拉機場
MUG,Mulege Airport,穆萊赫機場
MUH,Mersa Matruh Airport,米爾薩馬特魯機場
MUI,Muir Army Heliport (Fort Indiantown Gap) Heliport,繆爾陸軍直升機場（印第安敦蓋普堡）
MUK,Mauke Airport,毛克機場
MUL,Spence Airport,斯彭斯機場
MUM,Muli Airport,穆利機場
MUN,Maturin Airport,馬圖林機場
MUO,Mountain Home Afb Airport,芒廷霍姆空軍基地
MUP,Mulga Park Airport,穆爾加帕克機場
MUQ,Muccan Station Airport,穆坎站機場
MUR,Marudi Airport,馬魯迪機場
MUS,Minami Torishima Airport,南鳥島機場
MUT,Muscatine Municipal Airport,馬斯卡廷市立機場
MUW,Ghriss Airport,格里斯機場
MUX,Multan International Airport,木爾坦國際機場
MUY,Mouyondzi Airport,穆永茲機場
MUZ,Musoma Airport,穆索馬機場
MVA,Mývatn Airport,米湖機場
MVB,M'Vengue El Hadj Omar Bongo Ondimba International Airport,姆溫蓋埃爾哈吉·奧馬爾·邦戈·翁迪巴國際機場
MVC,Monroe County Aeroplex Airport,門羅郡航空城機場
MVD,Carrasco International /General C L Berisso Airport,卡拉斯科國際機場
MVE,Montevideo-Chippewa County Airport,蒙得維的亞-奇帕瓦郡機場
MVF,Dix-Sept Rosado Airport,迪什塞普羅薩多機場
MVK,Mulka Airport,穆爾卡機場
MVL,Morrisville-Stowe State Airport,莫里斯維爾-斯托州立機場
MVM,Kayenta Airport,卡延塔機場
MVN,Mount Vernon Airport,弗農山機場
MVO,Mongo Airport,蒙哥機場
MVP,Fabio Alberto Leon Bentley Airport,法比奧·阿爾貝託·萊昂·本特利機場
MVQ,Mogilev Airport,莫吉廖夫機場
MVR,Salak Airport,馬魯阿-薩拉克機場
MVS,Mucuri Airport,穆庫裡機場
MVT,Mataiva Airport,馬塔伊瓦機場
MVU,Musgrave Airport,穆斯格雷夫機場
MVV,Megeve Airport,梅傑夫機場
MVW,Skagit Regional Airport,斯卡吉特區域機場
MVX,Minvoul Airport,明武爾機場
MVY,Martha's Vineyard Airport,瑪莎葡萄園機場
MVZ,Masvingo International Airport,馬斯溫戈國際機場
MWA,Veterans Airport Of Southern Illinois Airport,南伊利諾退伍軍人機場
MWB,Morawa Airport,莫拉瓦機場
MWC,Lawrence J Timmerman Airport,勞倫斯·J·蒂默曼機場
MWD,Mianwali Air Base,米安瓦利空軍基地
MWE,Merowe Airport,麥洛維機場
MWF,Naone Airport,納奧內機場
MWH,Grant County International Airport,格蘭特縣國際機場
MWJ,Matthews Ridge Airport,馬修斯嶺機場
MWK,Tarempa Airport,馬塔克機場
MWL,Mineral Wells Regional Airport,米內勒韋爾斯區域機場
MWM,Windom Municipal Airport,溫多姆市立機場
MWN,Mwadui Airport,姆瓦杜伊機場
MWO,Middletown Regional/Hook Field,米德爾敦區域/胡克機場
MWQ,Magway Airport,馬圭機場
MWT,Moolawatana Airport,穆拉瓦塔納機場
MWX,Muan International Airport,務安國際機場
MWY,Miralwyn Airport,米拉爾溫機場
MWZ,Mwanza Airport,姆萬扎機場
MXA,Manila Municipal Airport,馬尼拉市立機場
MXB,Andi Jemma Airport,安迪傑馬機場
MXC,Monticello Airport,蒙蒂塞洛機場
MXD,Marion Downs Airport,馬里昂唐斯機場
MXE,Laurinburg/Maxton Airport,勞林堡/馬克斯頓機場
MXF,Maxwell Afb Airport,麥克斯韋-甘特空軍基地
MXH,Moro Airport,莫羅機場
MXI,Mati National Airport,馬蒂國家機場
MXJ,Minna Airport,明納機場
MXK,Mindik Airport,明迪克機場
MXL,General Rodolfo Sanchez Taboada International Airport,羅多爾夫·桑切斯·塔博達將軍國際機場
MXM,Morombe Airport,莫龍貝機場
MXN,Morlaix-Ploujean Airport,莫爾萊-普盧然機場
MXO,Monticello Regional Airport,蒙蒂塞洛區域機場
MXP,Malpensa International Airport,米蘭-馬爾彭薩機場
MXQ,Lorenzo Airport,洛倫佐機場
MXR,Myrhorod Air Base,米爾霍羅德空軍基地
MXS,Maota Airport,毛塔機場
MXT,Maintirano Airport,邁因蒂拉努機場
MXU,Mullewa Airport,穆勒瓦機場
MXV,Moron Airport,木倫機場
MXX,Mora Airport,莫拉機場
MXY,Mccarthy Airport,麥卡錫機場
MXZ,Meixian Airport,梅州梅縣機場
MYA,Moruya Airport,莫魯亞機場
MYB,Mayumba Airport,馬尤姆巴機場
MYC,Escuela Mariscal Sucre Airport,馬里斯卡爾蘇克雷學校機場
MYD,Malindi Airport,馬林迪機場
MYE,Miyakejima Airport,三宅島機場
MYF,Montgomery-Gibbs Executive Airport,蒙哥馬利-吉布斯行政機場
MYG,Mayaguana Airport,馬亞瓜納機場
MYH,Marble Canyon Airport,大理石峽谷機場
MYI,Murray Island Airport,默裡島機場
MYJ,Matsuyama Airport,松山機場 (日本)
MYK,May Creek Airport,梅溪機場
MYL,Mc Call Municipal Airport,麥考爾市立機場
MYM,Monkey Mountain Airport,猴山機場
MYN,Mareb Airport,馬裡卜機場
MYO,Myroodan Station Airport,邁魯丹車站機場
MYP,Mary Airport,馬雷機場
MYQ,Mysore Airport,邁索爾機場
MYR,Myrtle Beach International Airport,默特爾比奇國際機場
MYT,Myitkyina Airport,密支那機場
MYU,Mekoryuk Airport,麥科裡尤克機場
MYV,Yuba County Airport,尤巴郡機場
MYW,Mtwara Airport,姆特瓦拉機場
MYX,Menyamya Airport,曼亞姆亞機場
MYY,Miri Airport,美里機場
MYZ,Monkey Bay Airport,猴子灣機場
MZA,Manuel Prado Ugarteche Airport,曼努埃爾普拉多烏加特切機場
MZB,Mocimboa da Praia Airport,莫辛博阿代普拉亞機場
MZE,Manatee Airport,海牛機場
MZG,Makung Airport,澎湖機場
MZH,Amasya Merzifon Airport,阿馬西亞梅爾濟芬機場
MZI,Ambodedjo Airport,安博德焦機場
MZJ,Pinal Airpark,皮納爾航空公園
MZK,Marakei Airport,馬拉凱機場
MZL,La Nubia Airport,拉努比亞機場
MZM,Metz-Frescaty (BA 128) Air Base,梅斯-弗雷斯卡蒂（BA 128）空軍基地
MZO,Sierra Maestra Airport,馬埃斯特拉山脈機場
MZP,Motueka Airport,莫圖埃卡機場
MZQ,Mkuze Airport,姆庫澤機場
MZR,Mazar I Sharif Airport,馬紮裡沙里夫國際機場
MZT,General Rafael Buelna International Airport,拉斐爾布埃爾納將軍國際機場
MZU,Muzaffarpur Airport,穆扎法爾布林機場
MZV,Mulu Airport,姆魯機場
MZW,Mecheria Airport,梅舍裡亞機場
MZX,Masslo Airport,馬斯洛機場
MZY,Mossel Bay Airport,莫瑟爾貝伊機場
MZZ,Marion Municipal - Mckinney Field,馬里昂市立麥金尼機場
NAA,Narrabri Airport,納布拉比機場
NAC,Naracoorte Airport,納拉庫特機場
NAE,Natitingou Airport,納蒂廷古機場
NAG,Dr. Babasaheb Ambedkar International Airport,巴巴薩海布·阿姆倍伽爾博士國際機場
NAH,Naha Airport,納哈機場
NAI,Annai Airport,安奈機場
NAJ,Nakhchivan Airport,納希切萬機場
NAK,Nakhon Ratchasima Airport,呵叻機場
NAL,Nalchik Airport,納爾奇克機場
NAM,Namlea Airport,楠勒阿機場
NAN,Nadi International Airport,楠迪國際機場
NAO,Nanchong Airport,南充高坪機場
NAP,Napoli / Capodichino International Airport,那不勒斯國際機場
NAQ,Qaanaaq Airport,卡納克機場
NAR,Puerto Nare Airport,納雷港機場
NAS,Lynden Pindling International Airport,林登·平德林國際機場
NAT,Greater Natal International Airport,大納塔爾國際機場
NAU,Napuka Island Airport,納普卡島機場
NAV,Nevşehir Kapadokya International Airport,內夫謝希爾卡帕多奇亞國際機場
NAW,Narathiwat Airport,陶公機場
NAY,Beijing Nanyuan Airport,北京南苑機場
NBC,Begishevo Airport,貝吉舍沃機場
NBE,Enfidha-Hammamet International Airport,恩菲達-哈馬馬特國際機場
NBG,New Orleans Nas Jrb (Alvin Callender Field) Airport,新奧爾良站 (路易斯安那州)
NBH,Nambucca Heads Airport,南布卡黑茲機場
NBJ,Dr. Antonio Agostinho Neto International Airport,安東尼奧·阿戈什蒂紐·內圖博士國際機場
NBL,San Blas Airport,聖布拉斯機場
NBO,Jomo Kenyatta International Airport,喬莫·肯雅塔國際機場
NBS,Baishan Changbaishan Airport,白山長白山機場
NBW,Leeward Point Field,背風角機場
NBX,Nabire Airport,納比雷機場
NCA,North Caicos Airport,北凱科斯機場
NCE,Nice-Cote d'Azur Airport,尼斯蔚藍海岸機場
NCG,Nuevo Casas Grandes Airport,新卡薩斯格蘭德斯機場
NCH,Nachingwea Airport,納欽格韋阿機場
NCI,Necocli Airport,內科克利機場
NCJ,Sunchales Aeroclub Airport,森查萊斯飛行俱樂部機場
NCL,Newcastle Airport,紐卡斯爾國際機場
NCN,Chenega Bay Airport,切內加灣機場
NCO,Quonset State Airport,昆塞特州立機場
NCR,San Carlos,聖卡洛斯機場
NCT,Guanacaste Airport,瓜納卡斯特機場
NCU,Nukus Airport,努庫斯機場
NCY,Annecy-Haute-Savoie-Mont Blanc Airport,安錫-上薩瓦-白朗峰機場
NDA,Banda Airport Kepulauan,班達奈拉機場
NDB,Nouadhibou International Airport,努瓦迪布國際機場
NDC,Nanded Airport,楠德爾機場
NDD,Sumbe Airport,蘇姆貝機場
NDE,Mandera Airport,曼德拉機場
NDG,Qiqihar Sanjiazi Airport,齊齊哈爾三家子機場
NDJ,N'Djamena International Airport,恩賈梅納國際機場
NDL,N'Dele Airport,恩代萊機場
NDR,Nador International Airport,納道爾國際機場
NDS,Sandstone Airport,桑德斯通機場
NDU,Rundu Airport,倫杜機場
NDY,Sanday Airport,桑代機場
NEC,Necochea Airport,內科切亞機場
NEF,Neftekamsk Airport,涅夫捷卡姆斯克機場
NEG,Negril Airport,尼格瑞爾機場
NEJ,Nejjo Airport,內焦機場
NEK,Nekemte Airport,內坎特機場
NEL,Lakehurst Maxfield Field,萊克赫斯特麥克斯菲爾德機場
NEN,Whitehouse Nolf Airport,懷特豪斯海軍奧爾夫機場
NER,Chulman Neryungri Airport,丘爾曼涅留格里機場
NEU,Nong Khang Airport,農坎機場
NEV,Vance W. Amory International Airport,萬斯·艾默裡國際機場
NEW,Lakefront Airport,湖濱機場
NFG,Nefteyugansk Airport,涅夫捷尤甘斯克機場
NFL,Fallon Nas (Van Voorhis Field) Airport,法倫海軍航空站（範福里斯機場）
NFO,Mata'aho Airport,馬塔阿霍機場
NFR,Nafurah 1 Airport,納富拉1號機場
NGA,Young Airport,楊格機場
NGB,Ningbo Lishe International Airport,寧波櫟社國際機場
NGD,Captain Auguste George Airport,奧古斯特·喬治船長機場
NGE,N'Gaoundere Airport,恩岡代雷機場
NGF,Kaneohe Bay Mcas (Marion E Carl Field) Airport,卡內奧赫灣陸戰隊航空站（馬里昂·E·卡爾機場）
NGI,Ngau Airport,恩高機場
NGL,Ngala Airport,恩加拉機場
NGO,Chubu Centrair International Airport,中部國際機場
NGP,Corpus Christi Nas (Truax Field) Airport,科珀斯克里斯蒂海軍航空站（特魯克斯機場）
NGQ,Ngari Gunsa Airport,阿里昆莎機場
NGS,Nagasaki Airport,長崎機場
NGU,Norfolk Ns (Chambers Field) Airport,諾福克海軍基地（錢伯斯機場）
NGW,Cabaniss Field Nolf Airport,卡巴尼斯海軍奧爾夫機場
NHD,Al Minhad Air Base,米納德空軍基地
NHF,New Halfa Airport,新哈爾法機場
NHK,Patuxent River Nas (Trapnell Field) Airport,帕塔克森特河海軍航空站（特拉普內爾機場）
NHS,Nushki Airport,努什基機場
NHT,RAF Northolt,諾索爾特皇家空軍基地
NHV,Nuku Hiva Airport,努庫希瓦機場
NHX,Barin Nolf Airport,巴林海軍奧爾夫機場
NHZ,Brunswick Executive Airport,布倫斯維克行政機場
NIA,Nimba Airport,寧巴機場
NIB,Nikolai Airport,尼古拉機場
NIF,Camp Nifty Airport,尼夫蒂營機場
NIG,Nikunau Airport,尼庫瑙機場
NIM,Diori Hamani International Airport,迪奧裡·哈馬尼國際機場
NIN,Ninilchik Airport,尼尼爾奇克機場
NIO,Nioki Airport,尼奧基機場
NIP,Jacksonville Nas (Towers Field) Airport,傑克遜維爾海軍航空站（託爾斯機場）
NIR,Chase Field Industrial Airport,蔡斯菲爾德工業機場
NIS,Simberi Airport,辛貝裡機場
NIT,Niort-Souche Airport,尼奧爾-蘇什機場
NIU,Niau Airport,尼奧機場
NIX,Nioro du Sahel Airport,薩赫勒地區尼奧羅機場
NJA,Atsugi Naval Air Facility,厚木海軍飛行場
NJC,Nizhnevartovsk Airport,下瓦特沃斯克機場
NJF,Al Najaf International Airport,納傑夫國際機場
NJK,El Centro Naf (Vraciu Field) Airport,埃爾森特羅海軍航空設施（弗拉丘機場）
NKC,Nouakchott International Airport,努瓦克肖特-烏姆圖西國際機場
NKG,Nanjing Lukou Airport,南京祿口國際機場
NKL,Nkolo Fuma Airport,恩科洛富馬機場
NKM,Nagoya Airport,名古屋飛行場
NKS,Nkongsamba Airport,恩孔桑巴機場
NKT,Şırnak Şerafettin Elçi Airport,舍爾納克謝拉費廷埃爾奇機場
NKU,Nkaus Airport,恩考斯機場
NKX,Miramar Mcas (Joe Foss Field) Airport,米拉馬海軍陸戰隊航空站
NKY,Yokangassi Airport,約坎加西機場
NLA,Simon Mwansa Kapwepwe International Airport,西蒙·姆旺薩·卡普韋普韋國際機場
NLC,Lemoore Nas (Reeves Field) Airport,勒穆爾海軍航空站（裡夫斯機場）
NLD,Quetzalcoatl International Airport,克察爾科瓦特爾國際機場
NLE,Jerry Tyler Memorial Airport,傑瑞泰勒紀念機場
NLF,Darnley Island Airport,達恩利島機場
NLG,Nelson Lagoon Airport,納爾遜潟湖機場
NLI,Nikolayevsk-na-Amure Airport,阿穆爾河畔尼古拉耶夫斯克機場
NLK,Norfolk Island International Airport,諾福克島機場
NLL,Nullagine Airport,努拉吉恩機場
NLN,Kneeland Airport,尼蘭機場
NLO,Ndolo Airport,恩多洛機場
NLP,Nelspruit Airport,內爾斯普雷特機場
NLS,Nicholson Airport,尼科爾森機場
NLU,Santa Lucia Air Force Base,費利佩·安赫萊斯國際機場
NMA,Namangan Airport,納曼幹機場
NMB,Daman Airport,達曼機場
NMC,Normans Cay Airport,諾曼斯礁機場
NME,Nightmute Airport,奈特繆特機場
NMF,Maafaru International Airport,馬法魯國際機場
NMI,Navi Mumbai International Airport,新孟買國際機場
NML,Fort McMurray / Mildred Lake Airport,麥克默裡堡／米爾德雷德湖機場
NMR,Nappa Merrie Airport,納帕梅里機場
NMS,Namsang Airport,南桑機場
NNA,Kenitra Airport,蓋尼特拉機場
NNG,Nanning Wuxu Airport,南寧吳圩國際機場
NNI,Namutoni Airport,納穆託尼機場
NNK,Naknek Airport,納克內克機場
NNL,Nondalton Airport,農達爾頓機場
NNM,Naryan Mar Airport,納裡揚馬爾機場
NNR,Connemara Regional Airport,康尼馬拉區域機場
NNT,Nan Airport,楠府機場
NNU,Nanuque Airport,納努克機場
NNX,Nunukan Airport,努努坎機場
NNY,Nanyang Airport,南陽姜營機場
NOA,Nowra Airport,諾拉機場
NOB,Nosara Airport,諾薩拉機場
NOC,Ireland West Knock Airport,愛爾蘭西部諾克機場
NOD,Norden-Norddeich Airport,諾登-諾代希機場
NOG,Nogales International Airport,諾加利斯國際機場
NOJ,Noyabrsk Airport,諾亞布林斯克機場
NOK,Xavantina Airport,沙凡蒂納機場
NON,Nonouti Airport,諾努蒂機場
NOP,Sinop Airport,錫諾普機場
NOR,Norðfjörður Airport,諾茲菲爾德機場
NOS,Fascene Airport,法塞內機場
NOT,Gnoss Field,格諾斯機場
NOU,La Tontouta International Airport,拉通圖塔國際機場
NOV,Nova Lisboa Airport,新里斯本機場
NOZ,Spichenkovo Airport,斯皮琴科沃機場
NPA,Pensacola Nas (Forrest Sherman Field) Airport,彭薩科拉海軍航空基地
NPE,Napier Airport,內皮爾機場
NPH,Nephi Municipal Airport,內費市立機場
NPL,New Plymouth Airport,新普利茅斯機場
NPO,Nanga Pinoh I Airport,楠加皮諾第一機場
NPR,Novo Progresso Airport,新普羅格雷蘇機場
NPT,Newport State Airport,紐波特州立機場
NQA,Millington/Memphis Airport,米靈頓/孟菲斯機場
NQI,Kingsville Nas Airport,金斯維爾海軍航空站機場
NQL,Niquelandia Airport,尼克朗迪亞機場
NQN,Presidente Peron Airport,裴隆總統機場
NQT,Nottingham Airport,諾丁漢機場
NQU,Reyes Murillo Airport,雷耶斯穆裡略機場
NQX,Key West Nas (Boca Chica Field) Airport,基韋斯特海軍航空站（博卡奇卡機場）
NQY,Newquay Cornwall Airport,紐基康沃爾機場
NQZ,Nursultan Nazarbayev International Airport,努爾蘇丹·納扎爾巴耶夫國際機場
NRA,Narrandera Airport,納蘭德拉機場
NRB,Mayport Ns (Adm David L Mcdonald Field) Airport,梅波特海軍基地（小大衛·L·麥克唐納機場）
NRD,Norderney Airport,諾德奈機場
NRE,Namrole Airport,楠羅萊機場
NRG,Narrogin Airport,納羅金機場
NRI,Grand Lake Regional Airport,大湖區域機場
NRK,Norrkoping Airport,諾科平機場
NRL,North Ronaldsay Airport,北羅納德賽機場
NRM,Nara Airport,納拉機場
NRN,Niederrhein Airport,韋策機場
NRR,Jose Aponte De La Torre Airport,荷西·阿蓬特·德·拉託雷機場
NRS,Imperial Beach Nolf (Ream Field) Airport,帝國海灘海軍輔助機場（裡姆機場）
NRT,Narita International Airport,東京成田國際機場
NSE,Whiting Field Nas North Airport,懷廷菲爾德海軍航空站北機場
NSH,Noshahr Airport,諾沙赫爾機場
NSI,Yaounde Nsimalen International Airport,雅溫得-恩西馬蘭國際機場
NSK,Norilsk-Alykel Airport,諾裡爾斯克阿雷克爾機場
NSL,Slayton Municipal Airport,斯萊頓市立機場
NSM,Norseman Airport,諾斯曼機場
NSN,Nelson Airport,尼爾森機場 (紐西蘭)
NSO,Scone Airport,斯昆機場
NSR,Serra da Capivara Airport,卡皮瓦拉山國家公園機場
NST,Nakhon Si Thammarat Airport,洛坤機場
NSV,Noosa Airport,努薩機場
NSY,Sigonella Airport,西哥奈拉基地
NTB,Notodden Airport,諾託登機場
NTD,Point Mugu Nas (Naval Base Ventura Co) Airport,文圖拉縣海軍基地
NTE,Nantes Atlantique Airport,南特機場
NTG,Nantong Airport,南通興東國際機場
NTI,Stenkol Airport,斯滕科爾機場
NTJ,Sanpete County Regional Airport,桑佩特郡區域機場
NTN,Normanton Airport,諾曼頓機場
NTO,Agostinho Neto Airport,阿戈什蒂紐·內圖機場
NTQ,Noto Airport,能登機場
NTR,Del Norte International Airport,德爾諾特國際機場
NTT,Kuini Lavenia Airport,庫伊尼拉韋尼亞機場
NTU,Oceana Nas (Apollo Soucek Field) Airport,奧西亞納海軍航空站（阿波羅蘇塞克機場）
NTX,Ranai Airport,拉奈機場
NTY,Pilanesberg International Airport,蘭斯堡國際機場
NUB,Numbulwar Airport,南布林沃爾機場
NUD,En Nahud Airport,恩納胡德機場
NUE,Nuremberg Airport,紐倫堡機場
NUI,Nuiqsut Airport,努伊克蘇特機場
NUJ,Hamadan Air Base,哈馬丹空軍基地
NUK,Nukutavake Airport,努庫塔瓦克機場
NUL,Nulato Airport,努拉託機場
NUM,Neom Bay Airport,紐姆灣機場
NUP,Nunapitchuk Airport,努納皮楚克機場
NUQ,Moffett Federal Airfield,莫菲特聯邦機場
NUR,Nullabor Motel Airport,諾拉伯汽車旅館機場
NUS,Norsup Airport,諾蘇普機場
NUU,Nakuru Airport,納庫魯機場
NUW,Whidbey Island Nas (Ault Field) Airport,惠德比島海軍航空站（奧爾特機場）
NUX,Novy Urengoy Airport,新烏連戈伊機場
NVA,Benito Salas Airport,貝尼託薩拉斯機場
NVD,Nevada Municipal Airport,內華達市立機場
NVG,Nueva Guinea Airport,新幾內亞機場
NVI,Navoi Airport,納沃伊國際機場
NVN,Nervino Airport,納爾維諾機場
NVP,Novo Aripuana Airport,新阿里普亞南機場
NVS,Nevers-Fourchambault Airport,訥韋爾-富爾尚博機場
NVT,Ministro Victor Konder International Airport,維克託孔德爾部長國際機場
NWA,Moheli Bandar Es Eslam Airport,莫埃利島機場
NWH,Parlin Field,帕林機場
NWI,Norwich International Airport,諾وي奇國際機場
NYA,Nyagan Airport,尼亞甘機場
NYE,Nyeri Airport,涅裡機場
NYG,Quantico Mcaf (Turner Field) Airport,匡提科海軍陸戰隊航空輔助設施（特納場）機場
NYI,Sunyani Airport,蘇尼亞尼機場
NYK,Nanyuki Airport,納紐基機場
NYM,Nadym Airport,納德姆機場
NYN,Nyngan Airport,寧甘機場
NYO,Stockholm Skavsta Airport,斯德哥爾摩斯卡夫斯塔機場
NYR,Nyurba Airport,紐爾巴機場
NYS,New York Skyports Inc Seaplane Base,紐約空中港水上飛機基地
NYT,Naypyidaw Airport,奈比多國際機場
NYU,Bagan Airport,蒲甘機場
NYW,Monywar Airport,蒙育瓦機場
NZA,Nzagi Airport,恩扎吉機場
NZC,Maria Reiche Neuman Airport,瑪麗亞賴歇諾伊曼機場
NZE,Nzerekore Airport,恩澤雷科雷機場
NZH,Manzhouli Xijiao Airport,滿洲裡西郊國際機場
NZL,Zhalantun Chengjisihan Airport,扎蘭屯成吉思汗機場
NZY,North Island Nas (Halsey Field) Airport,北島海軍航空站
OAG,Orange Airport,奧蘭治機場
OAH,Shindand Airport,欣丹德機場
OAI,Bagram Air Base,巴格拉姆機場
OAJ,Albert J Ellis Airport,艾伯特·J·埃利斯機場
OAK,Oakland San Francisco Bay Airport,舊金山灣區奧克蘭國際機場
OAL,Cacoal Airport,卡科阿爾機場
OAM,Oamaru Airport,奧馬魯機場
OAN,El Arrayan Airport,埃爾阿拉揚機場
OAR,Marina Municipal Airport,濱海市立機場
OAS,Sharana Airstrip,沙拉納簡易機場
OAX,Xoxocotlan International Airport,索索科特蘭國際機場
OAZ,Camp Bastion Airport,巴斯蒂安營機場
OBC,Obock Airport,奧博克機場
OBE,Okeechobee County Airport,奧基喬比郡機場
OBF,Oberpfaffenhofen Airport,奧貝爾法芬霍芬機場
OBI,Obidos Airport,奧比多斯機場
OBL,Oostmalle Air Base,奧斯特馬勒空軍基地
OBN,Oban Airport,奧班機場
OBO,Tokachi-Obihiro Airport,帶廣機場
OBS,Aubenas-Ardeche Meridional Airport,歐布納-阿代什南部機場
OBU,Kobuk Airport,科布克機場
OCA,Ocean Reef Club Airport,海洋礁俱樂部機場
OCC,Francisco De Orellana Airport,弗朗西斯科德奧雷拉納機場
OCE,Ocean City Municipal Airport,大洋城市立機場
OCF,Ocala International-Jim Taylor Field,奧卡拉國際吉姆泰勒機場
OCH,Nacogdoches A L Mangham Jr Regional Airport,納科多奇斯 A·L·芒格姆小威廉區域機場
OCJ,Boscobel Aerodrome,波斯科貝爾機場
OCM,Boolgeeda Airport,布林吉達機場
OCN,Bob Maxwell Memorial Airfield,鮑勃馬克斯威爾紀念機場
OCV,Aguas Claras Airport,阿瓜斯克拉拉斯機場
OCW,Washington-Warren Airport,華盛頓-沃倫機場
ODA,Ouadda Airport,瓦達機場
ODB,Cordoba Airport,科 Córdoba 機場
ODC,Oakdale Airport,奧克代爾機場
ODD,Oodnadatta Airport,烏德納達塔機場
ODE,Odense Airport,歐登塞機場
ODH,RAF Odiham,奧迪漢姆皇家空軍基地
ODJ,Ouanda Djalle Airport,旺達賈萊機場
ODL,Cordillo Downs Airport,科迪洛唐斯機場
ODM,Garrett County Airport,加勒特縣機場
ODN,Long Seridan Airport,隆塞裡丹機場
ODO,Bodaybo Airport,博代博機場
ODR,Ord River Airport,奧德河機場
ODS,Odesa International Airport,敖德薩國際機場
ODT,Odessa-Schlemeyer Field,敖德薩-施萊邁爾機場
ODW,Delaurentis Airport,德勞倫蒂斯機場
ODY,Oudomsay Airport,烏多姆賽機場
OEC,Oecussi Airport,歐庫西機場
OEL,Oryol Yuzhny Airport,奧裡奧爾尤日內機場
OEM,Vincent Fayks Airport,文森特費克斯機場
OEO,L O Simenstad Municipal Airport,L·O·西門stad 市立機場
OER,Ornskoldsvik Airport,恩舍爾斯維克機場
OES,Antoine De St Exupery Airport,安東尼·德·聖埃克蘇佩裡機場
OFF,Offutt Afb Airport,奧佛特空軍基地
OFI,Ouango Fitini Airport,萬戈菲蒂尼機場
OFJ,Ólafsfjörður Airport,奧拉夫斯菲厄澤機場
OFK,Norfolk Regional/Karl Stefan Memorial Field,諾福克區域/卡爾斯特凡紀念機場
OGA,Searle Field,塞爾機場
OGB,Orangeburg Municipal Airport,奧蘭治堡市立機場
OGD,Ogden-Hinckley Airport,奧登-欣克利機場
OGE,Ogeranang Airport,奧格蘭南機場
OGG,Kahului Airport,卡胡盧伊機場
OGL,Ogle Airport,奧格爾機場
OGN,Yonaguni Airport,與那國機場
OGO,Abengourou Airport,阿本古魯機場
OGR,Bongor Airport,邦戈爾機場
OGS,Ogdensburg International Airport,奧登斯堡國際機場
OGU,Ordu–Giresun Airport,奧爾杜-吉雷松機場
OGX,Ain el Beida Airport,艾因貝達機場
OGZ,Beslan Airport,別斯蘭機場
OHA,RNZAF Base Ohakea,奧哈基亞紐西蘭皇家空軍基地
OHB,Moramanga Aerodrome,莫拉曼加機場
OHD,Ohrid St. Paul the Apostle Airport,奧赫裡德聖使徒保羅機場
OHE,Gu-Lian Airport,漠河古蓮機場
OHH,Okha Airport,奧哈機場
OHO,Okhotsk Airport,鄂霍次克機場
OHR,Wyk auf Fohr Airport,福爾島維克機場
OHS,Sohar Airport,蘇哈爾機場
OHT,Kohat Airport,科哈特機場
OIA,Ourilandia do Norte Airport,北烏裡蘭迪亞機場
OIC,Lt Warren Eaton Airport,小沃倫伊頓機場
OIM,Oshima Airport,大島機場
OIR,Okushiri Airport,奧尻機場
OIT,Oita Airport,大分機場
OJC,Johnson County Executive Airport,約翰遜縣行政機場
OKA,Naha Airport,那霸機場
OKC,Okc Will Rogers International Airport,威爾·羅傑斯世界機場
OKD,Okadama Airport,札幌飛行場
OKE,Okierabu Airport,沖永良部機場
OKF,Okaukuejo Airport,奧卡庫埃霍機場
OKH,RAF Cottesmore,科茨莫爾皇家空軍基地
OKI,Oki Airport,隱岐機場
OKJ,Okayama Airport,岡山機場
OKK,Kokomo Municipal Airport,科科莫市立機場
OKL,Oksibil Airport,奧克西比爾機場
OKM,Okmulgee Regional/Paul And Betty Abbott Field,奧克穆爾吉區域/保羅與貝蒂艾伯特機場
OKN,Okondja Airport,奧孔賈機場
OKO,Yokota Air Base,橫田飛行場
OKQ,Okaba Airport,奧卡巴機場
OKR,Yorke Island Airport,約克島機場
OKS,Garden County/King Rhiley Field,加登郡/金賴利機場
OKT,Oktyabrskiy Airport,十月村機場
OKU,Mokuti Lodge Airport,莫庫蒂山莊機場
OKY,Oakey Airport,奧基機場
OLA,Ørland Airport,奧蘭機場
OLB,Olbia / Costa Smeralda Airport,奧爾比亞翡翠海岸機場
OLC,Senadora Eunice Micheles Airport,參議員尤尼斯米歇爾斯機場
OLD,Dewitt Field/Old Town Municipal Airport,德威特場/老鎮市立機場
OLE,Cattaraugus County-Olean Airport,卡特羅格斯郡奧利安機場
OLF,L M Clayton Airport,L·M·克萊頓機場
OLH,Old Harbor Airport,舊港機場
OLI,Rif Airport,裡夫機場
OLJ,North West Santo Airport,西北桑託機場
OLK,Fuerte Olimpo Airport,奧林索堡機場
OLM,Olympia Regional Airport,奧林匹亞區域機場
OLN,Lago Musters Airport,穆斯特斯湖機場
OLO,Olomouc Glider Airport,奧洛穆茨滑翔機機場
OLP,Olympic Dam Airport,奧林匹克壩機場
OLV,Olive Branch/Taylor Field,奧利夫布蘭奇/泰勒機場
OLY,Olney-Noble Airport,奧爾尼諾布林機場
OLZ,Olyokminsk Airport,奧廖克米溫斯克機場
OMA,Eppley Airfield,埃普利機場
OMB,Omboue Hopital Airport,翁布韋醫院機場
OMC,Ormoc Airport,奧莫克機場
OMD,Oranjemund Airport,奧蘭治蒙德機場
OME,Nome Airport,諾姆機場
OMF,King Hussein Air College,侯賽因國王航空學院
OMG,Omega Airport,歐米茄機場
OMH,Urmia Airport,烏爾米耶機場
OMI,Omidiyeh Airport,奧米迪耶機場
OMK,Omak Airport,奧馬克機場
OMM,Marmul Airport,馬爾穆爾機場
OMN,Zomin Airport,佐明機場
OMO,Mostar International Airport,莫斯塔爾國際機場
OMR,Oradea International Airport,奧拉迪亞國際機場
OMS,Omsk Central Airport,鄂木斯克中央機場
ONA,Winona Municipal/Max Conrad Field,威諾納市立/馬克斯康拉德機場
OND,Ondangwa Airport,翁丹瓦機場
ONG,Mornington Island Airport,莫寧頓島機場
ONH,Albert S Nader Regional Airport,艾伯特·S·內德爾區域機場
ONI,Moanamani Airport,莫亞納馬尼機場
ONJ,Odate Noshiro Airport,大館能代機場
ONK,Olenyok Airport,奧列尼奧克機場
ONL,The O'Neill Municipal-John L Baker Field,奧內爾市立約翰·L·貝克機場
ONM,Socorro Municipal Airport,索科羅市立機場
ONO,Ontario Municipal Airport,安大略市立機場
ONP,Newport Municipal Airport,紐波特市立機場
ONQ,Zonguldak Airport,宗古爾達克機場
ONR,Monkira Airport,蒙基拉機場
ONS,Onslow Airport,昂斯洛機場
ONT,Ontario International Airport,安大略國際機場
ONU,Ono-I-Lau Airport,奧諾伊勞機場
ONX,Enrique Adolfo Jimenez Airport,恩裡克·阿道夫·希梅內斯機場
ONY,Olney Municipal Airport,奧爾尼市立機場
OOA,Oskaloosa Municipal Airport,奧斯卡盧薩市立機場
OOK,Toksook Bay Airport,托克斯克灣機場
OOL,Gold Coast Airport,黃金海岸機場
OOM,Cooma Snowy Mountains Airport,庫馬雪山機場
OOR,Mooraberree Airport,穆拉伯裡機場
OOT,Onotoa Airport,奧諾託阿機場
OPA,Kópasker Airport,科帕斯克機場
OPF,Miami-Opa Locka Executive Airport,邁阿密歐帕洛卡行政機場
OPI,Oenpelli Airport,烏恩佩利機場
OPL,St Landry Parish Airport,聖蘭德里教區機場
OPO,Francisco de Sá Carneiro Airport,波爾圖機場
OPP,Salinopolis Airport,薩利諾波利斯機場
OPS,Presidente Joao Batista Figueiredo Airport,若昂·巴蒂斯塔·菲格雷多總統機場
OPU,Balimo Airport,巴利莫機場
OQN,Kokand Airport,浩罕機場
ORA,Oran Airport,瓦蘭機場
ORB,Orebro Airport,奧勒布羅機場
ORC,Orocue Airport,奧羅庫埃機場
ORD,Chicago O'Hare International Airport,芝加哥奧黑爾國際機場
ORE,Orleans-Saint-Denis-de-l'Hotel Airport,奧爾良-聖但尼德洛泰爾機場
ORF,Norfolk International Airport,諾福克國際機場
ORG,Zorg en Hoop Airport,佐格恩胡普機場
ORH,Worcester Regional Airport,伍斯特區域機場
ORI,Port Lions Airport,獅子港機場
ORJ,Orinduik Airport,奧林杜伊克機場
ORK,Cork Airport,科克機場
ORL,Orlando Executive Airport,奧蘭多行政機場
ORM,Sywell Aerodrome,西韋爾機場
ORN,Es Senia Airport,瓦赫蘭艾哈邁德·本·貝拉國際機場
ORP,Orapa Airport,奧拉帕機場
ORR,Yorketown Airport,約克敦機場
ORT,Northway Airport,諾思韋機場
ORU,Juan Mendoza Airport,胡安·門多薩機場
ORV,Robert/Bob/Curtis Memorial Airport,羅伯特/鮑伯/柯蒂斯紀念機場
ORW,Ormara Airport,奧爾馬拉機場
ORX,Oriximina Airport,奧裡希米納機場
ORY,Paris-Orly Airport,巴黎-奧利機場
OSB,Mosul International Airport,摩蘇爾國際機場
OSC,Oscoda/Wurtsmith Airport,奧斯科達/沃茨米斯機場
OSD,Ostersund Airport,奧勒-厄斯特松德機場
OSE,Omora Airport,奧莫拉機場
OSF,Ostafyevo International Airport,奧斯塔夫耶沃國際機場
OSH,Wittman Regional Airport,威特曼區域機場
OSI,Osijek Airport,奧西耶克機場
OSK,Oskarshamn Airport,奧斯卡港機場
OSL,Oslo Gardermoen Airport,奧斯陸加勒穆恩機場
OSN,Osan Air Base,烏山空軍基地
OSO,Osborne Mine Airport,奧斯本礦場機場
OSR,Ostrava Leos Janacek Airport,奧斯特拉瓦萊奧斯·亞娜切克機場
OSS,Osh Airport,奧什國際機場
OST,Ostend-Bruges International Airport,奧斯坦德-布魯日國際機場
OSU,Ohio State University Airport,俄亥俄州立大學機場
OSW,Orsk Airport,奧爾斯克機場
OSX,Kosciusko-Attala County Airport,科修斯科-阿塔拉郡機場
OSY,Namsos Hoknesora Airport,納姆索斯霍克內索拉機場
OTC,Bol Airport,波爾機場
OTG,Worthington Municipal Airport,沃辛頓市立機場
OTH,Southwest Oregon Regional Airport,西南奧勒岡區域機場
OTI,Pitu Airport,萊奧·瓦蒂梅納機場
OTJ,Otjiwarongo Airport,奧奇瓦龍戈機場
OTK,Tillamook Airport,蒂拉穆克機場
OTL,Boutilimit Airport,布蒂利米特機場
OTM,Ottumwa Regional Airport,奧圖姆瓦區域機場
OTN,Ed-Air Airport,埃德艾爾機場
OTP,Henri Coanda International Airport,布加勒斯特亨利·科安德國際機場
OTR,Coto 47 Airport,科託47機場
OTS,Anacortes Airport,阿納科特斯機場
OTU,Otu Airport,奧圖機場
OTZ,Ralph Wien Memorial Airport,拉爾夫·溫紀念機場
OUA,Ouagadougou Airport,瓦加杜古國際機場
OUD,Angads Airport,安加茲機場
OUE,Ouesso Airport,韋索機場
OUG,Ouahigouya Airport,瓦希古亞機場
OUH,Oudtshoorn Airport,奧茨胡姆恩機場
OUI,Ban Huoeisay Airport,會曬機場
OUK,Out Skerries Airstrip,外斯凱里斯簡易機場
OUL,Oulu Airport,奧盧機場
OUN,University Of Oklahoma Westheimer Airport,奧克拉荷馬大學威斯特海默機場
OUR,Batouri Airport,巴圖裡機場
OUS,Ourinhos Airport,奧裡紐斯機場
OUT,Bousso Airport,布索機場
OUZ,Tazadit Airport,塔扎迪特機場
OVA,Bekily Airport,貝基利機場
OVB,Tolmachevo Airport,託爾馬切沃機場
OVD,Asturias Airport,阿斯圖裡亞斯機場
OVE,Oroville Municipal Airport,奧羅維爾市立機場
OVG,Overberg Airport,歐弗貝格機場
OVL,El Tuqui Airport,埃爾圖基機場
OVR,Olavarria Airport,奧拉瓦里亞機場
OVS,Sovetskiy Airport,蘇維埃茨基機場
OWA,Owatonna Degner Regional Airport,奧瓦通納德格納區域機場
OWB,Owensboro/Daviess County Regional Airport,歐文斯伯勒/戴維斯縣區域機場
OWD,Norwood Memorial Airport,諾伍德紀念機場
OWK,Central Maine/Norridgewock Airport,中緬因/諾裡奇沃克機場
OXB,Osvaldo Vieira International Airport,奧斯瓦爾多·維埃拉國際機場
OXC,Waterbury-Oxford Airport,沃特伯裡-牛津機場
OXD,Miami University Airport,邁阿密大學機場
OXF,Oxford (Kidlington) Airport,牛津機場
OXP,Saint-Georges-de-l'Oyapock Airport,奧亞波克河畔聖喬治機場
OXR,Oxnard Airport,奧克斯納德機場
OXY,Morney Airport,莫尼機場
OYA,Goya Airport,戈亞機場
OYE,Oyem Airport,奧耶姆機場
OYK,Oiapoque Airport,奧亞波克機場
OYL,Moyale Airport,莫亞萊機場
OYN,Ouyen Airport,奧揚機場
OYO,Tres Arroyos Airport,特雷斯阿羅約斯機場
OZA,Ozona Municipal Airport,奧佐納市立機場
OZC,Labo Airport,拉博機場
OZG,Zagora Airport,扎戈拉機場
OZH,Zaporizhzhia International Airport,扎波羅熱國際機場
OZP,Moron Air Base,莫隆空軍基地
OZR,Cairns Army Air Field (Fort Rucker) Airport,凱恩斯陸軍機場（拉克爾堡）
OZZ,Ouarzazate Airport,瓦爾扎扎特機場
PAB,Bilaspur Airport,比拉斯布林機場
PAC,Marcos A. Gelabert International Airport,馬科斯·A·傑拉貝特國際機場
PAD,Paderborn Lippstadt Airport,帕德博恩/利普施塔特機場
PAE,Seattle Paine Field International Airport,佩恩機場
PAF,Pakuba Airport,帕庫巴機場
PAG,Pagadian Airport,帕加蒂安機場
PAH,Barkley Regional Airport,巴克利區域機場
PAJ,Parachinar Airport,帕拉奇納爾機場
PAK,Port Allen Airport,艾倫港機場
PAM,Tyndall Afb Airport,廷德爾空軍基地
PAN,Pattani Airport,北大年機場
PAO,Palo Alto Airport,帕羅奧圖機場
PAP,Toussaint Louverture International Airport,杜桑·盧維杜爾國際機場
PAQ,"Warren ""Bud"" Woods Palmer Municipal Airport",華倫「巴德」伍茲帕爾默市立機場
PAS,Paros Airport,帕羅斯機場
PAT,Lok Nayak Jayaprakash Airport,洛克·納亞克·傑亞普拉卡什機場
PAU,Pauk Airport,帕烏克機場
PAV,Paulo Afonso Airport,保羅阿方索機場
PAY,Pamol Airport,帕莫爾機場
PAZ,El Tajin National Airport,埃爾塔欣國家機場
PBA,Fazenda Pontal Airport,蓬塔爾農場機場
PBB,Paranaiba Airport,巴拉奈巴機場
PBC,Hermanos Serdan International Airport,普埃布拉州國際機場
PBD,Porbandar Airport,博爾本德爾機場
PBE,Puerto Berrio Airport,貝裡奧港機場
PBF,Pinebluff Regional/Grider Field,派訥布拉夫區域/格賴德機場
PBG,Plattsburgh International Airport,普拉茨堡國際機場
PBH,Paro Airport,帕羅機場
PBI,Palm Beach International Airport,棕櫚灘國際機場
PBJ,Tavie Airport,塔維機場
PBL,General Bartolome Salom International Airport,巴託洛梅·薩洛姆將軍國際機場
PBM,Johan Adolf Pengel International Airport,約翰·阿道夫·彭格爾國際機場
PBN,Porto Amboim Airport,安博英港機場
PBO,Paraburdoo Airport,帕拉布杜機場
PBP,Islita Airport,伊斯利塔機場
PBQ,Pimenta Bueno Airport,布埃諾皮門塔機場
PBR,Puerto Barrios Airport,巴里奧斯港機場
PBU,Putao Airport,葡萄機場
PBV,Porto dos Gauchos Airport,加烏舒斯港機場
PBX,Fazenda Piraguassu Airport,皮拉瓜蘇農場機場
PCA,Portage Creek Airport,波蒂奇克里克機場
PCB,Pondok Cabe Air Base,龐多·查貝機場
PCD,Prairie Du Chien Municipal Airport,普雷裡迪申市立機場
PCF,Potchefstroom Airport,波切夫斯特魯姆機場
PCG,Paso Caballos Airport,卡巴略斯帕索機場
PCH,Palacios Airport,帕拉西奧斯機場
PCL,Cap FAP David Abenzur Rengifo International Airport,大衛·阿本蘇·倫吉福空軍上尉國際機場
PCN,Picton Aerodrome,皮克頓機場
PCO,Punta Colorada Airport,科洛拉多角機場
PCP,Principe Airport,普林西比機場
PCQ,Boun Neau Airport,本內機場
PCR,German Olano Airport,日耳曼奧拉諾機場
PCS,Picos Airport,皮科斯機場
PCT,Princeton Airport,普林斯頓機場
PCU,Poplarville/Pearl River County Airport,波普勒維爾/珍珠河郡機場
PDA,Obando Airport,奧班多機場
PDB,Pedro Bay Airport,佩德羅灣機場
PDC,Mueo Airport,穆埃奧機場
PDD,Ponta do Ouro Airport,蓬塔多歐魯機場
PDE,Pandie Pandie Airport,潘迪潘迪機場
PDF,Prado Airport,普拉多機場
PDG,Minangkabau Airport,蘇丹·夏赫裡爾空軍基地
PDI,Pindiu Airport,平迪烏機場
PDK,Dekalb-Peachtree Airport,迪卡爾布-桃樹機場
PDL,João Paulo II Airport,蓬塔德爾加達機場
PDN,Parndana Airport,帕恩達納機場
PDO,Pendopo Airport,彭多波機場
PDP,Capitan Corbeta CA Curbelo International Airport,庫爾貝洛上尉國際機場
PDS,Piedras Negras International Airport,皮德拉斯內格拉斯國際機場
PDT,Eastern Oregon Regional At Pendleton Airport,東俄勒岡彭德爾頓區域機場
PDU,Tydeo Larre Borges Airport,蒂德奧拉雷博爾赫斯機場
PDV,Plovdiv International Airport,普羅夫迪夫機場
PDX,Portland International Airport,波特蘭國際機場
PDZ,Pedernales Airport,佩德爾納萊斯機場
PEA,Penneshaw Airport,彭內肖機場
PED,Pardubice Airport,帕爾杜比採機場
PEE,Bolshoye Savino Airport,彼爾姆大薩維諾機場
PEF,Peenemunde Airport,佩訥明德機場
PEG,Perugia / San Egidio Airport,佩魯賈／聖埃吉迪奧機場
PEH,Comodoro Pedro Zanni Airport,準將佩德羅扎尼機場
PEI,Matecana International Airport,馬特卡納國際機場
PEK,Beijing Capital International Airport,北京首都國際機場
PEL,Pelaneng Airport,佩拉寧機場
PEM,Padre Aldamiz International Airport,帕德雷阿爾達米茲國際機場
PEN,Penang International Airport,檳城國際機場
PEQ,Pecos Municipal Airport,佩科斯市立機場
PER,Perth International Airport,珀斯機場
PES,Petrozavodsk Airport,彼得羅扎沃茨克機場
PET,Pelotas Airport,佩洛塔斯機場
PEU,Puerto Lempira Airport,倫皮拉港機場
PEV,Pecs-Pogany Airport,佩奇波加尼機場
PEW,Peshawar International Airport,巴查·汗國際機場
PEX,Pechora Airport,伯朝拉機場
PEZ,Penza Airport,奔薩機場
PFB,Lauro Kurtz Airport,勞羅庫爾茨機場
PFC,Pacific City State Airport,太平洋城州立機場
PFO,Paphos International Airport,帕福斯國際機場
PFQ,Parsabade Moghan Airport,帕薩巴德莫甘機場
PFR,Ilebo Airport,伊萊博機場
PGA,Page Municipal Airport,佩吉市立機場
PGC,Grant County Airport,格蘭特縣機場
PGD,Punta Gorda Airport,蓬塔戈爾達機場
PGF,Perpignan-Rivesaltes (Llabanere) Airport,佩皮尼昂-裡沃薩爾特機場
PGH,Pantnagar Airport,潘特訥格爾機場
PGI,Chitato Airport,奇塔託機場
PGK,Pangkal Pinang (Depati Amir) Airport,德帕蒂·阿米爾機場
PGL,Trent Lott International Airport,特倫特洛特國際機場
PGM,Port Graham Airport,格雷厄姆港機場
PGO,Stevens Field,史蒂芬斯機場
PGR,Kirk Field,柯克機場
PGS,Grand Canyon Caverns Airport,大峽谷洞穴機場
PGU,Persian Gulf International Airport,波斯灣國際機場
PGV,Pitt-Greenville Airport,皮特格林維爾機場
PGX,Perigueux-Bassillac Airport,佩裡格-巴西亞克機場
PGZ,Ponta Grossa Airport,蓬塔格羅薩機場
PHA,Phan Rang Airport,藩靈機場
PHB,Prefeito Doutor Joao Silva Filho Airport,若昂席爾瓦菲略市長機場
PHC,Port Harcourt International Airport,哈科特港國際機場
PHD,Harry Clever Field,哈里克萊弗機場
PHE,Port Hedland International Airport,黑德蘭港國際機場
PHF,Newport News/Williamsburg International Airport,紐波特紐斯-威廉斯堡國際機場
PHH,Phan Thiet Airport,博卡拉國際機場
PHI,Pinheiro Airport,平海羅機場
PHK,Palm Beach County Glades Airport,棕櫚灘縣格萊茲機場
PHL,Philadelphia International Airport,費城國際機場
PHN,St Clair County International Airport,聖克萊爾縣國際機場
PHO,Point Hope Airport,霍普角機場
PHP,Philip Airport,菲利普機場
PHQ,The Monument Airport,紀念碑機場
PHS,Phitsanulok Airport,彭世洛機場
PHT,Henry County Airport,亨利縣機場
PHW,Hendrik Van Eck Airport,亨德里凡埃克機場
PHX,Phoenix Sky Harbor International Airport,鳳凰城天港國際機場
PHY,Phetchabun Airport,碧差汶機場
PIA,General Downing - Peoria International Airport,唐寧將軍皮 Peoria 國際機場
PIB,Hattiesburg/Laurel Regional Airport,海蒂斯堡/勞雷爾區域機場
PIC,Pine Cay Airport,派恩給機場
PID,Nassau Paradise Island Airport,拿騷天堂島機場
PIE,St Pete-Clearwater International Airport,聖彼得斯堡-克利爾沃特國際機場
PIF,Pingtung North Airport,屏東機場
PIH,Pocatello Regional Airport,波卡特洛區域機場
PIK,Glasgow Prestwick Airport,格拉斯哥普雷斯特威克機場
PIL,Carlos Miguel Gimenez Airport,卡洛斯米格爾希梅內斯機場
PIM,Harris County Airport,哈里斯縣機場
PIN,Parintins Airport,帕林廷斯機場
PIO,Capitan FAP Renan Elias Olivera International Airport,雷南·埃利亞斯·奧利韋拉上尉 FAP 國際機場
PIP,Pilot Point Airport,飛行員角機場
PIR,Pierre Regional Airport,皮爾區域機場
PIS,Poitiers-Biard Airport,普瓦捷-比亞爾機場
PIT,Pittsburgh International Airport,匹茲堡國際機場
PIU,Capitan FAP Guillermo Concha Iberico International Airport,吉列爾莫·孔查·伊貝里科上尉 FAP 國際機場
PIV,Pirapora Airport,皮拉波拉機場
PIW,Pikwitonei Airport,皮奎維託內伊機場
PIX,Pico Airport,皮科機場
PIZ,Point Lay Lrrs Airport,雷伊角 LRRS 機場
PJA,Pajala Airport,帕亞拉機場
PJB,Payson Airport,佩森機場
PJC,Dr Augusto Roberto Fuster International Airport,奧古斯都·羅貝託·福斯特博士國際機場
PJG,Panjgur Airport,旁吉古爾機場
PJM,Puerto Jimenez Airport,希門尼斯港機場
PKA,Napaskiak Airport,納帕斯基亞克機場
PKB,Mid-Ohio Valley Regional Airport,俄亥俄州中部山谷區域機場
PKC,Yelizovo Airport,堪察加彼得羅巴甫洛夫斯克機場
PKD,Park Rapids Municipal/Konshok Field,帕克拉皮茲市納/康紹克機場
PKE,Parkes Airport,帕克斯機場
PKF,Park Falls Municipal Airport,帕克福爾斯市立機場
PKG,Pulau Pangkor Airport,邦咯機場
PKH,Porto Cheli Airport,波託切利機場
PKJ,Playa Grande Airport,大海灘機場
PKK,Pakhokku Airport,帕科庫機場
PKN,Iskandar Airport,伊斯坎達爾機場
PKO,Parakou Airport,帕拉庫機場
PKP,Puka Puka Airport,普卡普卡機場
PKR,Pokhara Airport,博卡拉機場
PKT,Port Keats Airport,基茨港機場
PKU,Sultan Syarif Kasim Ii (Simpang Tiga) Airport,蘇丹謝裡夫·卡西姆二世國際機場
PKV,Pskov Airport,普斯科夫機場
PKW,Selebi Phikwe Airport,塞利比菲奎機場
PKX,Beijing Daxing International Airport,北京大興國際機場
PKY,Tjilik Riwut Airport,吉利裡烏機場
PKZ,Pakse International Airport,巴色國際機場
PLF,Pala Airport,帕拉機場
PLJ,Placencia Airport,普拉森西亞機場
PLK,M Graham Clark Downtown Airport,M·格雷厄姆·克拉克市中心機場
PLL,Ponta Pelada Airport,蓬塔佩拉達機場
PLM,Sultan Mahmud Badaruddin Ii Airport,蘇丹馬赫穆德·巴達魯丁二世國際機場
PLN,Pellston Regional/Emmet County Airport,佩爾斯頓區域/埃米特縣機場
PLO,Port Lincoln Airport,林肯港機場
PLQ,Palanga International Airport,帕蘭加機場
PLR,St Clair County Airport,聖克萊爾縣機場
PLS,Providenciales Airport,普羅維登西亞萊斯國際機場
PLT,Plato Airport,柏拉圖機場
PLU,Pampulha - Carlos Drummond de Andrade Airport,潘普利哈 - 卡洛斯·德拉蒙德·德安德拉德機場
PLV,Poltava International Airport,波爾塔瓦國際機場
PLW,Mutiara Airport,穆提亞拉西斯朱弗裡機場
PLX,Semey International Airport,塞梅伊國際機場
PLY,Plymouth Municipal Airport,普利茅斯市立機場
PLZ,Port Elizabeth Airport,伊麗莎白港機場
PMA,Pemba Airport,彭巴機場
PMB,Pembina Municipal Airport,彭比納市立機場
PMC,El Tepual Airport,埃爾特普阿爾機場
PMD,Palmdale Usaf Plant 42 Airport,帕姆代爾美國空軍第42工廠機場
PMF,Parma Airport,帕爾馬機場 (義大利)
PMG,Ponta Pora Airport,蓬塔波拉機場
PMH,Greater Portsmouth Regional Airport,大朴茨茅斯區域機場
PMI,Palma De Mallorca Airport,馬略卡島帕爾馬機場
PMK,Palm Island Airport,棕櫚島機場
PML,Port Moller Airport,莫勒港機場
PMO,Palermo / Punta Raisi Airport,法爾科內-波爾塞裡諾機場
PMQ,Perito Moreno Airport,佩裡託莫雷諾機場
PMR,Palmerston North Airport,北帕莫斯頓機場
PMS,Palmyra Airport,巴爾米拉機場
PMV,Del Caribe Santiago Marino International Airport,加勒比聖地亞哥馬里尼奧國際機場
PMW,Brigadeiro Lysias Rodrigues Airport,布里加德羅利西亞斯羅德里格斯機場
PMY,El Tehuelche Airport,埃爾特韋爾切機場
PMZ,Palmar Sur Airport,帕爾馬蘇爾機場
PNA,Pamplona Airport,潘普洛納機場
PNB,Porto Nacional Airport,納西奧納爾港機場
PNC,Ponca City Regional Airport,龐卡城區域機場
PNE,Northeast Philadelphia Airport,東北費城機場
PNG,Paranagua Airport,巴拉那瓜機場
PNI,Pohnpei International Airport,波納佩國際機場
PNK,Supadio Airport,蘇巴迪奧國際機場
PNL,Pantelleria Airport,潘泰萊裡亞機場
PNM,Nuevo Mundo Airport,新世界機場
PNN,Princeton Municipal Airport,普林斯頓市立機場
PNP,Girua Airport,日魯阿機場
PNQ,Pune Airport,浦那機場
PNR,Pointe Noire Airport,黑角機場
PNS,Pensacola International Airport,彭薩科拉國際機場
PNT,Tte. Julio Gallardo Airport,胡利奧加亞爾多中尉機場
PNU,Panguitch Municipal Airport,潘吉奇市立機場
PNX,North Texas Regional/Perrin Field,北德克薩斯區域/佩林機場
PNY,Pondicherry Airport,本地治裡機場
PNZ,Senador Nilo Coelho Airport,參議員尼洛科埃爾霍機場
POA,Salgado Filho Airport,薩爾加多·菲柳阿雷格里港國際機場
POB,Pope Army Air Field,波普陸軍航空場
POC,Brackett Field,布拉科特機場
POD,Podor Airport,波多爾機場
POE,Maks Army Air Field,馬克斯陸軍航空場
POF,Poplar Bluff Regional Business Airport,波普勒布拉夫區域商用機場
POG,Port Gentil Airport,讓蒂爾港國際機場
POH,Pocahontas Municipal Airport,波卡洪塔斯市立機場
POI,Capitan Nicolas Rojas Airport,尼古拉斯羅哈斯上尉機場
POJ,Patos de Minas Airport,帕託斯德米納斯機場
POM,Port Moresby Jacksons International Airport,傑克遜斯國際機場
PON,Poptun Airport,波普敦機場
POO,Pocos de Caldas Airport,卡爾達斯井機場
POP,Gregorio Luperon International Airport,格雷戈裡奧呂佩龍國際機場
POR,Pori Airport,波里機場
POS,Piarco International Airport,皮阿爾科國際機場
POT,Ken Jones Airport,肯瓊斯機場
POU,Hudson Valley Regional Airport,哈德遜河谷區域機場
POV,Presov Air Base,普雷紹夫空軍基地
POW,Portoroz Airport,波爾託羅日機場
POX,Pontoise - Cormeilles-en-Vexin Airport,蓬圖瓦茲 - 科梅伊昂韋克桑機場
POY,Powell Municipal Airport,鮑威爾市立機場
POZ,Poznań-Ławica Airport,波茲南-拉威卡機場
PPA,Perry Lefors Field,佩裡勒福爾斯機場
PPB,Presidente Prudente Airport,普魯登特總統機場
PPC,Prospect Creek Airport,普羅斯佩克特克里克機場
PPE,Puerto Penasco International Airport,佩納斯科港國際機場
PPF,Tri-City Airport,三城機場
PPG,Pago Pago International Airport,帕果帕果國際機場
PPH,Perai Tepuy Airport,佩賴特普伊機場
PPI,Port Pirie Airport,皮里港機場
PPK,Petropavlosk International Airport,彼得羅巴甫洛夫斯克國際機場
PPL,Phaplu Airport,法普魯機場
PPM,Pompano Beach Airpark,龐帕諾比奇航空公園
PPN,Guillermo Leon Valencia Airport,吉列爾莫·萊昂·瓦倫西亞機場
PPP,Proserpine Whitsunday Coast Airport,普羅瑟潘恩聖靈海岸機場
PPQ,Paraparaumu Airport,帕拉帛琉姆機場
PPR,Pasir Pangaraan Airport,帕西爾潘加拉安機場
PPS,Puerto Princesa Airport,公主港機場
PPT,Faa'a International Airport,法阿國際機場
PPU,Hpapun Airport,帕本機場
PPW,Papa Westray Airport,帕帕韋斯特雷機場
PPY,Pouso Alegre Airport,波索阿萊格雷機場
PQC,Phu Quoc Airport,富國國際機場
PQE,German Olano Air Base,日耳曼奧拉諾空軍基地
PQI,Presque Isle International Airport,普雷斯克伊斯國際機場
PQM,Palenque International Airport,帕倫克國際機場
PQQ,Port Macquarie Airport,麥覺理港機場
PQS,Pilot Station Airport,飛行員站機場
PRA,General Urquiza Airport,烏爾基薩將軍機場
PRB,Paso Robles Municipal Airport,帕索羅布斯市轄機場
PRC,Prescott Regional/Ernest A Love Field,普雷斯考特區域/歐內斯特·A·洛夫機場
PRD,Pardoo Airport,帕爾杜機場
PRG,Václav Havel Airport,布拉格瓦茨拉夫·哈維爾機場
PRH,Phrae Airport,帕府機場
PRI,Praslin Airport,普拉蘭機場
PRK,Prieska Airport,普里斯卡機場
PRM,Portimão Airport,波蒂芒機場
PRN,Pristina International Airport,普里斯提納國際機場
PRO,Perry Municipal Airport,佩裡市轄機場
PRP,Propriano Airport,普里亞諾機場
PRQ,Termal Airport,特馬爾機場
PRR,Paruma Airport,帕魯馬機場
PRS,Parasi Airport,帕拉西機場
PRU,Pyay Airport,卑謬機場
PRV,Prerov Air Base,普熱羅夫空軍基地
PRW,Prentice Airport,普倫蒂斯機場
PRX,Cox Field,考克斯機場
PRY,Wonderboom Airport,旺德布姆機場
PRZ,Prineville Airport,普里內維爾機場
PSA,Pisa / San Giusto - Galileo Galilei International Airport,比薩-聖朱斯托機場
PSB,Mid-State Airport,中州機場
PSC,Tri-Cities Airport,三城機場
PSD,Port Said Airport,塞得港機場
PSE,Mercedita Airport,梅塞迪塔機場
PSF,Pittsfield Municipal Airport,皮茨菲爾德市轄機場
PSG,Petersburg James A Johnson Airport,彼得斯堡詹姆斯·A·強森機場
PSH,St. Peter-Ording Airport,聖彼得奧爾丁機場
PSI,Pasni Airport,帕斯尼機場
PSJ,Kasiguncu Airport,卡西古楚機場
PSK,New River Valley Airport,新河谷機場
PSL,Perth/Scone Airport,伯斯/斯孔機場
PSM,Portsmouth International At Pease Airport,皮斯樸次茅斯國際機場
PSN,Palestine Municipal Airport,巴勒斯坦市轄機場
PSO,Antonio Narino Airport,安東尼奧·尼尼奧機場
PSP,Palm Springs International Airport,棕櫚泉國際機場
PSR,Pescara International Airport,阿布魯佐國際機場
PSS,Libertador Gral D Jose De San Martin Airport,解放者何塞·德·聖馬丁將軍機場
PSU,Pangsuma Airport,龐蘇馬機場
PSW,Municipal Jose Figueiredo Airport,何塞·菲格雷多市轄機場
PSX,Palacios Municipal Airport,帕拉西奧斯市轄機場
PSY,Stanley Airport,史丹利機場
PSZ,Capitan Av. Salvador Ogaya G. airport,薩爾瓦多奧加亞 G. 機場上尉
PTA,Port Alsworth Airport,奧爾斯沃斯港機場
PTB,Tri Cities Executive/Dinwiddie County Airport,三城行政／迪恩widdie郡機場
PTF,Malolo Lailai Island Airport,馬洛洛萊萊島機場
PTG,Polokwane International Airport,波洛瓜尼國際機場
PTH,Port Heiden Airport,海登港機場
PTJ,Portland Airport,波特蘭機場
PTK,Oakland County International Airport,奧克蘭郡國際機場
PTM,Palmarito Airport,帕爾馬裡託機場
PTN,Harry P Williams Memorial Airport,小哈里·P·威廉斯紀念機場
PTO,Pato Branco Airport,帕託布朗庫機場
PTP,Pointe-a-Pitre Le Raizet,皮特爾角城國際機場
PTQ,Porto de Moz Airport,莫茲港機場
PTS,Atkinson Municipal Airport,阿特金森市立機場
PTT,Pratt Regional Airport,普拉特區域機場
PTU,Platinum Airport,白金機場
PTV,Porterville Municipal Airport,波特維爾市立機場
PTW,Heritage Field,傳統機場
PTX,Pitalito Airport,皮塔利托機場
PTY,Tocumen International Airport,託庫門國際機場
PTZ,Rio Amazonas Airport,亞馬遜河機場
PUB,Pueblo Memorial Airport,普韋布洛紀念機場
PUC,Carbon County Regional/Buck Davis Field,卡本郡區域／巴克戴維斯機場
PUD,Puerto Deseado Airport,德塞多港機場
PUE,Puerto Obaldia Airport,奧巴爾迪亞港機場
PUF,Pau Pyrenees Airport,波比利牛斯機場
PUG,Port Augusta Airport,奧古斯塔港機場
PUJ,Punta Cana International Airport,蓬塔卡納國際機場
PUK,Pukarua Airport,普卡魯阿機場
PUN,Punia Airport,普尼亞機場
PUP,Po Airport,波機場
PUQ,Pdte. Carlos Ibanez del Campo Airport,卡洛斯·伊巴涅斯·德爾坎波總統機場
PUR,Puerto Rico Airport,波多黎各機場
PUS,Gimhae International Airport,金海國際機場
PUU,Tres De Mayo Airport,五月三日機場
PUV,Poum Airport,普姆機場
PUW,Pullman/Moscow Regional Airport,普爾曼-莫斯科區域機場
PUX,El Mirador Airport,埃爾米拉多爾機場
PUY,Pula Airport,普拉機場
PUZ,Puerto Cabezas Airport,卡貝薩斯港機場
PVA,El Embrujo Airport,埃爾恩布魯霍機場
PVC,Provincetown Municipal Airport,普羅溫斯敦市立機場
PVD,Rhode Island Tf Green International Airport,羅德島T·F·格林國際機場
PVE,El Porvenir Airport,埃爾波韋尼爾機場
PVF,Placerville Airport,普萊瑟維爾機場
PVG,Shanghai Pudong International Airport,上海浦東國際機場
PVH,Governador Jorge Teixeira de Oliveira Airport,戈謝爾·若熱·特謝拉·德奧利維拉機場
PVI,Paranavai Airport,帕拉納瓦伊機場
PVK,Aktion National Airport,阿克西翁國家機場
PVL,Pike County/Hatcher Field,派克郡／哈奇爾機場
PVO,Reales Tamarindos Airport,雷亞萊斯塔馬林多斯機場
PVR,Licenciado Gustavo Diaz Ordaz International Airport,古斯塔沃·迪亞斯·奧爾達斯 licenciado 國際機場
PVS,Provideniya Bay Airport,普羅維德尼亞灣機場
PVU,Provo Municipal Airport,普羅沃市立機場
PVW,Hale County Airport,海爾郡機場
PWA,Wiley Post Airport,威利波斯特機場
PWD,Sher-Wood Airport,舍伍德機場
PWE,Pevek Airport,佩韋克機場
PWK,Chicago Executive Airport,芝加哥行政機場
PWM,Portland International Jetport Airport,波特蘭國際噴氣機機場
PWN,Pitts Town Airport,皮茨鎮機場
PWO,Pweto Airport,普韋託機場
PWQ,Pavlodar International Airport,巴甫洛達爾國際機場
PWT,Bremerton Ntl Airport,布雷默頓國家機場
PWY,Ralph Wenz Field,拉爾夫溫茲機場
PXL,Polacca Airport,波拉卡機場
PXM,Puerto Escondido International Airport,埃斯孔迪多港國際機場
PXO,Porto Santo Airport,聖港機場
PXR,Surin Airport,素林機場
PXU,Pleiku Airport,波來古機場
PYA,Velasquez Airport,維拉斯克斯機場
PYB,Jeypore Airport,傑伊普爾機場
PYE,Tongareva Airport,託加雷瓦機場
PYG,Pakyong Airport,帕克永機場
PYH,Cacique Aramare Airport,卡西克阿拉馬雷機場
PYJ,Polyarny Airport,波利亞爾尼機場
PYK,Payam Airport,帕亞姆機場
PYO,Putumayo Airport,普圖馬約機場
PYR,Andravida Airport,安德拉維達機場
PYS,Paradise Skypark Airport,天堂空中公園機場
PYZ,Pias Airport,皮亞斯機場
PZA,Paz De Ariporo Airport,帕斯德阿里波羅機場
PZB,Pietermaritzburg Airport,彼得馬裡茨堡機場
PZH,Zhob Airport,佐布機場
PZI,Panzhihua Baoanying Airport,攀枝花保安營機場
PZL,Zulu Inyala Airport,祖魯因亞拉機場
PZO,General Manuel Carlos Piar International Airport,曼努埃爾卡洛斯皮亞爾將軍國際機場
PZU,Port Sudan New International Airport,蘇丹港新國際機場
PZY,Piestany Airport,皮耶什強尼機場
QAC,Castro Airport,卡斯特羅機場
QAK,Major Brigadeiro Doorgal Borges Airport,多爾加爾博格斯準將機場
QAQ,L'Aquila / Preturo Airport,拉奎拉/普雷圖羅機場
QBC,Bella Coola Airport,貝拉庫拉機場
QBX,Sobral Airport,索布拉爾機場
QCB,Bamberg-Breitenau Airfield,班貝格佈雷滕瑙機場
QCH,Colatina Airport,科拉蒂納機場
QCJ,Botucatu Airport,博圖卡圖機場
QCN,Hohn Airport,霍恩機場
QCO,Colon Airport,科隆機場
QCP,Currais Novos Airport,庫賴斯諾沃斯機場
QCR,Curitibanos Airport,庫裡蒂巴諾斯機場
QCY,RAF Coningsby,科寧斯比皇家空軍基地
QDB,Cachoeira do Sul Airport,南卡喬エイ拉機場
QDC,Dracena Airport,德拉塞納機場
QDF,Conselheiro Lafaiete Airport,孔謝爾海魯拉法葉機場
QGA,Guaira Airport,瓜伊拉機場
QGB,Limeira Airport,利梅拉機場
QGC,Lencois Paulista Airport,巴伊亞州倫索伊斯機場
QGF,Montenegro Airport,蒙特內哥羅機場
QGP,Garanhuns Airport,加朗蘇恩斯機場
QGS,Alagoinhas Airport,阿拉戈伊尼亞斯機場
QGU,Gifu Airport,岐阜機場
QGY,Gyor-Per International Airport,傑爾佩爾國際機場
QHB,Piracicaba Airport,皮拉西卡巴機場
QHN,Taguatinga Airport,塔瓜廷加機場
QHP,Base de Aviacao de Taubate Airport,陶巴特航空基地機場
QHU,Husum-Schwesing Airport,胡蘇姆施韋辛機場
QHV,Novo Hamburgo Airport,新漢堡機場
QID,Melio Viana Airport,梅利奧維亞納機場
QIG,Iguatu Airport,伊瓜圖機場
QIQ,Rio Claro Airport,克拉羅河機場
QIT,Itapetinga Airport,伊塔佩廷加機場
QJB,Jubail Airport,朱拜勒機場
QLS,Lausanne-la Blecherette Airport,洛桑布勒舍雷特機場
QMF,Mafra Airport,馬弗拉機場
QNC,Neuchatel Airport,納沙泰爾機場
QND,Cenej Airport,切內伊機場
QNS,Canoas Airport,卡諾阿斯機場
QNV,Aeroclube Airport,航空俱樂部機場
QOA,Mococa Airport,莫科卡機場
QOJ,Sao Borja Airport,聖博爾哈機場
QOW,Sam Mbakwe International Airport,薩姆姆巴克韋國際機場
QPD,Pinar Del Rio Airport,皮納爾德爾裡奧機場
QPG,Paya Lebar Air Base,巴耶利峇空軍基地
QPS,Campo Fontenelle Airport,豐特內利營機場
QRA,Rand Airport,蘭德機場
QRC,De La Independencia Airport,獨立機場
QRO,Queretaro Intercontinental Airport,克雷塔羅洲際機場
QRZ,Resende Airport,雷森德機場
QSC,Sao Carlos Airport,聖卡洛斯機場
QSF,Ain Arnat Airport,艾因阿爾納特機場
QSN,San Nicolas De Bari Airport,巴里聖尼古拉斯機場
QSR,Salerno / Pontecagnano Airport,薩萊諾—阿瑪菲海岸機場
QSX,New Amsterdam Airport,新阿姆斯特丹機場
QSZ,Shache Airport,莎車葉爾羌機場
QUG,Chichester/Goodwood Airport,奇切斯特古德伍德機場
QUN,A-306 Airport,A-306機場
QUT,Utsunomiya Airport,宇都宮機場
QUY,RAF Wyton,威頓皇家空軍基地
QVB,Uniao da Vitoria Airport,維多利亞聯盟機場
QVP,Avare-Arandu Airport,阿瓦雷阿朗杜機場
QWV,Divci Airport,迪夫奇機場
QXB,Aix-en-Provence (BA 114) Airport,艾克斯普羅旺斯機場（BA 114）
QXC,Fazenda Sao Braz Airport,聖布拉斯農場機場
QZD,Szeged Glider Airport,塞格德滑翔機機場
RAB,Tokua Airport,託庫亞機場
RAC,Batten International Airport,巴滕國際機場
RAE,Arar Domestic Airport,阿爾阿拉爾國內機場
RAF,Rafaela Airport,拉法埃拉機場
RAG,Raglan Airfield,拉格蘭機場
RAH,Rafha Domestic Airport,拉哈國內機場
RAI,Praia International Airport,培亞國際機場
RAK,Menara Airport,馬拉喀什-邁納拉機場
RAM,Ramingining Airport,拉明寧寧機場
RAN,Ravenna Airport,拉文納機場
RAO,Leite Lopes Airport,雷特洛佩斯機場
RAP,Rapid City Regional Airport,拉皮德城區域機場
RAR,Rarotonga International Airport,拉羅湯加國際機場
RAS,Sardar-e-Jangal Airport,賈加爾瑟達爾機場
RAV,Cravo Norte Airport,克拉沃諾特機場
RAZ,Rawalakot Airport,拉瓦拉科特機場
RBA,Rabat-Sale Airport,拉巴特-塞拉國際機場
RBB,Borba Airport,博爾巴機場
RBC,Robinvale Airport,羅賓韋爾機場
RBD,Dallas Executive Airport,達拉斯行政機場
RBE,Ratanakiri Airport,拉達那奇裡機場
RBF,Big Bear City Airport,大熊城機場
RBG,Roseburg Regional Airport,羅斯堡區域機場
RBK,French Valley Airport,法蘭西山谷機場
RBL,Red Bluff Municipal Airport,雷德布拉夫市立機場
RBM,Straubing Airport,施特勞賓機場
RBO,Robore Airport,羅博雷機場
RBQ,Rurenabaque Airport,魯雷納巴克機場
RBR,Placido de Castro Airport,普拉西多德卡斯特羅機場
RBS,Orbost Airport,奧博斯特機場
RBT,Segel Airport,塞傑爾機場
RBU,Roebourne Airport,羅伯恩機場
RBV,Ramata Airport,拉馬塔機場
RBW,Lowcountry Regional Airport,低地國區域機場
RBX,Rumbek Airport,倫貝克機場
RBY,Ruby Airport,紅寶石機場
RCA,Ellsworth Afb Airport,埃爾斯沃思空軍基地機場
RCB,Richards Bay Airport,理查茲灣機場
RCE,Roche Harbor Seaplane Base,羅奇港水上飛機基地
RCH,Almirante Padilla Airport,海軍上將帕迪拉機場
RCK,H H Coffield Regional Airport,H·H·科菲爾德區域機場
RCL,Redcliffe Airport,雷德克利夫機場
RCM,Richmond Airport,里奇蒙機場
RCO,Rochefort-Saint-Agnant (BA 721) Airport,羅什福爾-聖阿尼昂（空軍721基地）機場
RCQ,Reconquista Airport,雷孔基斯塔機場
RCR,Fulton County Airport,富爾頓縣機場
RCS,Rochester Airport,羅徹斯特機場
RCT,Nartron Field,納特隆機場
RCU,Area De Material Airport,阿雷亞德馬特里爾機場
RCY,Rum Cay Airport,拉姆礁機場
RDB,Red Dog Airport,紅狗機場
RDC,Redencao Airport,雷登桑機場
RDD,Redding Regional Airport,雷丁區域機場
RDE,Merdei Airport,梅爾代伊機場
RDG,Reading Regional/Carl A Spaatz Field,雷丁區域／卡爾·A·斯帕茨機場
RDM,Roberts Field,羅伯茨機場
RDN,LTS Pulau Redang Airport,熱浪國際機場
RDO,Radom-Sadkow Airport,拉多姆-薩德庫夫機場
RDR,Grand Forks Afb Airport,大福克斯空軍基地機場
RDS,Rincon De Los Sauces Airport,林孔德洛斯索塞斯機場
RDT,Richard Toll Airport,理查德託爾機場
RDU,Raleigh-Durham International Airport,羅利達拉姆國際機場
RDV,Red Devil Airport,紅魔鬼機場
RDZ,Rodez-Marcillac Airport,羅德茲機場
REA,Reao Airport,雷奧機場
REB,Rechlin-Larz Airport,雷赫林-拉爾茨機場
REC,Guararapes - Gilberto Freyre International Airport,累西腓/瓜拉拉皮斯-吉爾貝託·弗雷雷國際機場
RED,Mifflin County Airport,米夫林縣機場
REE,Reese Airpark,里斯航空公園
REG,Reggio Calabria Airport,雷焦卡拉布裡亞機場
REI,Regina Airport,裡賈納機場
REL,Almirante Marco Andres Zar Airport,阿爾米朗特馬爾科安德烈斯扎爾機場
REN,Orenburg Central Airport,奧倫堡特森特拉尼機場
REO,Rome State Airport,羅馬州立機場
REQ,Requena Airport,雷奎納機場
RER,Retalhuleu Airport,雷塔盧萊烏機場
RES,Resistencia International Airport,雷西斯滕西亞國際機場
RET,Røst Airport,羅斯特機場
REU,Reus Air Base,雷烏斯機場
REX,General Lucio Blanco International Airport,盧西奧布蘭科將軍國際機場
REY,Reyes Airport,雷耶斯機場
RFA,Rafai Airport,拉法伊機場
RFD,Chicago/Rockford International Airport,芝加哥/羅克福德國際機場
RFG,Rooke Field,魯克機場
RFK,Rollang Field,羅朗機場
RFN,Raufarhöfn Airport,勞爾阿霍布恩機場
RFP,Raiatea Airport,賴阿特阿機場
RFR,Rio Frio / Progreso Airport,裡奧弗裡奧/普格雷索機場
RFS,Rosita Airport,羅西塔機場
RGA,Hermes Quijada International Airport,赫爾墨斯基哈達國際機場
RGH,Balurghat Airport,巴盧爾加特機場
RGI,Rangiroa Airport,倫吉羅阿機場
RGK,Gorno-Altaysk Airport,戈爾諾-阿爾泰斯克機場
RGL,Piloto Civil N. Fernandez Airport,平民飛行員 N.費爾南德斯機場
RGN,Yangon International Airport,仰光國際機場
RGO,Orang Airport,漁郎飛行場
RGR,Ranger Municipal Airport,蘭傑市機場
RGS,Burgos Airport,布林戈斯機場
RGT,Japura Airport,雅普拉機場
RHA,Reykholar Airport,雷克霍拉爾機場
RHD,Las Termas Airport,拉斯特爾馬斯機場
RHE,Reims-Champagne (BA 112) Airport,蘭斯-香檳 (BA 112) 機場
RHG,Ruhengeri Airport,魯亨蓋裡機場
RHI,Rhinelander/Oneida County Airport,萊茵蘭德/奧奈達郡機場
RHL,Roy Hill Station Airport,羅伊山站機場
RHN,Skorpion Mine Airport,蠍子礦場機場
RHO,Diagoras Airport,羅得島迪亞戈拉斯國際機場
RHP,Ramechhap Airport,拉梅恰普機場
RHT,Alxa Right Banner Badanjilin Airport,阿拉善右旗巴丹吉林機場
RHV,Reid-Hillview Of Santa Clara County Airport,聖塔克拉拉郡裡德希爾維尤機場
RIB,Capitan Av. Selin Zeitun Lopez Airport,塞林澤圖洛佩斯上尉機場
RIC,Richmond International Airport,裡士滿國際機場
RID,Richmond Municipal Airport,里奇蒙市機場
RIE,Rice Lake Regional/Carl's Field,萊斯湖區域/卡爾機場
RIF,Richfield Municipal Airport,裡奇菲爾德市機場
RIG,Rio Grande Airport,裡奧格蘭德機場
RIH,Cap Scarlet R. Martínez L. Airport,斯卡利特·R·馬丁內斯上尉機場
RIJ,Juan Simons Vela Airport,胡安西蒙斯維拉機場
RIK,Carrillo Airport,卡里略機場
RIL,Rifle Garfield County Airport,萊弗爾加菲爾德郡機場
RIM,San Nicolas Airport,聖尼古拉斯機場
RIN,Ringi Cove Airport,林吉灣機場
RIR,Flabob Airport,弗拉博布機場
RIS,Rishiri Airport,利尻機場
RIV,March Arb Airport,馬奇空軍預備役基地機場
RIW,Central Wyoming Regional Airport,懷俄明州中部區域機場
RIX,Riga International Airport,里加國際機場
RIY,Mukalla International Airport,裡揚機場
RJA,Rajahmundry Airport,拉賈蒙德里機場
RJB,Rajbiraj Airport,拉傑比拉傑機場
RJH,Shah Mokhdum Airport,沙馬赫杜姆機場
RJK,Rijeka Airport,裡耶卡機場
RJL,Logrono-Agoncillo Airport,洛格羅尼奧-阿貢西略機場
RJN,Rafsanjan Airport,拉夫桑詹機場
RKA,Aratika Nord Airport,阿拉蒂卡諾德機場
RKD,Knox County Regional Airport,諾克斯郡區域機場
RKE,Copenhagen Roskilde Airport,哥本哈根羅斯基勒機場
RKH,Rock Hill/York County/Bryant Field,洛克希爾/約克郡/布賴恩特機場
RKO,Rokot Airport,羅科特機場
RKP,Aransas County Airport,阿蘭薩斯郡機場
RKR,Robert S Kerr Airport,小羅伯特·S·克爾機場
RKS,Southwest Wyoming Regional Airport,西南懷俄明區域機場
RKT,Ras Al Khaimah International Airport,拉斯海瑪國際機場
RKV,Reykjavik Airport,雷克雅未克機場
RKW,Rockwood Municipal Airport,洛克伍德市立機場
RLD,Richland Airport,裡奇蘭機場
RLG,Rostock-Laage Airport,羅斯托克-拉格機場
RLK,Bayannaoer Tianjitai Airport,巴彥淖爾天吉泰機場
RLO,Valle Del Conlara International Airport,孔拉拉谷國際機場
RLT,Arlit Airport,阿利特機場
RMA,Roma Airport,羅馬機場
RMB,Buraimi Airport,布賴米機場
RME,Griffiss International Airport,格里菲斯國際機場
RMF,Marsa Alam International Airport,馬薩阿拉姆國際機場
RMG,Richard B Russell Regional - J H Towers Field,小理查德·B·羅素區域-J·H·託爾斯機場
RMI,Rimini / Miramare - Federico Fellini International Airport,裡米尼/米拉馬雷-費德里科·費里尼國際機場
RMK,Renmark Airport,倫馬克機場
RML,Colombo Int Arpt Ratmalana Airport,科倫坡國際機場拉特馬拉納機場
RMN,Rumginae Airport,魯姆吉奈機場
RMO,Chișinău International Airport,基希訥烏國際機場
RMP,Rampart Airport,蘭帕特機場
RMQ,Taichung Ching Chuang Kang Airport,臺中清泉崗機場
RMS,Ramstein Air Base,拉姆施泰因空軍基地
RMU,Región de Murcia International Airport,穆爾西亞地區國際機場
RMY,Mariposa-Yosemite Airport,馬裡波薩約塞米蒂機場
RNA,Ulawa Airport,烏拉瓦機場
RNB,Ronneby Airport,龍訥比機場
RNC,Warren County Memorial Airport,沃倫郡紀念機場
RND,Randolph Afb Airport,蘭多夫空軍基地
RNE,Roanne-Renaison Airport,羅安納-雷訥松機場
RNG,Rangely Airport,蘭格ely機場
RNH,New Richmond Regional Airport,新裡士滿區域機場
RNI,Corn Island,玉米島機場
RNJ,Yoron Airport,與論機場
RNL,Rennell/Tingoa Airport,倫內爾/廷戈阿機場
RNM,Qarn Alam Airport,卡恩阿拉姆機場
RNN,Bornholm Airport,博恩霍姆機場
RNO,Reno/Tahoe International Airport,雷諾-太浩國際機場
RNS,Rennes-Saint-Jacques Airport,雷恩機場
RNT,Renton Municipal Airport,倫頓市立機場
RNU,Ranau Airport,拉瑙機場
RNZ,Jasper County Airport,賈斯珀郡機場
ROA,Roanoke/Blacksburg Regional (Woodrum Field) Airport,羅阿諾克/布萊克斯堡區域（伍德勒姆機場）
ROB,Roberts International Airport,羅伯茨國際機場
ROC,Frederick Douglass/Greater Rochester International Airport,弗雷德裡克·道格拉斯/大羅切斯特國際機場
ROD,Robertson Airport,羅伯遜機場
ROF,Montague-Yreka Rohrer Field,蒙塔古-伊裡卡羅勒爾機場
ROG,Rogers Executive - Carter Field,羅傑斯行政-卡特機場
ROH,Robinhood Airport,羅賓漢機場
ROI,Roi Et Airport,黎逸機場
ROK,Rockhampton Airport,羅克漢普頓機場
ROL,Roosevelt Municipal Airport,羅斯福市立機場
RON,Juan Jose Rondon Airport,胡安·何塞·龍登機場
ROO,Rondonopolis Airport,龍多諾波利斯機場
ROP,Benjamin Taisacan Manglona International Airport,羅塔國際機場
ROR,Palau International Airport,羅曼·莫圖國際機場
ROS,Islas Malvinas Airport,羅薩裡奧—馬爾維納斯群島國際機場
ROT,Rotorua Regional Airport,羅託路亞機場
ROV,Platov International Airport,普拉托夫國際機場
ROW,Roswell Air Center Airport,羅斯威爾航空中心機場
ROX,Roseau Municipal/Rudy Billberg Field,羅斯市市立/魯迪·比爾伯格機場
ROY,Rio Mayo Airport,裡奧馬約機場
ROZ,Rota Naval Station Airport,羅塔海軍基地
RPB,Roper Bar Airport,羅珀巴爾機場
RPM,Ngukurr Airport,恩古庫爾機場
RPN,Ben Ya'akov Airport,本雅科夫機場
RPR,Raipur Airport,賴布林機場
RPX,Roundup Airport,朗德阿普機場
RQA,Ruoqiang Loulan Airport,若羌樓蘭機場
RQW,Qayyarah West Airport,卡亞拉西機場
RQY,Shivamogga Airport,希瓦莫加機場
RRE,Marree Airport,馬裡機場
RRG,Sir Charles Gaetan Duval Airport,查爾斯·蓋坦·杜瓦爾爵士機場
RRK,Rourkela Airport,拉德克拉機場
RRL,Merrill Municipal Airport,梅里爾市立機場
RRR,Raroia Airport,拉羅伊亞機場
RRS,Røros Airport,勒羅斯機場
RRT,Warroad International Memorial Airport,沃羅德國際紀念機場
RSA,Santa Rosa Airport,聖羅莎機場
RSB,Roseberth Airport,羅斯伯斯機場
RSD,Rock Sound Airport,洛克桑德機場
RSH,Russian Mission Airport,俄羅斯密申機場
RSI,Red Sea International Airport,紅海國際機場
RSK,Abresso Airport,阿布雷索機場
RSL,Russell Municipal Airport,拉塞爾市立機場
RSN,Ruston Regional Airport,拉斯頓區域機場
RSS,Damazin Airport,達馬津機場
RST,Rochester International Airport,羅徹斯特國際機場
RSU,Yeosu Airport,麗水機場 (韓國)
RSW,Southwest Florida International Airport,西南佛羅裡達國際機場
RTA,Rotuma Airport,羅圖馬機場
RTB,Juan Manuel Galvez International Airport,胡安·曼紐·加爾韋斯國際機場
RTC,Ratnagiri Airport,拉特納吉里機場
RTG,Satar Tacik Airport,薩塔爾塔奇克機場
RTL,Spirit Lake Municipal Airport,靈湖市立機場
RTM,Rotterdam Airport,鹿特丹海牙機場
RTN,Raton Municipal/Crews Field,拉頓市立/克魯斯機場
RTP,Rutland Plains Airport,拉特蘭平原機場
RTS,Rottnest Island Airport,羅特尼斯島機場
RTU,Maratua Airport,馬拉圖阿機場
RTY,Merty Merty Airport,默蒂默蒂機場
RUA,Arua Airport,阿魯阿機場
RUD,Shahroud Airport,沙赫魯德機場
RUE,Rughenda Airfield,魯根達機場
RUG,Rugao Air Base,如皋空軍基地
RUH,King Khaled International Airport,哈立德國王國際機場
RUI,Sierra Blanca Regional Airport,謝拉布蘭卡區域機場
RUK,Rukumkot Airport,魯孔科特機場
RUL,Maavaarulaa Airport,馬瓦魯拉機場
RUM,Rumjatar Airport,魯姆賈塔爾機場
RUN,Roland Garros Airport,留尼旺羅蘭·加洛斯機場
RUP,Rupsi India Airport,魯普西印度機場
RUR,Rurutu Airport,魯魯圖機場
RUS,Marau Airport,馬勞機場
RUT,Rutland/Southern Vermont Regional Airport,拉特蘭/南佛蒙特區域機場
RUV,Rubelsanto Airport,魯貝爾桑託機場
RUY,Copan Ruinas Airport,科潘魯伊納斯機場
RVA,Farafangana Airport,法拉凡迦納機場
RVD,General Leite de Castro Airport,萊特德卡斯特羅將軍機場
RVE,Los Colonizadores Airport,殖民者機場
RVI,Rostov-na-Donu Airport,頓河畔羅斯托夫機場
RVK,Rørvik Airport Ryum,呂姆勒維克機場
RVN,Rovaniemi Airport,羅瓦涅米機場
RVO,Reivilo Airport,雷維洛機場
RVR,Green River Municipal Airport,綠河市立機場
RVS,Tulsa Riverside Airport,塔爾薩河畔機場
RVT,Ravensthorpe Airport,雷文斯索普機場
RVV,Raivavae Airport,賴瓦瓦埃機場
RVY,Presidente General Don Oscar D. Gestido International Airport,奧斯卡·D·赫斯蒂多將軍總統國際機場
RWF,Redwood Falls Municipal Airport,紅木福爾斯市立機場
RWI,Rocky Mount/Wilson Regional Airport,落基山／威爾遜區域機場
RWL,Rawlins Municipal/Harvey Field,羅林斯市／哈維機場
RWN,Rivne International Airport,羅夫諾國際機場
RXE,Rexburg-Madison County Airport,雷克斯堡-麥迪遜縣機場
RXS,Roxas Airport,羅哈斯機場
RYB,Staroselye Airport,斯塔羅謝利耶機場
RYK,Shaikh Zaid Airport,謝赫扎耶德國際機場
RYN,Royan-Medis Airport,魯揚-梅迪斯機場
RYO,28 De Noviembre Airport,十一月二十八日機場
RZA,Santa Cruz Airport,聖克魯斯機場
RZE,Rzeszow-Jasionka Airport,熱舒夫-賈西翁卡機場
RZN,Turlatovo Airport,圖爾拉託沃機場
RZP,Cesar Lim Rodriguez Airport,塞薩爾·利姆·羅德里格斯機場
RZR,Ramsar Airport,拉姆薩機場
RZV,Rize–Artvin Airport,裡澤-阿爾特溫機場
RZZ,Halifax/Northampton Regional Airport,哈利法克斯／北安普敦區域機場
SAA,Shively Field,希夫利機場
SAB,Juancho E. Yrausquin Airport,胡安喬·E·伊勞斯金機場
SAC,Sacramento Executive Airport,沙加緬度行政機場
SAD,Safford Regional/1Lt Duane Spalsbury Field,薩福德區域／杜安·斯帕爾斯伯裡中尉機場
SAF,Santa Fe Regional Airport,聖塔菲區域機場
SAH,Sana'a International Airport,薩那國際機場
SAI,Siem Reap Angkor International Airport,暹粒吳哥國際機場
SAK,Sauðárkrókur Airport,索德拉克羅庫爾機場
SAL,El Salvador International Airport,薩爾瓦多國際機場
SAN,San Diego International Airport,聖地牙哥國際機場
SAO,Campo de Marte Airport,聖保羅 (巴西)
SAP,Ramon Villeda Morales International Airport,拉蒙·比列達·莫拉萊斯國際機場
SAQ,San Andros Airport,聖安德羅斯機場
SAR,Sparta Community-Hunter Field,斯帕塔社群-亨特機場
SAS,Salton Sea Airport,索爾頓海機場
SAT,San Antonio International Airport,聖安東尼奧國際機場
SAU,Sawu Airport,薩武機場
SAV,Savannah/Hilton Head International Airport,薩凡納／希爾頓黑德國際機場
SAW,Sabiha Gokcen International Airport,伊斯坦堡薩比哈·格克琴國際機場
SAY,Siena / Ampugnano Airport,錫耶納／安普尼亞諾機場
SAZ,Sasstown Airport,薩斯敦機場
SBA,Santa Barbara Municipal Airport,聖塔芭芭拉市立機場
SBB,Santa Barbara de Barinas Airport,巴里納斯的聖塔芭芭拉機場
SBD,San Bernardino International Airport,聖貝納迪諾國際機場
SBE,Suabi Airport,蘇阿比機場
SBG,Maimun Saleh Airport,邁穆恩薩利赫機場
SBH,Gustaf III Airport,古斯塔夫三世機場
SBI,Sambailo Airport,桑拜洛機場
SBJ,Sao Mateus Airport,聖馬特烏斯機場
SBK,Saint-Brieuc-Armor Airport,聖布里厄機場
SBL,Santa Ana Del Yacuma Airport,亞庫馬的聖安娜機場
SBM,Sheboygan County Memorial International Airport,希博伊根縣紀念國際機場
SBN,South Bend International Airport,南本德國際機場
SBO,Salina-Gunnison Airport,薩利納-岡尼森機場
SBP,San Luis Obispo County Regional Airport,聖路易奧比斯波縣區域機場
SBQ,Sibi Airport,錫比機場
SBR,Saibai Island Airport,賽拜島機場
SBS,Steamboat Springs/Bob Adams Field,斯廷博特斯普林斯/鮑勃亞當斯機場
SBT,Sabetta Airport,薩貝塔機場
SBU,Springbok Airport,斯普林博克機場
SBW,Sibu Airport,詩巫機場
SBX,Shelby Airport,謝爾比機場
SBY,Salisbury-Ocean City Wicomico Regional Airport,索爾즈伯裡-大洋城維科米科區域機場
SBZ,Sibiu International Airport,錫比烏國際機場
SCB,Scribner State Airport,斯里夫納州立機場
SCC,Deadhorse Airport,代德霍斯機場
SCE,State College Regional Airport,州學院區域機場
SCF,Scottsdale Airport,斯科茨代爾機場
SCG,Spring Creek Airport,斯普林克裡克機場
SCH,Schenectady County Airport,斯克內克塔迪郡機場
SCI,Paramillo Airport,帕拉米略機場
SCK,Stockton Metro Airport,斯托克頓都會機場
SCL,Comodoro Arturo Merino Benitez International Airport,阿圖羅·梅里諾·貝尼特斯國際機場
SCM,Scammon Bay Airport,斯卡蒙貝伊機場
SCN,Saarbrucken Airport,薩爾布呂肯機場
SCO,Aktau International Airport,阿克套國際機場
SCP,Mont-Dauphin - St-Crepin Airport,蒙多芬-聖克雷潘機場
SCQ,Santiago de Compostela Airport,聖地亞哥-德孔波斯特拉機場
SCR,Sälen/Scandinavian Mountains Airport,塞倫/斯堪地那維亞山脈機場
SCT,Socotra International Airport,索科特拉機場
SCU,Antonio Maceo International Airport,安東尼奧·馬塞奧機場
SCV,Suceava Stefan cel Mare Airport,蘇恰瓦斯特凡切爾馬雷機場
SCW,Syktyvkar Airport,瑟克特夫卡爾機場
SCY,San Cristobal Airport,聖克里斯多福機場
SCZ,Santa Cruz/Graciosa Bay/Luova Airport,聖克魯斯/格拉西奧薩灣/盧奧瓦機場
SDB,Langebaanweg Airport,朗格班韋格機場
SDD,Lubango Airport,盧班戈機場
SDE,Vicecomodoro Angel D. La Paz Aragones Airport,副準將安赫爾·D·拉帕斯·阿拉戈內斯機場
SDF,Louisville Muhammad Ali International Airport,路易維爾穆罕默德·阿里國際機場
SDG,Sanandaj Airport,薩南達季機場
SDJ,Sendai Airport,仙台機場
SDK,Sandakan Airport,山打根機場
SDL,Sundsvall-Harnosand Airport,松茲瓦爾-海訥桑德機場
SDM,Brown Field Municipal Airport,布朗菲爾德市立機場
SDN,Sandane Airport Anda,安達桑達訥機場
SDP,Sand Point Airport,桑德波特機場
SDQ,Las Americas International Airport,亞美利加國際機場
SDR,Santander Airport,桑坦德機場
SDS,Sado Airport,佐渡機場
SDT,Saidu Sharif Airport,賽義杜謝裡夫機場
SDU,Santos Dumont Airport,聖杜蒙特機場
SDX,Sedona Airport,塞多納機場
SDY,Sidney-Richland Regional Airport,雪梨-裡奇蘭區域機場
SEA,Seattle-Tacoma International Airport,西雅圖-塔科馬國際機場
SEB,Sabha Airport,塞卜哈機場
SEE,Gillespie Field,吉萊斯皮機場
SEF,Sebring Regional Airport,賽布林區域機場
SEG,Penn Valley Airport,賓谷機場
SEH,Senggeh Airport,聖格機場
SEM,Craig Field,克雷格機場
SEN,Southend Airport,倫敦紹森德機場
SEO,Seguela Airport,塞蓋拉機場
SEP,Stephenville Clark Regional Airport,斯蒂芬ville克拉克區域機場
SER,Freeman Municipal Airport,弗里曼市立機場
SEU,Seronera Airport,塞羅內拉機場
SEV,Sievierodonetsk Airport,北頓涅茨克機場
SEW,Siwa Oasis North Airport,錫瓦綠洲機場
SEY,Selibaby Airport,塞利巴比機場
SEZ,Seychelles International Airport,塞席爾國際機場
SFA,Sfax Thyna International Airport,斯法克斯蒂納國際機場
SFB,Orlando Sanford International Airport,奧蘭多桑福德國際機場
SFC,St-Francois Airport,聖弗朗索瓦機場
SFD,San Fernando De Apure Airport,阿普雷河畔聖費爾南多機場
SFF,Felts Field,費爾茨機場
SFG,L'Esperance Airport,萊斯佩蘭斯機場
SFH,San Felipe International Airport,聖費利佩國際機場
SFJ,Kangerlussuaq Airport,康埃盧蘇阿克機場
SFK,Soure Airport,索雷機場
SFL,Sao Filipe Airport,聖菲利普機場
SFM,Sanford Seacoast Regional Airport,桑福德海濱區域機場
SFN,Sauce Viejo Airport,索斯別霍機場
SFO,San Francisco International Airport,舊金山國際機場
SFQ,Sanliurfa Airport,尚勒烏爾法機場
SFS,Subic Bay International Airport,蘇比克灣國際機場
SFT,Skelleftea Airport,謝萊夫特奧機場
SFZ,North Central State Airport,中北部州立機場
SGA,Sheghnan Airport,什格南機場
SGC,Surgut Airport,蘇爾古特機場
SGD,Sonderborg Airport,森訥堡機場
SGE,Siegerland Airport,錫格蘭機場
SGF,Springfield-Branson Ntl Airport,斯普林菲爾德-布蘭森國家機場
SGG,Simanggang Airport,成邦江機場
SGH,Springfield/Beckley Municipal Airport,斯普林菲爾德／貝克利市立機場
SGI,Mushaf Air Base,穆沙夫空軍基地
SGL,Sangley Point Air Base,桑格利角空軍基地
SGN,Tan Son Nhat International Airport,新山一空軍基地
SGO,St George Airport,聖喬治機場
SGP,Shay Gap Airport,謝伊加普機場
SGQ,Sanggata Airport,桑加塔機場
SGR,Sugar Land Regional Airport,舒格蘭區域機場
SGS,Sanga Sanga Airport,桑加桑加機場
SGT,Stuttgart Municipal Carl Humphrey Field,斯圖加特市立卡爾漢弗萊機場
SGU,St George Regional Airport,聖喬治區域機場
SGV,Sierra Grande Airport,大塞拉機場
SGX,Songea Airport,松蓋阿機場
SGY,Skagway Airport,史凱威機場
SGZ,Songkhla Airport,宋卡機場
SHA,Shanghai Hongqiao International Airport,上海虹橋國際機場
SHB,Nakashibetsu Airport,中標津機場
SHC,Shire Airport,希雷機場
SHD,Shenandoah Valley Regional Airport,謝內多亞河谷區域機場
SHE,Taoxian Airport,瀋陽桃仙國際機場
SHG,Shungnak Airport,舒格納克機場
SHH,Shishmaref Airport,希什馬廖夫機場
SHI,Shimojishima Airport,下地島機場
SHJ,Sharjah International Airport,沙迦國際機場
SHK,Sehonghong Airport,塞洪洪機場
SHL,Shillong Airport,西隆機場
SHM,Nanki Shirahama Airport,南紀白濱機場
SHN,Sanderson Field,桑德森機場
SHO,King Mswati III Intl,恩史瓦帝三世國際機場
SHQ,Southport Airport,紹斯波特機場
SHR,Sheridan County Airport,謝裡登縣機場
SHS,Shashi Airport,荊州沙市機場
SHT,Shepparton Airport,謝珀頓機場
SHU,Smith Point Airport,史密斯角機場
SHV,Shreveport Regional Airport,什裡夫波特區域機場
SHW,Sharurah Airport,沙魯拉機場
SHX,Shageluk Airport,沙格盧克機場
SHY,Shinyanga Airport,希尼揚加機場
SHZ,Seshutes Airport,塞舒特斯機場
SIB,Sibiti Airport,西比蒂機場
SID,Amilcar Cabral International Airport,阿米爾卡·卡布拉爾國際機場
SIE,Sines Airport,錫內斯機場
SIF,Simara Airport,西馬拉機場
SIG,Fernando Luis Ribas Dominicci Airport,費爾南多·路易斯·裡巴斯·多米尼奇機場
SIH,Silgadi Doti Airport,西爾加迪多蒂機場
SII,Sidi Ifni Xx Airport,西迪伊夫尼機場
SIJ,Siglufjörður Airport,錫格呂菲厄澤機場
SIK,Sikeston Memorial Municipal Airport,西克斯頓紀念市立機場
SIL,Sila Airport,席拉機場
SIM,Simbai Airport,辛拜機場
SIN,Singapore Changi International Airport,新加坡樟宜機場
SIO,Smithton Airport,史密斯頓機場
SIP,Simferopol International Airport,辛菲羅波爾國際機場
SIQ,Dabo Airport,達博機場
SIR,Sion Airport,錫永機場
SIS,Sishen Airport,西申機場
SIT,Sitka Rocky Gutierrez Airport,錫特卡洛基古鐵雷斯機場
SIU,Siuna,蘇納機場
SIV,Sullivan County Airport,沙利文郡機場
SIW,Parapat Airport,帕拉帕特機場
SIX,Singleton Airport,辛格爾頓機場
SIY,Siskiyou County Airport,錫斯基尤郡機場
SJA,San Juan de Marcona Airport,聖胡安德馬爾科納機場
SJB,San Joaquin Airport,聖華金機場
SJC,Norman Y Mineta San Jose International Airport,諾曼·峰田聖荷西國際機場
SJD,Los Cabos International Airport,洛斯卡沃斯國際機場
SJE,Jorge E. Gonzalez Torres Airport,豪爾赫·E·岡薩雷斯·託雷斯機場
SJJ,Sarajevo International Airport,薩拉熱窩國際機場
SJK,Professor Urbano Ernesto Stumpf Airport,烏爾巴諾·埃內斯托·斯通普夫教授機場
SJL,Sao Gabriel da Cachoeira Airport,濱河聖加布裡埃爾機場
SJN,St Johns Industrial Air Park,聖約翰工業航空公園
SJO,Juan Santamaria International Airport,胡安·聖瑪麗亞國際機場
SJP,Sao Jose do Rio Preto Airport,大急流城聖若澤機場
SJQ,Sesheke Airport,塞謝凱機場
SJS,San Jose De Chiquitos Airport,奇基託斯聖何塞機場
SJT,San Angelo Regional/Mathis Field,聖安傑洛區域/馬蒂斯機場
SJU,Luis Munoz Marin International Airport,路易斯·穆尼奧斯·馬林國際機場
SJV,San Javier Airport,聖哈維爾機場
SJW,Shijiazhuang Daguocun International Airport,石家莊正定國際機場
SJY,Seinajoki Airport,塞伊奈約基機場
SJZ,Sao Jorge Airport,聖若熱機場
SKA,Fairchild Afb Airport,費爾柴爾德空軍基地機場
SKB,Robert L. Bradshaw International Airport,羅伯特·L·布拉德肖國際機場
SKC,Suki Airport,蘇基機場
SKD,Samarkand Airport,撒馬爾罕國際機場
SKF,Kelly Field,凱利機場
SKG,Thessaloniki Macedonia International Airport,塞薩洛尼基馬其頓國際機場
SKH,Surkhet Airport,蘇爾凱特機場
SKK,Shaktoolik Airport,沙克圖利克機場
SKL,Skye Bridge Ashaig Airport,斯凱橋阿沙格機場
SKN,Stokmarknes Skagen Airport,斯托克馬克尼斯斯卡根機場
SKO,Sadiq Abubakar III International Airport,薩迪克·阿布巴卡爾三世國際機場
SKP,Skopje International Airport,斯科普里國際機場
SKQ,Sekakes Airport,塞卡凱斯機場
SKS,Vojens Skrydstrup Airport,沃森斯克裡德斯特魯普機場
SKT,Sialkot Airport,錫亞爾科特國際機場
SKU,Skiros Airport,斯基羅斯機場
SKV,St Catherine International Airport,聖凱瑟琳國際機場
SKW,Skwentna Airport,斯克韋特納機場
SKX,Saransk Airport,薩蘭斯克機場
SKZ,Sukkur Airport,蘇庫爾機場
SLA,Martin Miguel De Guemes International Airport,馬丁米格爾德蓋梅斯國際機場
SLB,Storm Lake Municipal Airport,風暴湖市立機場
SLC,Salt Lake City International Airport,鹽湖城國際機場
SLD,Sliac Airport,斯利亞奇機場
SLE,Mcnary Field,麥克納裡機場
SLF,Sulayel Airport,蘇萊利機場
SLG,Smith Field,史密斯機場
SLH,Sola Airport,索拉機場
SLI,Solwesi Airport,索爾韋齊機場
SLJ,Solomon Airport,所羅門機場
SLK,Adirondack Regional Airport,阿迪朗達克區域機場
SLL,Salalah Airport,塞拉萊機場
SLM,Salamanca Airport,薩拉曼卡機場
SLN,Salina Regional Airport,薩利納區域機場
SLO,Salem-Leckrone Airport,塞勒姆萊克龍機場
SLP,Ponciano Arriaga International Airport,蓬西亞諾·阿里亞加國際機場
SLQ,Sleetmute Airport,斯利特穆特機場
SLR,Sulphur Springs Municipal Airport,硫磺泉市立機場
SLT,Salida/Harriett Alexander Field,薩利達／哈麗特·亞歷山大機場
SLU,George F. L. Charles Airport,喬治·查爾斯機場
SLV,Shimla Airport,西姆拉機場
SLW,Plan De Guadalupe International Airport,瓜達盧佩計畫國際機場
SLX,Salt Cay Airport,鹽礁機場
SLY,Salekhard Airport,薩列哈爾德機場
SLZ,Marechal Cunha Machado International Airport,庫內亞·馬查多元帥國際機場
SMB,Franco Bianco Airport,佛朗哥·比安科機場
SME,Lake Cumberland Regional Airport,坎伯蘭湖區域機場
SMF,Sacramento International Airport,沙加緬度國際機場
SMI,Samos Airport,薩摩斯機場
SMK,St Michael Airport,聖米歇爾機場
SML,Stella Maris Airport,斯特拉馬里斯機場
SMM,Semporna Airport,仙本那機場
SMN,Lemhi County Airport,勒姆黑郡機場
SMO,Santa Monica Municipal Airport,聖塔莫尼卡市立機場
SMQ,Sampit(Hasan) Airport,桑皮特（哈桑）機場
SMS,Sainte Marie Airport,聖瑪麗機場
SMU,Sheep Mountain Airport,綿羊山機場
SMV,Samedan Airport,薩梅丹機場
SMW,Smara Airport,斯馬拉機場
SMX,Santa Maria Pub/Capt G Allan Hancock Field,聖瑪麗亞公共／G·艾倫·漢考克機長機場
SMY,Simenti Airport,西門蒂機場
SMZ,Stoelmanseiland Airport,斯圖爾曼塞蘭機場
SNA,John Wayne/Orange County Airport,約翰韋恩機場
SNB,Snake Bay Airport,斯內克貝伊機場
SNC,General Ulpiano Paez Airport,烏爾皮亞諾·帕埃斯將軍機場
SNE,Preguica Airport,普雷吉薩機場
SNF,Sub Teniente Nestor Arias Airport,副中尉內斯特·阿里亞斯機場
SNG,Capitan Av. Juan Cochamanidis S. Airport,胡安·科查曼迪斯·S·航空機長機場
SNH,Stanthorpe Airport,斯坦索普機場
SNI,Greenville Sinoe Airport,格林維爾錫諾機場
SNJ,San Julian Air Base,聖胡利安空軍基地
SNK,Winston Field,溫斯頓機場
SNL,Shawnee Regional Airport,肖尼區域機場
SNM,San Ignacio de Moxos Airport,莫索斯的聖伊格納西奧機場
SNN,Shannon Airport,夏農機場
SNO,Sakon Nakhon Airport,沙功那空機場
SNP,St Paul Island Airport,聖保羅島機場
SNR,Saint-Nazaire-Montoir Airport,聖納澤爾-蒙圖瓦爾機場
SNS,Salinas Municipal Airport,薩利納斯市立機場
SNU,Abel Santamaria Airport,阿貝爾·聖瑪麗亞機場
SNV,Santa Elena de Uairen Airport,瓦伊倫的聖埃琳娜機場
SNW,Thandwe Airport,丹兌機場
SNX,Semnan Airport,塞姆南機場
SNY,Sidney Municipal/Lloyd W Carr Field,悉尼市立／勞埃德·W·卡爾機場
SOB,Sarmellek International Airport,赫維什-巴拉頓國際機場
SOC,Adi Sumarmo Wiryokusumo Airport,阿迪·蘇馬爾莫國際機場
SOD,Sorocaba Airport,索羅卡巴機場
SOE,Souanke Airport,蘇安凱機場
SOF,Sofia Airport,索菲亞機場
SOG,Sogndal Airport,松達爾機場
SOJ,Sørkjosen Airport,瑟克約森機場
SOK,Semonkong Airport,塞蒙孔機場
SOL,Solomon State Field,所羅門州立機場
SOM,San Tome Airport,聖託梅機場
SON,Santo Pekoa International Airport,桑託佩可亞國際機場
SOO,Soderhamn Airport,瑟德港機場
SOP,Moore County Airport,摩爾郡機場
SOQ,Sorong (Jefman) Airport,多米尼克愛德華·奧索機場
SOT,Sodankyla Airport,索丹屈萊機場
SOU,Southampton Airport,南安普敦機場
SOV,Seldovia Airport,塞爾多維亞機場
SOW,Show Low Regional Airport,秀羅區域機場
SOX,Alberto Lleras Camargo Airport,阿爾韋託·列拉斯·卡馬戈機場
SOY,Stronsay Airport,斯特朗賽機場
SOZ,Solenzara (BA 126) Air Base,索倫扎拉空軍基地
SPA,Spartanburg Downtown Memorial/Simpson Field,斯帕坦堡市中心紀念／辛普森機場
SPC,La Palma Airport,拉帕爾馬機場
SPD,Saidpur Airport,賽義德布林機場
SPE,Sepulot Airport,塞普洛特機場
SPF,Black Hills-Clyde Ice Field,布萊克希爾斯-克萊德冰原機場
SPG,Albert Whitted Airport,阿爾伯特惠特德機場
SPI,Abraham Lincoln Capital Airport,亞伯拉罕林肯首都機場
SPJ,Sparti Airport,斯巴達機場
SPM,Spangdahlem Air Base,斯潘達勒姆空軍基地
SPN,Francisco C Ada/Saipan International Airport,塞班國際機場
SPP,Menongue Airport,梅農蓋機場
SPS,Sheppard Afb/Wichita Falls Municipal Airport,謝帕德空軍基地／威奇托福爾斯市立機場
SPU,Split Airport,斯普利特機場
SPW,Spencer Municipal Airport,斯潘塞市立機場
SPX,Sphinx International Airport,斯芬克斯國際機場
SPZ,Springdale Municipal Airport,斯普林代爾市立機場
SQA,Santa Ynez/Kunkle Field,聖塔伊內斯／孔克爾機場
SQC,Southern Cross Airport,南十字機場
SQD,Sanqingshan,上饒三清山機場
SQH,Na-San Airport,那產機場
SQI,Whiteside County/Jos H Bittorf Field,懷特塞德郡／約瑟夫·H·位元多夫機場
SQJ,Sanming Shaxian Airport,三明沙縣機場
SQL,San Carlos Airport,聖卡洛斯機場
SQM,Sao Miguel do Araguaia Airport,阿拉瓜亞堡聖米格爾機場
SQN,Emalamo Sanana Airport,埃馬拉莫機場
SQO,Storuman Airport,斯托魯曼機場
SQQ,Siauliai International Airport,希奧利艾國際機場
SQR,Soroako Airport,索羅阿科機場
SQU,Saposoa Airport,薩波索亞機場
SQV,Sequim Valley Airport,塞奎姆谷機場
SQW,Skive Airport,斯克韋爾機場
SQX,Sao Miguel do Oeste Airport,西聖米格爾機場
SQY,Sao Lourenco do Sul Airport,南聖洛倫索機場
SQZ,RAF Scampton,皇家空軍斯坎普頓基地
SRB,Santa Rosa De Yacuma Airport,亞庫馬河畔聖羅莎機場
SRC,Searcy Regional Airport,瑟西區域機場
SRD,San Ramon Airport,聖拉蒙機場
SRE,Alcantarí International Airport,阿爾坎塔裡國際機場
SRG,Achmad Yani Airport,艾哈邁德·雅尼國際機場
SRH,Sarh Airport,薩爾市機場
SRJ,Capitan Av. German Quiroga G. Airport,日耳曼基羅加G.上尉機場
SRN,Strahan Airport,斯特拉恩機場
SRP,Stord Airport,斯托爾德機場
SRQ,Sarasota/Bradenton International Airport,薩拉索塔/佈雷登頓國際機場
SRT,Soroti Airport,索羅蒂機場
SRV,Stony River 2 Airport,斯托尼裡弗2號機場
SRW,Mid-Carolina Regional Airport,中卡羅來納區域機場
SRX,Gardabya Airport,加爾達比亞機場
SRY,Dasht-e Naz Airport,達什特納茲機場
SRZ,El Trompillo Airport,埃爾特龍皮略機場
SSA,Deputado Luiz Eduardo Magalhaes International Airport,薩爾瓦多巴伊亞國際機場
SSC,Shaw Afb Airport,蕭空軍基地機場
SSD,Victor Lafon Airport,維克托拉豐機場
SSE,Solapur Airport,索拉普機場
SSF,Stinson Municipal Airport,史汀森市立機場
SSG,Malabo Airport,馬拉博國際機場
SSH,Sharm El Sheikh International Airport,沙姆沙伊赫國際機場
SSI,St Simons Island Airport,聖西蒙島機場
SSJ,Sandnessjoen Airport Stokka,斯托卡山德尼斯約恩機場
SSM,Sault Ste Marie Municipal/Sanderson Field,蘇聖瑪麗市/桑德森機場
SSN,Seoul Air Base,首爾空軍基地
SSO,Sao Lourenco Airport,聖洛倫索機場
SSR,Sara Airport,薩拉機場
SST,Santa Teresita Airport,聖特雷西塔機場
SSW,Stuart Island Airpark,斯圖爾特島航空公園
SSX,Samsun Samair Airport,薩姆松薩邁爾機場
SSY,Mbanza Congo Airport,姆班扎剛果機場
SSZ,Base Aerea de Santos Airport,桑托斯空軍基地機場
STA,Stauning Airport,斯陶寧機場
STB,Santa Barbara del Zulia Airport,蘇利亞聖巴巴拉機場
STC,St Cloud Regional Airport,聖克勞德區域機場
STD,Mayor Buenaventura Vivas International Airport,布埃納文圖拉維瓦斯少校國際機場
STE,Stevens Point Municipal Airport,史蒂芬斯波伊特市立機場
STH,Strathmore Airport,斯特拉斯莫爾機場
STI,Cibao International Airport,西巴奧國際機場
STJ,Rosecrans Memorial Airport,羅斯克蘭紀念機場
STK,Sterling Municipal Airport,斯特靈市立機場
STL,St Louis Lambert International Airport,聖路易斯蘭伯特國際機場
STM,Maestro Wilson Fonseca Airport,威爾遜豐塞卡大師機場
STN,London Stansted Airport,倫敦史坦斯特機場
STP,St Paul Downtown Holman Field,聖保羅市中心霍爾曼機場
STQ,St Marys Municipal Airport,聖瑪麗市立機場
STR,Stuttgart Airport,斯圖加特機場
STS,Charles M Schulz/Sonoma County Airport,查爾斯·M·舒爾茨/索諾馬縣機場
STT,Cyril E King Airport,西里爾·E·金機場
STV,Surat Airport,蘇拉特機場
STW,Stavropol Shpakovskoye Airport,斯塔夫羅波爾什帕科夫斯科耶機場
STX,Henry E Rohlsen Airport,亨利·E·羅爾森機場
STY,Nueva Hesperides International Airport,新埃斯佩裡德斯國際機場
SUA,Witham Field,威瑟姆機場
SUB,Juanda International Airport,朱安達國際機場
SUD,Stroud Municipal Airport,斯特勞德市立機場
SUE,Door County Cherryland Airport,多爾縣切瑞蘭機場
SUF,Lamezia Terme Airport,拉梅齊亞泰爾梅機場
SUG,Surigao Airport,蘇裡高機場
SUH,Sur Airport,蘇爾機場
SUI,Sukhumi Dranda Airport,蘇呼米德蘭達機場
SUJ,Satu Mare Airport,薩圖馬雷機場
SUL,Sui Airport,蘇伊機場
SUM,Sumter Airport,薩姆特機場
SUN,Friedman Memorial Airport,弗裡德曼紀念機場
SUO,Sunriver Airport,森裡弗機場
SUP,Trunojoyo Airport,特魯諾約約機場
SUQ,Sucua Airport,蘇誇機場
SUR,Summer Beaver Airport,薩默貝弗機場
SUS,Spirit Of St Louis Airport,聖路易斯精神機場
SUT,Sumbawanga Airport,松巴旺加機場
SUU,Travis Afb Airport,特拉維斯空軍基地
SUV,Nausori International Airport,瑙索裡國際機場
SUW,Richard I Bong Airport,理查德·I·邦機場
SUX,Sioux Gateway/Brig General Bud Day Field,蘇城門戶/巴德戴少將機場
SUY,Suntar Airport,孫塔爾機場
SVA,Savoonga Airport,薩武恩加機場
SVB,Sambava Airport,桑巴瓦機場
SVD,Argyle International Airport,阿蓋爾國際機場
SVE,Susanville Municipal Airport,蘇珊維爾市立機場
SVF,Save Airport,薩韋機場
SVG,Stavanger Airport Sola,斯塔萬格索拉機場
SVH,Statesville Regional Airport,斯塔茨維爾區域機場
SVI,Eduardo Falla Solano Airport,愛德華多·法拉·索拉諾機場
SVJ,Svolvær Helle Airport,斯沃爾韋爾赫勒機場
SVL,Savonlinna Airport,薩翁林納機場
SVN,Hunter Army Air Field,亨特陸軍機場
SVO,Sheremetyevo International Airport,謝列梅捷沃國際機場
SVP,Kuito Airport,奎託機場
SVQ,Sevilla Airport,塞維利亞機場
SVS,Stevens Village Airport,史蒂芬斯村機場
SVT,Savuti Airport,薩武蒂機場
SVU,Savusavu Airport,薩武薩武機場
SVW,Sparrevohn Lrrs Airport,斯帕雷沃恩遠端雷達站機場
SVX,Koltsovo Airport,科利佐沃國際機場
SVZ,San Antonio Del Tachira Airport,聖安東尼奧德爾塔奇拉機場
SWA,Shantou Waisha Airport,揭陽潮汕國際機場
SWC,Stawell Airport,斯托韋爾機場
SWD,Seward Airport,蘇厄德機場
SWF,New York Stewart International Airport,紐約斯圖爾特國際機場
SWH,Swan Hill Airport,斯旺希爾機場
SWJ,Southwest Bay Airport,西南灣機場
SWN,Sahiwal Airport,薩希瓦爾機場
SWO,Stillwater Regional Airport,斯蒂沃特區域機場
SWP,Swakopmund Airport,斯瓦科普蒙德機場
SWQ,Sumbawa Besar Airport,鬆巴哇貝薩爾機場
SWS,Swansea Airport,斯旺西機場
SWT,Strezhevoy Airport,斯特熱澤沃伊機場
SWU,Suwon Airport,水原空軍基地
SWV,Severo-Evensk Airport,北埃文斯克機場
SWW,Avenger Field,復仇者機場
SWX,Shakawe Airport,沙卡韋機場
SWY,Sitiawan Airport,實兆遠機場
SXB,Strasbourg Airport,斯特拉斯堡-恩賽姆機場
SXE,West Sale Airport,西塞爾機場
SXG,Senanga Airport,塞納加機場
SXI,Sirri Island Airport,錫裡島機場
SXJ,Shanshan Airport,鄯善機場
SXK,Saumlaki Airport,馬蒂爾達·巴特拉耶裡機場
SXL,Sligo Airport,斯萊戈機場
SXM,Princess Juliana International Airport,朱麗安娜公主國際機場
SXN,Sua Pan Airport,蘇阿潘機場
SXO,Sao Felix do Araguaia Airport,阿阿拉瓜亞河畔聖費利克斯機場
SXP,Nunam Iqua Airport,努納姆伊誇機場
SXQ,Soldotna Airport,索爾多特納機場
SXR,Sheikh ul Alam Airport,斯利那加機場
SXS,Sahabat [Sahabat 16] Airport,薩哈巴特 [薩哈巴特16] 機場
SXT,Sungai Tiang Airport,雙溪甸機場
SXV,Salem Airport,塞勒姆機場
SXX,Sao Felix do Xingu Airport,欣古河畔聖費利克斯機場
SXY,Sidney Municipal Airport,西德尼市立機場
SXZ,Siirt Airport,錫爾特機場
SYA,Eareckson Air Station,謝米亞空軍基地
SYC,Shiringayoc Airport,希林加約克機場
SYD,Sydney Kingsford Smith International Airport,悉尼機場
SYI,Bomar Field/Shelbyville Municipal Airport,博馬爾機場／謝爾比維爾市立機場
SYJ,Sirjan Airport,錫爾詹機場
SYK,Stykkishólmur Airport,斯蒂基斯霍爾穆爾機場
SYM,Simao Airport,普洱思茅機場
SYN,Stanton Airfield,斯坦頓機場
SYO,Shonai Airport,莊內機場
SYP,Ruben Cantu Airport,魯本坎圖機場
SYQ,Tobias Bolanos International Airport,託比亞斯博拉尼奧斯國際機場
SYR,Syracuse Hancock International Airport,雪城漢考克國際機場
SYS,Saskylakh Airport,薩斯基拉克機場
SYT,Saint-Yan Airport,聖揚機場
SYU,Warraber Island Airport,瓦拉伯島機場
SYV,Sylvester Airport,西爾維斯特機場
SYW,Sehwan Sharif Airport,塞赫萬謝裡夫機場
SYX,Sanya Phoenix International Airport,三亞鳳凰國際機場
SYY,Stornoway Airport,斯托諾韋機場
SYZ,Shiraz Shahid Dastghaib International Airport,沙希德·阿亞圖拉·達斯特蓋卜國際機場
SZA,Soyo Airport,索約機場
SZB,Sultan Abdul Aziz Shah International Airport,蘇丹阿都阿茲沙機場
SZF,Samsun Carsamba Airport,薩姆松恰爾尚巴機場
SZG,Salzburg Airport,薩爾茨堡機場
SZH,Shuozhou Zirun Airport,朔州滋潤機場
SZJ,Siguanea Airport,西瓜內阿機場
SZK,Skukuza Airport,斯庫庫扎機場
SZL,Whiteman Afb Airport,懷特曼空軍基地
SZM,Sesriem Airstrip,塞斯瑞姆簡易機場
SZP,Santa Paula Airport,聖保拉機場
SZS,Ryans Creek Aerodrome,賴恩斯克裡克機場
SZT,San Cristobal De Las Casas Airport,聖克里斯多福-德拉斯卡薩斯機場
SZV,Guangfu Airport,蘇州光福機場
SZW,Schwerin Parchim Airport,什未林帕爾希姆機場
SZX,Shenzhen Bao'an International Airport,深圳寶安國際機場
SZY,Olsztyn-Mazury Airport,奧爾什丁-馬祖裡機場
SZZ,Szczecin-Goleniow Solidarność Airport,什切青-戈穆尼斯瓦夫·團結機場
TAB,Tobago-Crown Point Airport,多巴哥克勞恩波特機場
TAC,Daniel Z. Romualdez Airport,丹尼爾·Z·羅穆亞爾德斯機場
TAD,Perry Stokes Airport,佩里斯托克斯機場
TAE,Daegu Airport,大邱國際機場
TAF,Tafaraoui Airport,塔法勞伊機場
TAG,Panglao Bohol International Airport,保和-邦勞國際機場
TAH,Tanna Airport,塔納機場
TAI,Ta'izz International Airport,塔伊茲國際機場
TAJ,Tadji Airport,塔吉機場
TAK,Takamatsu Airport,高松機場
TAL,Ralph M Calhoun Memorial Airport,拉爾夫·M·卡爾霍恩紀念機場
TAM,General Francisco Javier Mina International Airport,弗朗西斯科·哈維爾·米納將軍國際機場
TAN,Tangalooma Airport,唐加魯馬機場
TAO,Qingdao/Jiaodong Airport,青島流亭國際機場
TAP,Tapachula International Airport,塔帕丘拉國際機場
TAQ,Tarcoola Airport,塔庫拉機場
TAR,Taranto / Grottaglie Airport,塔蘭託/格羅塔列機場
TAS,Tashkent International Airport,塔什干國際機場
TAT,Poprad-Tatry Airport,波普拉德-塔特拉機場
TAU,Tauramena Airport,陶拉梅納機場
TAW,Tacuarembo Airport,塔誇倫博機場
TAX,Taliabu Island Airport,塔利亞布島機場
TAY,Tartu Airport,塔爾圖機場
TAZ,Dashoguz Airport,達沙古茲機場
TBB,Dong Tac Airport,綏和機場
TBC,Tuba City Airport,圖巴城機場
TBF,Tabiteuea North Airport,北塔位元韋阿機場
TBG,Tabubil Airport,塔布比爾機場
TBH,Romblon Airport,龍布隆機場
TBI,New Bight Airport,新拜特機場
TBJ,Tabarka 7 Novembre Airport,塔巴卡11月7日機場
TBK,Timber Creek Airport,廷伯克裡克機場
TBL,Tableland Homestead Airport,臺地農莊機場
TBN,Waynesville-St Robert Regional Forney Field,韋恩斯維爾-聖羅伯特區域福尼機場
TBO,Tabora Airport,塔波拉機場
TBP,Capitan FAP Pedro Canga Rodriguez Airport,佩德羅·坎加·羅德里格斯上尉機場
TBR,Statesboro-Bulloch County Airport,斯泰茨伯勒-布洛克縣機場
TBS,Tbilisi International Airport,第比利斯國際機場
TBT,Tabatinga Airport,塔巴廷加機場
TBU,Fua'amotu International Airport,富阿阿莫圖國際機場
TBW,Donskoye Airport,頓斯科耶機場
TBY,Tshabong Airport,齊沙博機場
TBZ,Tabriz International Airport,大不里士沙希德邁達尼國際機場
TCA,Tennant Creek Airport,滕南特克里克機場
TCB,Treasure Cay Airport,金銀島機場
TCC,Tucumcari Municipal Airport,圖克姆卡里市立機場
TCE,Tulcea Airport,圖爾恰機場
TCG,Tacheng Airport,塔城千泉機場
TCH,Tchibanga Airport,奇班加機場
TCL,Tuscaloosa Ntl Airport,塔斯卡盧薩國家機場
TCM,Mcchord Field (Joint Base Lewis-Mcchord) Airport,麥科德機場（路易斯-麥科德聯合基地）
TCN,Tehuacan Airport,德瓦坎機場
TCP,Taba International Airport,塔巴國際機場
TCQ,Coronel FAP Carlos Ciriani Santa Rosa International Airport,上校 FAP 卡洛斯希裡安聖羅莎國際機場
TCR,Tuticorin Southwest Airport,杜蒂戈林西南機場
TCS,Truth Or Consequences Municipal Airport,特魯斯奧夫康西昆斯市立機場
TCT,Takotna Airport,塔科特納機場
TCU,Thaba Nchu Tar Airport,塔巴恩楚瀝青機場
TCV,Torch Cay Airport,火炬礁機場
TCW,Tocumwal Airport,託庫姆瓦爾機場
TCX,Tabas Airport,塔巴斯機場
TCZ,Tengchong Tuofeng Airport,騰衝駝峰機場
TDA,Trinidad Airport,特立尼達機場
TDD,Teniente Av. Jorge Henrich Arauz Airport,中尉飛行員豪爾赫亨裡奇阿勞斯機場
TDG,Tandag Airport,唐達格機場
TDJ,Tadjoura Airport,塔朱拉機場
TDK,Taldykorgan Airport,塔爾德庫爾幹機場
TDL,Heroes De Malvinas Airport,馬爾維納斯英雄機場
TDN,Theda Station Airport,西達站機場
TDO,Ed Carlson Memorial Field/South Lewis County Airport,埃德卡爾森紀念機場/南劉易斯縣機場
TDP,Trompeteros Airport,特龍佩特羅斯機場
TDR,Theodore Airport,西奧多機場
TDS,Sasereme Airport,薩瑟雷梅機場
TDT,Tanda Tula Airport,坦達圖拉機場
TDV,Samangoky Airport,薩曼戈基機場
TDW,Tradewind Airport,貿易風機場
TDX,Trat Airport,桐艾機場
TDZ,Toledo Executive Airport,託萊多行政機場
TEA,Tela Airport,特拉機場
TEB,Teterboro Airport,泰特伯勒機場
TEC,Telemaco Borba Airport,特萊馬科博爾巴機場
TED,Thisted Airport,齊斯泰茲機場
TEE,Cheikh Larbi Tebessi Airport,謝赫拉爾比泰貝西機場
TEF,Telfer Airport,特爾弗機場
TEG,Tenkodogo Airport,滕科多戈機場
TEH,Tetlin Airport,泰特林機場
TEI,Tezu Airport,泰祖機場
TEK,Tatitlek Airport,塔蒂特萊克機場
TEL,Telupid Airport,特魯皮德機場
TEM,Temora Airport,特莫拉機場
TEN,Tongren Fenghuang Airport,銅仁鳳凰機場
TEQ,Tekirdag Corlu Airport,泰基爾達喬爾盧機場
TER,Lajes Field,拉日什空軍基地
TES,Teseney Airport,特塞內機場
TET,Chingozi Airport,欽戈茲伊機場
TEU,Manapouri Airport,馬納普里機場
TEV,Teruel Airport,特魯埃爾機場
TEX,Telluride Regional Airport,特柳賴德區域機場
TEY,Þingeyri (Thingeyri) Airport,辛格韋裡機場
TEZ,Tezpur Airport,提斯浦爾機場
TFF,Tefe Airport,特費機場
TFI,Tufi Airport,圖菲機場
TFL,Juscelino Kubitscheck Airport,儒塞利諾庫比契克機場
TFM,Telefomin Airport,特萊福明機場
TFN,Tenerife Norte Airport,特內裡費北部機場
TFS,Tenerife South Airport,特內裡費南部機場
TFT,Taftan Airport,塔夫坦機場
TFU,Chengdu/Tianfu Airport,成都天府國際機場
TGA,Tengah Air Base,登加空軍基地
TGC,Tanjung Manis Airport,丹絨馬尼斯機場
TGD,Podgorica Airport,波德戈裡察國際機場
TGG,Sultan Mahmud Airport,蘇丹馬慕國際機場
TGH,Tongoa Island Airport,通戈亞島機場
TGI,Tingo Maria Airport,廷戈馬裡亞機場
TGJ,Tiga Airport,蒂加機場
TGK,Taganrog Yuzhny Airport,塔甘羅格南方機場
TGM,Transilvania Targu Mures International Airport,特蘭 silvest 塔爾古穆列什國際機場
TGN,Latrobe Valley Airport,拉特羅布河谷機場
TGO,Tongliao Airport,通遼機場
TGP,Podkamennaya Tunguska Airport,波德卡緬納亞通古斯卡機場
TGQ,Tangara da Serra Airport,塞拉達坦加拉機場
TGR,Touggourt Sidi Madhi Airport,圖古爾特西迪馬迪機場
TGT,Tanga Airport,坦加機場
TGU,Toncontin International Airport,通孔廷國際機場
TGZ,Angel Albino Corzo International Airport,安赫爾·阿爾比諾·科爾索國際機場
THA,Tullahoma Regional/Wm Northern Field,塔拉哈馬區域／威廉諾森機場
THB,Thaba-Tseka Airport,塔巴採卡機場
THC,Tchien Airport,奇恩機場
THD,Thọ Xuân Airport,壽春機場
THE,Senador Petronio Portela Airport,參議員佩特羅尼奧波特拉機場
THI,Tichitt Airport,提希特機場
THK,Thakhek Airport,塔凱庫機場
THL,Tachileik Airport,大其力機場
THM,Thompson Falls Airport,湯普森福爾斯機場
THN,Trollhattan-Vanersborg Airport,特羅爾海坦-維納什堡機場
THO,Þórshöfn (Thorshofn) Airport,索爾斯霍芬機場
THP,Hot Springs County Airport,熱泉郡機場
THQ,Tianshui Maijishan Airport,天水麥積山機場
THR,Mehrabad International Airport,梅赫拉巴德國際機場
THS,Sukhothai Airport,素可泰機場
THT,Tamchakett Airport,坦恰凱特機場
THU,Thule Air Base,圖勒空軍基地
THV,York Airport,約克機場
THX,Turukhansk Airport,圖魯漢斯克機場
THY,Thohoyandou Airport,託霍揚杜機場
THZ,Tahoua Airport,塔瓦阿機場
TIA,Tirana International Airport Mother Teresa,地拉那特蕾莎修女國際機場
TIB,Tibu Airport,蒂布機場
TID,Bou Chekif Airport,布切基夫機場
TIE,Tippi Airport,蒂皮機場
TIF,Taif Airport,塔伊夫機場
TIH,Tikehau Airport,蒂凱豪機場
TII,Tarin Kowt Airport,塔林科特機場
TIJ,General Abelardo L. Rodriguez International Airport,蒂華納國際機場
TIK,Tinker Afb Airport,廷克空軍基地機場
TIM,Moses Kilangin Airport,莫澤什吉朗因國際機場
TIN,Tindouf Airport,廷杜夫機場
TIO,Tilin Airport,蒂林機場
TIP,Tripoli International Airport,的黎波里國際機場
TIQ,Francisco Manglona Borja/Tinian International Airport,天寧機場
TIR,Tirupati Airport,蒂魯帕蒂機場
TIU,Timaru Airport,蒂馬魯機場
TIV,Tivat Airport,蒂瓦特機場
TIW,Tacoma Narrows Airport,塔科馬海峽機場
TIX,Space Coast Regional Airport,太空海岸區域機場
TIY,Tidjikja Airport,提吉克賈機場
TIZ,Tari Airport,塔裡機場
TJA,Capitan Oriel Lea Plaza Airport,奧裡埃爾·利亞普拉薩上尉機場
TJB,Tanjung Balai Airport,拉賈·哈吉·阿卜杜拉機場
TJG,Warukin Airport,瓦魯金機場
TJH,Tajima Airport,但馬飛行場
TJI,Trujillo Airport,特魯希略機場
TJK,Tokat Airport,託卡特機場
TJL,Plinio Alarcom Airport,普利尼奧阿拉爾孔機場
TJM,Roshchino International Airport,羅申科國際機場
TJN,Takume Airport,塔庫梅機場
TJQ,Buluh Tumbang (H A S Hanandjoeddin) Airport,H.A.S.哈南柔丁國際機場
TJS,Tanjung Harapan Airport,丹戎哈拉潘機場
TJU,Kulob Airport,庫洛布機場
TJV,Tanjore Air Force Base,坦賈武爾空軍基地
TKA,Talkeetna Airport,塔爾基特納機場
TKC,Tiko Airport,蒂科機場
TKD,Takoradi Airport,塔科拉迪機場
TKF,Truckee-Tahoe Airport,特拉基-塔霍機場
TKG,Radin Inten II (Branti) Airport,拉丁·因滕二世國際機場
TKH,Takhli Airport,塔克利機場
TKJ,Tok Junction Airport,托克交匯處機場
TKK,Chuuk International Airport,楚克國際機場
TKN,Tokunoshima Airport,德之島機場
TKO,Tlokoeng Airport,特洛科恩機場
TKP,Takapoto Airport,塔卡波託機場
TKQ,Kigoma Airport,基戈馬機場
TKS,Tokushima Airport,德島機場
TKT,Tak Airport,達克機場
TKU,Turku Airport,圖爾庫機場
TKV,Tatakoto Airport,塔塔科託機場
TKW,Tekin Airport,泰金機場
TKX,Takaroa Airport,塔卡羅阿機場
TKY,Turkey Creek Airport,土耳其克里克機場
TKZ,Tokoroa Airfield,託科羅阿機場
TLA,Teller Airport,泰勒機場
TLB,Tarbela Dam Airport,塔貝拉水壩機場
TLC,Licenciado Adolfo Lopez Mateos International Airport,利森特多·阿道夫·洛佩斯·馬特奧斯國際機場
TLD,Limpopo Valley Airport,林波波谷機場
TLE,Toliara Airport,圖利亞拉機場
TLF,Telida Airport,特利達機場
TLH,Tallahassee International Airport,塔拉哈西國際機場
TLI,Toli Toli Airport,蘇丹巴蒂蘭機場
TLJ,Tatalina Lrrs Airport,塔塔利納遠端雷達站機場
TLK,Talakan Airport,塔拉康機場
TLL,Tallinn Airport,塔林機場
TLM,Zenata – Messali El Hadj Airport,澤納塔-梅薩利·埃爾·哈奇機場
TLN,Toulon-Hyeres Airport,土倫-耶爾機場
TLQ,Turpan Jiaohe Airport,吐魯番交河機場
TLR,Mefford Field,梅福德機場
TLS,Toulouse-Blagnac Airport,圖盧茲-布拉尼亞克機場
TLT,Tuluksak Airport,圖盧克薩克機場
TLU,Tolu Airport,託盧機場
TLV,Ben Gurion International Airport,本-古裡安國際機場
TLX,Panguilemo Airport,潘吉勒莫機場
TLY,Plastun Airport,普拉斯圖恩機場
TLZ,Catalao Airport,卡塔朗機場
TMA,Henry Tift Myers Airport,亨利·蒂夫特·邁爾斯機場
TMB,Miami Executive Airport,邁阿密行政機場
TMC,Tambolaka Airport,坦波拉卡機場
TMD,Timbedra Airport,廷貝德拉機場
TME,Gustavo Vargas Airport,古斯塔沃·巴加斯機場
TMF,Thimarafushi Airport,蒂馬拉富什機場
TMG,Tomanggong Airport,託曼貢機場
TMH,Tanah Merah Airport,塔納默拉機場
TMI,Tumling Tar Airport,圖姆靈塔爾機場
TMJ,Termez Airport,泰爾梅茲機場
TML,Tamale Airport,塔馬利機場
TMM,Toamasina Airport,圖阿馬西納機場
TMN,Tamana Island Airport,塔馬納島機場
TMO,Tumeremo Airport,圖梅雷莫機場
TMP,Tampere-Pirkkala Airport,坦佩雷-皮克卡拉機場
TMQ,Tambao Airport,坦巴奧機場
TMR,Aguenar – Hadj Bey Akhamok Airport,阿格納爾-哈吉·貝·阿卡莫克機場
TMS,Sao Tome International Airport,聖多美國際機場
TMT,Trombetas Airport,特龍貝塔斯機場
TMU,Tambor Airport,坦博爾機場
TMW,Tamworth Airport,塔姆沃思機場
TMX,Timimoun Airport,蒂米蒙機場
TMZ,Thames Aerodrome,泰晤士機場
TNA,Yaoqiang Airport,濟南遙牆國際機場
TNB,Tanah Grogot Airport,丹那格羅哥機場
TNC,Tin City Lrrs Airport,汀城LRRS機場
TND,Alberto Delgado Airport,阿爾貝託·德爾加多機場
TNE,New Tanegashima Airport,種子島機場
TNF,Toussus-le-Noble Airport,圖敘勒諾布勒機場
TNG,Ibn Batouta Airport,伊本·白圖泰機場
TNH,Tonghua Sanyuanpu Airport,通化三源浦機場
TNI,Satna Airport,薩特納機場
TNJ,Kijang Airport,拉賈·哈吉·斐薩比里拉國際機場
TNK,Tununak Airport,圖納納克機場
TNL,Ternopil International Airport,特諾皮爾機場
TNM,Teniente Rodolfo Marsh Martin Base,中尉魯道夫·馬什·馬丁基地
TNN,Tainan Airport,臺南機場
TNO,Tamarindo De Santa Cruz Airport,聖克魯斯塔馬林多機場
TNP,Twentynine Palms Airport,二十九棕櫚村機場
TNR,Ivato Airport,伊瓦圖國際機場
TNT,Dade-Collier Training And Transition Airport,戴德-科利爾訓練與過渡機場
TNU,Newton Municipal-Earl Johnson Field,牛頓市立厄爾強森機場
TNV,Tabuaeran Island Airport,塔布阿埃蘭島機場
TNZ,Tosontsengel Airport,託索恩琴格爾機場
TOA,Zamperini Field,贊佩里尼機場
TOB,Gamal Abdel Nasser Airport,賈邁勒·阿卜杜勒·納賽爾機場
TOC,Toccoa Rg Letourneau Field,託科阿RG勒圖爾諾機場
TOD,Pulau Tioman Airport,刁曼國際機場
TOE,Tozeur Nefta International Airport,託澤爾-內夫塔國際機場
TOF,Bogashevo Airport,柏加謝沃機場
TOG,Togiak Airport,託吉亞克機場
TOH,Torres Airstrip,託雷斯簡易機場
TOI,Troy Municipal At N Kenneth Campbell Field,特洛伊市立N·肯尼斯·坎貝爾機場
TOJ,Torrejon Airport,託雷洪機場
TOL,Eugene F Kranz Toledo Express Airport,尤金·F·克蘭茲託萊多快運機場
TOM,Timbuktu Airport,廷巴克圖機場
TOO,San Vito De Java Airport,聖維託德哈瓦機場
TOP,Philip Billard Municipal Airport,菲利普·比拉德市立機場
TOQ,Barriles Airport,巴里萊斯機場
TOR,Torrington Municipal Airport,託林頓市立機場
TOS,Tromsø Airport,特羅姆瑟機場
TOT,Totness Airport,托特內斯機場
TOU,Touho Airport,圖霍機場
TOW,Toledo Airport,託萊多機場
TOX,Tobolsk Airport,託博爾斯克機場
TOY,Toyama Airport,富山機場
TPA,Tampa International Airport,坦帕國際機場
TPC,Tarapoa Airport,塔拉波阿機場
TPE,Taiwan Taoyuan International Airport,臺灣桃園國際機場
TPF,Peter O Knight Airport,彼得·O·奈特機場
TPG,Taiping (Tekah) Airport,太平（德卡）機場
TPH,Tonopah Airport,託諾帕機場
TPI,Tapini Airport,塔皮尼機場
TPJ,Suketar Airport,達布萊宗機場
TPK,Teuku Cut Ali Airport,東姑·烏馬·阿里機場
TPL,Draughon-Miller Central Texas Regional Airport,德勞霍恩-米勒中德克薩斯區域機場
TPN,Tiputini Airport,蒂普蒂尼機場
TPP,Cadete FAP Guillermo Del Castillo Paredes Airport,吉列爾莫·德爾卡斯蒂略帕雷德斯空軍學員機場
TPQ,Amado Nervo National Airport,阿馬多·內爾沃國家機場
TPR,Tom Price Airport,湯姆普賴斯機場
TPS,Trapani / Birgi Airport,特拉帕尼/比爾吉機場
TPU,Tikapur Airport,蒂卡普爾機場
TQD,Al Taqaddum Air Base,塔卡杜姆空軍基地
TQL,Tarko-Sale Airport,塔爾科薩列機場
TQN,Talolqan Airport,塔洛坎機場
TQO,Felipe Carrillo Puerto International Airport,費利佩·卡里略·普埃爾託國際機場
TQP,Trepell Airport,特雷佩爾機場
TQQ,Maranggo Airport,馬朗戈機場
TQS,Tres Esquinas Air Base,特雷斯埃斯基納斯空軍基地
TRA,Tarama Airport,多良間機場
TRB,Gonzalo Mejia Airport,貢薩洛梅希亞機場
TRC,Francisco Sarabia International Airport,弗朗西斯科薩拉比亞國際機場
TRD,Trondheim Airport Vaernes,特隆赫姆韋爾內斯機場
TRE,Tiree Airport,蒂裡機場
TRF,Sandefjord Airport Torp,桑訥菲尤爾機場
TRG,Tauranga Airport,陶朗加機場
TRH,Trona Airport,特羅娜機場
TRK,Juwata Airport,朱瓦塔國際機場
TRL,Terrell Municipal Airport,特雷爾市立機場
TRM,Jacqueline Cochran Regional Airport,傑奎琳科克倫區域機場
TRN,Torino / Caselle International Airport,杜林機場
TRO,Taree Airport,塔裡機場
TRQ,Tarauaca Airport,塔拉瓦卡機場
TRR,China-Bay Airport,中國灣機場
TRS,Trieste / Ronchi Dei Legionari,第裡雅斯特／隆基代萊吉奧納裡機場
TRU,Capitan FAP Carlos Martinez De Pinillos International Airport,卡皮坦FAP卡洛斯馬丁內斯德皮尼略斯國際機場
TRV,Trivandrum International Airport,特里凡得琅國際機場
TRW,Bonriki International Airport,邦裡基國際機場
TRX,Trenton Municipal Airport,特倫頓市立機場
TRY,Tororo Airport,託羅羅機場
TRZ,Tiruchirapally Civil Airport Airport,蒂魯吉拉帕利國際機場
TSA,Taipei Songshan Airport,臺北松山機場
TSB,Tsumeb Airport,楚梅布機場
TSC,Taisha Airport,泰沙機場
TSF,Treviso / Sant'Angelo Airport,特雷維索／聖安傑洛機場
TSG,Tanacross Airport,塔納克羅斯機場
TSH,Tshikapa Airport,齊卡帕機場
TSJ,Tsushima Airport,對馬機場
TSL,Tamuin Airport,塔穆因機場
TSM,Taos Regional Airport,陶斯區域機場
TSN,Tianjin Binhai International Airport,天津濱海國際機場
TSP,Tehachapi Municipal Airport,特哈查皮市立機場
TSQ,Torres Airport,託雷斯機場
TSR,Timisoara Traian Vuia Airport,蒂米什瓦拉圖拉伊安武伊亞機場
TST,Trang Airport,董裡機場
TSU,Tabiteuea South Airport,南塔位元韋阿機場
TSV,Townsville Airport,湯斯維爾機場
TSX,Tanjung Santan Airport,丹戎桑坦機場
TSY,Cibeureum Airport,威裡亞迪納達空軍基地
TTA,Tan Tan Airport,坦坦機場
TTB,Tortoli' / Arbatax Airport,託爾託利／阿爾巴塔克斯機場
TTC,Las Breas Airport,拉斯佈雷亞斯機場
TTD,Portland-Troutdale Airport,波特蘭楚特代爾機場
TTE,Sultan Khairun Babullah Airport,蘇丹巴布拉機場
TTG,General Enrique Mosconi Airport,恩裡克莫斯科尼將軍機場
TTH,Thumrait Air Base,塞姆裡特空軍基地
TTI,Tetiaroa Airport,蒂蒂阿羅亞機場
TTJ,Tottori Airport,鳥取機場
TTN,Trenton Mercer Airport,特倫頓默瑟機場
TTO,Britton Municipal Airport,布里頓市立機場
TTQ,Aerotortuguero Airport,託圖格羅機場
TTS,Tsaratanana Airport,察拉塔納納機場
TTT,Taitung Airport,臺東機場
TTU,Saniat Rmel Airport,薩尼亞特雷梅爾機場
TTX,Truscott Mungalalu Airport,特拉斯科特蒙加拉盧機場
TUA,Teniente Coronel Luis a Mantilla Airport,路易斯A曼蒂拉中校機場
TUB,Tubuai Airport,圖布艾機場
TUC,Teniente Benjamin Matienzo Airport,本傑明馬蒂恩索中尉機場
TUD,Tambacounda Airport,坦巴昆達機場
TUF,Tours-Val-de-Loire Airport,圖爾盧瓦爾河谷機場
TUG,Tuguegarao Airport,土格加勞機場
TUI,Turaif Domestic Airport,圖賴夫國內機場
TUJ,Tume Airport,圖梅機場
TUK,Turbat International Airport,圖爾巴特國際機場
TUL,Tulsa International Airport,塔爾薩國際機場
TUM,Tumut Airport,圖穆特機場
TUN,Tunis Carthage International Airport,突尼西亞-迦太基國際機場
TUO,Taupo Airport,陶波機場
TUP,Tupelo Regional Airport,圖珀洛區域機場
TUQ,Tougan Airport,圖岡機場
TUR,Tucurui Airport,相簿魯伊機場
TUS,Tucson International Airport,圖森國際機場
TUU,Tabuk Airport,塔布克機場
TUV,Tucupita Airport,相簿皮塔機場
TVA,Morafenobe Airport,莫拉費諾貝機場
TVC,Cherry Capital Airport,櫻桃首都機場
TVF,Thief River Falls Regional Airport,錫夫裡弗福爾斯區域機場
TVI,Thomasville Regional Airport,託馬斯維爾區域機場
TVL,Lake Tahoe Airport,太浩湖機場
TVS,Tangshan Sannühe Airport,唐山三女河機場
TVU,Matei Airport,馬泰機場
TVY,Dawei Airport,土瓦機場
TWA,Twin Hills Airport,雙山機場
TWB,Toowoomba Airport,圖文巴機場
TWC,Tumxuk Tangwangcheng Airport,圖木舒克唐王城機場
TWD,Jefferson County International Airport,傑佛遜郡國際機場
TWE,Taylor Airport,泰勒機場
TWF,Joslin Field/Magic Valley Regional Airport,喬斯林機場／魔法山谷區域機場
TWU,Tawau Airport,鬥湖機場
TWZ,Pukaki Airport,普卡基機場
TXF,Teixeira de Freitas Airport,特謝拉德弗雷塔斯機場
TXG,Taichung Airport,臺中機場
TXK,Texarkana Regional-Webb Field,德克薩卡納區域韋布機場
TXL,Berlin-Tegel International Airport,柏林-泰格爾奧託·利林塔爾機場
TXM,Teminabuan Airport,特米納布安機場
TXN,Tunxi International Airport,黃山屯溪國際機場
TXU,Tabou Airport,塔布機場
TYB,Tibooburra Airport,蒂布布拉機場
TYD,Tynda Airport,滕達機場
TYE,Tyonek Airport,泰奧內克機場
TYF,Torsby Airport,託斯比機場
TYG,Thylungra Airport,蒂倫格拉機場
TYL,Capitan Montes Airport,蒙特斯上尉機場
TYM,Staniel Cay Airport,斯坦iel礁機場
TYN,Taiyuan Wusu Airport,太原武宿國際機場
TYP,Tobermorey Airport,託伯莫里機場
TYR,Tyler Pounds Regional Airport,泰勒龐茲區域機場
TYS,Mc Ghee Tyson Airport,麥基泰森機場
TYT,Treinta y Tres Airport,三十三人機場
TZC,Tuscola Area Airport,塔斯哥拉地區機場
TZL,Tuzla International Airport,圖茲拉國際機場
TZR,Taszar Air Base,塔薩爾空軍基地
TZX,Trabzon International Airport,特拉布宗機場
UAB,Incirlik Air Base,因吉利克空軍基地
UAH,Ua Huka Airport,瓦烏卡機場
UAI,Suai Airport,蘇艾機場
UAK,Narsarsuaq Airport,納薩爾蘇瓦克機場
UAL,Luau Airport,盧奧機場
UAM,Andersen Afb Airport,安德森空軍基地
UAP,Ua Pou Airport,瓦普機場
UAQ,Domingo Faustino Sarmiento Airport,多明戈·福斯蒂諾·薩爾米恩託機場
UAR,Bouarfa Airport,布阿爾法機場
UAS,Samburu South Airport,桑布魯南部機場
UBA,Mario de Almeida Franco Airport,馬裡奧·德·阿爾梅達·弗朗哥機場
UBB,Mabuiag Island Airport,馬布尤格島機場
UBJ,Yamaguchi Ube Airport,山口宇部機場
UBN,Chinggis Khaan International Airport,成吉思汗國際機場
UBP,Ubon Ratchathani Airport,烏汶國際機場
UBR,Ubrub Airport,烏布魯布機場
UBS,Columbus-Lowndes County Airport,哥倫布-朗茲郡機場
UBT,Ubatuba Airport,烏巴圖巴機場
UBU,Kalumburu Airport,卡倫布魯機場
UCB,Ulanqab Jining Airport,烏蘭察布集寧機場
UCE,Eunice Airport,尤尼斯機場
UCK,Lutsk Airport,盧茨克機場
UCN,Buchanan Airport,布坎南機場
UCT,Ukhta Airport,烏赫塔機場
UCY,Everett-Stewart Regional Airport,埃弗雷特-斯圖爾特區域機場
UCZ,Uchiza Airport,烏奇扎機場
UDA,Undara Airport,翁達拉機場
UDD,Bermuda Dunes Airport,百慕達沙丘機場
UDE,Volkel Air Base,伏爾克空軍基地
UDI,Ten. Cel. Aviador Cesar Bombonato Airport,瑟薩爾·邦博納託中校飛行員機場
UDJ,Uzhhorod International Airport,烏日霍羅德國際機場
UDR,Maharana Pratap Airport,馬哈拉納·普拉塔普機場
UEE,Queenstown Airport,皇后鎮機場
UEL,Quelimane Airport,克利馬內機場
UEN,Urengoy Airport,烏連戈伊機場
UEO,Kumejima Airport,久米島機場
UES,Waukesha County Airport,沃基肖郡機場
UET,Quetta International Airport,奎達國際機場
UFA,Ufa International Airport,烏法國際機場
UGA,Bulgan Airport,布林幹機場
UGB,Ugashik Bay Airport,烏加希克灣機場
UGC,Urgench Airport,烏爾根奇國際機場
UGL,Union Glacier Blue-Ice Runway,聯合冰川藍冰跑道
UGN,Waukegan Ntl Airport,沃克岡國家機場
UGO,Uige Airport,威熱機場
UGS,Ugashik Airport,烏加希克機場
UGT,Bulagtai Resort Airport,布拉格泰度假村機場
UHE,Kunovice Airport,庫諾維採機場
UIB,El Carano Airport,埃爾卡拉尼奧機場
UIH,Phu Cat Airport,符吉機場
UII,Utila Airport,烏蒂拉機場
UIK,Ust-Ilimsk Airport,烏斯季伊利姆斯克機場
UIL,Quillayute Airport,奎拉尤特機場
UIN,Quincy Regional-Baldwin Field,昆西區域-鮑德溫機場
UIO,Nuevo Aeropuerto Internacional Mariscal Sucre,舊蘇克雷元帥國際機場
UIP,Quimper-Cornouaille Airport,坎佩爾機場
UIQ,Quion Hill Airport,奎恩希爾機場
UIR,Quirindi Airport,奎林迪機場
UKA,Ukunda Airstrip,烏昆達簡易機場
UKB,Kobe Airport,神戶機場
UKG,Ust-Kuyga Airport,烏斯季庫伊加機場
UKI,Ukiah Municipal Airport,尤凱亞市立機場
UKK,Ust-Kamennogorsk Airport,厄斯克門機場
UKN,Waukon Municipal Airport,沃康市立機場
UKS,Sevastopol International Airport,塞瓦斯托波爾國際機場
UKT,Quakertown Airport,奎克敦機場
UKU,Nuku Airport,努庫機場
UKX,Ust-Kut Airport,烏斯季庫特機場
ULA,Capitan D Daniel Vazquez Airport,丹尼爾·瓦斯克斯上尉機場
ULB,Ulei Airport,烏萊機場
ULD,Prince Mangosuthu Buthelezi Airport,曼戈蘇圖·布特勒齊親王機場
ULG,Ulgii Mongolei Airport,烏列蓋機場
ULK,Lensk Airport,連斯克機場
ULM,New Ulm Municipal Airport,新烏爾姆市立機場
ULN,Buyant-Ukhaa International Airport,布顏特·烏卡哈國際機場
ULO,Ulaangom Airport,烏蘭固木機場
ULP,Quilpie Airport,奎爾皮機場
ULQ,Farfan Airport,法爾凡機場
ULU,Gulu Airport,古盧機場
ULV,Ulyanovsk Baratayevka Airport,烏裡揚諾夫斯克巴拉塔耶夫卡機場
ULX,Ulusaba Airport,烏盧薩巴機場
ULY,Ulyanovsk East Airport,烏裡揚諾夫斯克東方機場
UMA,Punta de Maisi Airport,邁西角機場
UME,Umea Airport,於默奧機場
UMI,Quince Air Base,昆斯空軍基地
UMM,Summit Airport,薩米特機場
UMR,Woomera Airfield,烏默拉機場
UMS,Ust-Maya Airport,烏斯季馬亞機場
UMT,Umiat Airport,烏米亞特機場
UMU,Umuarama Airport,烏穆阿拉馬機場
UMY,Sumy Airport,蘇梅機場 (烏克蘭)
UMZ,Mena Intermountain Municipal Airport,梅納山際市立機場
UNA,Hotel Transamerica Airport,特蘭薩默裡卡飯店機場
UND,Konduz Airport,昆都士機場
UNE,Qacha's Nek Airport,卡查斯內克機場
UNG,Kiunga Airport,基永加機場
UNI,Union Island International Airport,聯合島國際機場
UNK,Unalakleet Airport,烏納拉克利特機場
UNN,Ranong Airport,拉廊機場
UNT,Unst Airport,安斯特機場
UNU,Dodge County Airport,道格縣機場
UOA,Mururoa Atoll Airport,穆魯羅亞環礁機場
UOL,Buol Airport,布奧爾機場
UOS,Franklin County Airport,富蘭克林縣機場
UOX,University-Oxford Airport,大學牛津機場
UPB,Playa Baracoa Airport,巴拉科阿海灘機場
UPG,Hasanuddin International Airport,蘇丹哈山努丁國際機場
UPL,Upala Airport,烏帕拉機場
UPN,Licenciado y General Ignacio Lopez Rayon Airport,特許兼將軍伊格納西奧·洛佩斯·拉永機場
UPP,Upolu Airport,烏波盧機場
UPV,Upavon Aerodrome,烏帕文飛行場
URA,Oral Ak Zhol International Airport,烏拉爾阿克若爾國際機場
URC,Urumqi Diwopu International Airport,烏魯木齊天山國際機場
URD,Burg Feuerstein Airport,福埃爾施泰因城堡機場
URE,Kuressaare Airport,庫雷薩雷機場
URG,Rubem Berta Airport,魯本貝爾塔機場
URJ,Uray Airport,烏賴機場
URM,Uriman Airport,烏裡曼機場
URO,Rouen Airport,魯昂機場
URR,Urrao Airport,烏拉奧機場
URS,Kursk East Airport,庫爾斯克東方機場
URT,Surat Thani Airport,素叻他尼國際機場
URY,Guriat Domestic Airport,古裡亞特國內機場
USA,Concord-Padgett Regional Airport,康科德-帕杰特區域機場
USC,"Union County, Troy Shelton Field",聯合縣特洛伊謝爾頓機場
USH,Malvinas Argentinas Airport,烏蘇懷亞-馬爾維納斯國際機場
USI,Mabaruma Airport,馬巴魯馬機場
USJ,Usharal Airport,烏沙拉爾機場
USK,Usinsk Airport,烏辛斯克機場
USL,Useless Loop Airport,無用灣機場
USM,Samui Airport,蘇梅國際機場
USN,Ulsan Airport,蔚山機場
USQ,Uşak Airport,烏沙克機場
USR,Ust-Nera Airport,烏斯季涅拉機場
USS,Sancti Spiritus Airport,聖斯皮裡圖斯機場
UST,St Augustine Airport,聖奧古斯丁機場
USU,Francisco B. Reyes Airport,弗朗西斯科·B·雷耶斯機場
UTA,Mutare Airport,穆塔雷機場
UTB,Muttaburra Airport,穆塔布拉機場
UTG,Quthing Airport,基廷機場
UTH,Udon Thani Airport,烏隆他尼國際機場
UTI,Utti Air Base,烏蒂機場
UTM,Tunica Municipal Airport,蒂尼卡市立機場
UTN,Pierre Van Ryneveld Airport,烏平通機場
UTO,Indian Mountain Lrrs Airport,印第安山遠端雷達站機場
UTP,U-Tapao International Airport,烏塔保國際機場
UTR,Uttaradit Airport,烏達拉迪機場
UTS,Ust-Tsylma Airport,烏斯季齊爾馬機場
UTT,K. D. Matanzima Airport,K·D·馬坦齊馬機場
UUA,Bugulma Airport,布古爾馬機場
UUD,Ulan-Ude Airport (Mukhino),烏蘭烏德機場 (穆希諾)
UUK,Ugnu-Kuparuk Airport,烏格努庫帕魯克機場
UUN,Baruun Urt Airport,西烏爾特機場
UUS,Yuzhno-Sakhalinsk Airport,南薩哈林斯克機場
UVA,Garner Field,迦納爾機場
UVE,Ouvea Airport,烏韋阿機場
UVF,Hewanorra International Airport,赫瓦諾拉國際機場
UVL,El Kharga Airport,新瓦底機場
UWA,Ware Airport,威爾機場
UYL,Nyala Airport,尼亞拉機場
UYN,Yulin Airport,榆林榆陽機場
UYU,Uyuni Airport,烏尤尼機場
UZC,Ponikve Airport,波尼克韋機場
UZU,Curuzu Cuatia Airport,庫魯蘇庫阿蒂亞機場
VAA,Vaasa Airport,瓦薩機場
VAC,Varrelbusch Airport,法勒佈施機場
VAD,Moody Afb Airport,穆迪空軍基地
VAF,Valence-Chabeuil Airport,瓦朗斯-沙比伊機場
VAG,Major Brigadeiro Trompowsky Airport,布里加代羅特隆波夫斯基少校機場
VAH,Capitan Av. Vidal Villagomez Toledo Airport,維達爾維拉戈梅斯托萊多上尉機場
VAI,Vanimo Airport,瓦尼莫機場
VAK,Chevak Airport,切瓦克機場
VAL,Valenca Airport,瓦倫薩機場
VAM,Villa International Airport,維拉國際機場
VAN,Van Ferit Melen Airport,凡費裡特梅倫機場
VAO,Suavanao Airport,蘇阿瓦瑙機場
VAP,Rodelillo Airport,羅德利略機場
VAR,Varna Airport,瓦爾納機場
VAS,Sivas Airport,錫瓦斯機場
VAT,Vatomandry Airport,瓦託曼德里機場
VAV,Vava'u International Airport,瓦瓦烏國際機場
VAW,Vardø Airport Svartnes,瓦爾德機場斯瓦特內斯
VBA,Ann Airport,安恩機場
VBG,Vandenberg Space Force Base Airport,范登堡太空軍基地
VBP,Bokpyinn Airport,博片機場
VBS,Brescia / Montichiari Airport,佈雷西亞/蒙蒂基亞裡機場
VBV,Vanua Balavu Airport,瓦努阿巴拉武機場
VBY,Visby Airport,維斯比機場
VCA,Tra Noc Airport,芹苴國際機場
VCD,Victoria River Downs Airport,維多利亞河唐斯機場
VCE,Venezia / Tessera -  Marco Polo Airport,威尼斯-馬可·波羅機場
VCH,Vichadero Airport,比查德羅機場
VCL,Chu Lai International Airport,茱萊機場
VCP,Viracopos International Airport,比拉科波斯/坎皮納斯國際機場
VCR,Carora Airport,卡羅拉機場
VCS,Co Ong Airport,崑崙機場
VCT,Victoria Regional Airport,維多利亞區域機場
VCV,Southern California Logistics Airport,南加州物流機場
VDC,Glauber de Andrade Rocha Airport,格勞伯·德·安德拉德·羅沙機場
VDE,Hierro Airport,耶羅機場
VDH,Dong Hoi Airport,洞海機場
VDI,Vidalia Regional Airport,維達利亞區域機場
VDM,Gobernador Castello Airport,埃德加多·卡斯特羅州長機場
VDO,Van Don International Airport,雲屯國際機場
VDP,Valle de La Pascua Airport,帕斯誇谷機場
VDR,Villa Dolores Airport,多洛雷斯鎮機場
VDS,Vadsø Airport,瓦德瑟機場
VDY,Vijayanagar Aerodrome (JSW),維查亞納加爾機場 (JSW)
VDZ,Valdez Pioneer Field,瓦爾代斯先鋒機場
VEE,Venetie Airport,韋內蒂機場
VEL,Vernal Regional Airport,維納爾區域機場
VER,General Heriberto Jara International Airport,赫裡韋爾託·哈拉將軍國際機場
VEV,Barakoma Airport,巴拉科馬機場
VEX,Tioga Municipal Airport,蒂奧加市立機場
VEY,Vestmannaeyjar Airport,韋斯特曼納埃亞爾機場
VFA,Victoria Falls International Airport,維多利亞瀑布國際機場
VGA,Vijayawada Airport,維傑亞瓦達機場
VGD,Vologda Airport,沃洛格達機場
VGO,Vigo Airport,維戈機場
VGT,North Las Vegas Airport,北拉斯維加斯機場
VGZ,Villagarzon Airport,比拉加爾松機場
VHC,Saurimo Airport,紹裡莫機場
VHM,Vilhelmina Airport,威廉赫爾米娜機場
VHN,Culberson County Airport,卡爾伯森郡機場
VHV,Verkhnevilyuisk Airport,上維利尤伊斯克機場
VHY,Vichy-Charmeil Airport,維希-沙爾梅伊機場
VHZ,Vahitahi Airport,瓦希塔希機場
VIA,Videira Airport,維代拉機場
VIE,Vienna International Airport,維也納國際機場
VIG,Juan Pablo Perez Alfonso Airport,胡安·帕布羅·佩雷斯·阿方索機場
VIH,Rolla Ntl Airport,羅拉國家機場
VII,Vinh Airport,榮市國際機場
VIJ,Virgin Gorda Airport,維爾京戈達機場
VIN,Havryshivka Vinnytsia International Airport,文尼察國際機場
VIP,Payerne Airport,帕耶恩機場
VIQ,Viqueque Airport,維克凱機場
VIR,Virginia Airport,維吉尼亞機場
VIS,Visalia Municipal Airport,維塞利亞市立機場
VIT,Vitoria/Foronda Airport,維多利亞機場
VIX,Eurico de Aguiar Salles Airport,尤里科·德·阿圭爾·薩利斯機場
VIY,Villacoublay-Velizy (BA 107) Air Base,比拉庫布萊-韋利齊空軍基地
VJB,Xai-Xai Airport,賽賽機場
VJI,Virginia Highlands Airport,維吉尼亞高地機場
VKG,Rach Gia Airport,迪石機場
VKO,Vnukovo International Airport,伏努科沃國際機場
VKS,Vicksburg Municipal Airport,維克斯堡市立機場
VKT,Vorkuta Airport,沃爾庫塔機場
VLA,Vandalia Municipal Airport,萬達利亞市立機場
VLC,Valencia Airport,瓦倫西亞機場
VLD,Valdosta Regional Airport,瓦爾多斯塔區域機場
VLE,Valle Airport,瓦勒機場
VLG,Villa Gesell Airport,比拉格塞爾機場
VLI,Port Vila Bauerfield Airport,鮑爾菲爾德國際機場
VLL,Valladolid Airport,巴利亞多利德機場
VLM,Teniente Coronel Rafael Pabon Airport,中校拉斐爾·帕邦機場
VLN,Arturo Michelena International Airport,阿圖羅·米切萊納國際機場
VLO,Vlora Internationa Airport,發羅拉國際機場
VLP,Vila Rica Airport,維拉里卡機場
VLR,Vallenar Airport,瓦列納爾機場
VLS,Valesdir Airport,瓦萊斯迪爾機場
VLU,Velikiye Luki Airport,大盧基機場
VLV,Dr. Antonio Nicolas Briceno Airport,安東尼奧·尼古拉斯·布里塞尼奧博士機場
VME,Villa Reynolds Airport,雷諾茲別墅機場
VMU,Baimuru Airport,拜穆魯機場
VNC,Venice Municipal Airport,威尼斯市立機場
VND,Vangaindrano Airport,萬蓋恩德拉努機場
VNE,Vannes-Meucon Airport,瓦訥-默孔機場
VNO,Vilnius International Airport,維爾紐斯機場
VNR,Vanrook Station Airport,範魯克站機場
VNS,Lal Bahadur Shastri Airport,拉爾·巴哈杜爾·夏astri機場
VNT,Ventspils International Airport,文茨皮爾斯機場
VNX,Vilankulo Airport,維蘭庫洛機場
VNY,Van Nuys Airport,範奈斯機場
VOD,Vodochody Airport,沃多喬迪機場
VOG,Volgograd International Airport,伏爾加格勒國際機場
VOH,Vohimarina Airport,沃希馬裡納機場
VOI,Voinjama Airport,沃因賈馬機場
VOK,Volk Field,沃爾克機場
VOL,Nea Anchialos Airport,新安齊阿洛斯機場
VOT,Votuporanga Airport,沃圖波蘭加機場
VOZ,Voronezh International Airport,沃羅涅日國際機場
VPE,Ngjiva Pereira Airport,恩吉瓦佩雷拉機場
VPN,Vopnafjörður Airport,沃普納菲厄澤機場
VPS,Eglin Afb/Destin-Ft Walton Beach Airport,埃格林空軍基地／德斯廷-沃爾頓堡海灘機場
VPY,Chimoio Airport,希莫伊奧機場
VPZ,Porter County Regional Airport,波特郡區域機場
VQQ,Cecil Airport,塞西爾機場
VQS,Antonio Rivera Rodriguez Airport,安東尼奧·裡維拉·羅德里格斯機場
VRA,Juan Gualberto Gomez International Airport,胡安·瓜爾貝託·戈麥斯國際機場
VRB,Vero Beach Regional Airport,維羅比奇區域機場
VRC,Virac Airport,維拉克機場
VRE,Vredendal Airport,弗雷登達爾機場
VRI,Varandey Airport,瓦蘭代機場
VRK,Varkaus Airport,瓦爾考斯機場
VRL,Vila Real Airport,維拉雷爾機場
VRN,Verona / Villafranca Airport,維羅納維拉弗蘭卡機場
VRO,Kawama Airport,卡瓦馬機場
VRS,Roy Otten Memorial Airfield,羅伊·奧滕紀念機場
VRU,Vryburg Airport,弗裡堡機場
VSA,Carlos Rovirosa Perez International Airport,卡洛斯·羅維羅薩·佩雷斯國際機場
VSE,Viseu Airport,維塞烏機場
VSF,Hartness State (Springfield) Airport,哈特尼斯州立（斯普林菲爾德）機場
VSG,Luhansk International Airport,盧甘斯克國際機場
VST,Stockholm Vasteras Airport,斯德哥爾摩-韋斯特羅斯機場
VSV,Shravasti Airport,舍瓦斯蒂機場
VTB,Vitebsk East Airport,維捷布斯克東機場
VTE,Wattay International Airport,瓦岱國際機場
VTF,Vatulele Airport,瓦圖萊萊機場
VTG,Vung Tau Airport,頭頓機場
VTL,Vittel Champ De Course Airport,維泰爾賽馬場機場
VTM,Nevatim Air Base,內瓦提姆空軍基地
VTN,Miller Field,米勒機場
VTU,Hermanos Ameijeiras Airport,阿梅海拉斯兄弟機場
VTZ,Vishakhapatnam Airport,維沙卡帕特南機場
VUP,Alfonso Lopez Pumarejo Airport,阿方索·洛佩斯·普馬雷霍機場
VUS,Velikiy Ustyug Airport,大烏斯秋格機場
VVB,Mahanoro Airport,馬哈諾羅機場
VVC,Vanguardia Airport,萬古夏機場
VVI,Viru Viru International Airport,維魯維魯國際機場
VVK,Vastervik Airport,韋斯特維克機場
VVO,Vladivostok International Airport,符拉迪沃斯託克國際機場
VVZ,Illizi Takhamalt Airport,伊利濟塔卡馬爾特機場
VXC,Lichinga Airport,利欽加機場
VXE,Sao Pedro Airport,塞薩裡婭·埃沃拉國際機場
VXO,Vaxjo Kronoberg Airport,韋克舍克龍貝裡機場
VYD,Vryheid Airport,弗裡海德機場
VYI,Vilyuisk Airport,維柳伊斯克機場
VYS,Illinois Valley Regional-Walter A Duncan Field,伊利諾伊山谷區域沃爾特·A·鄧肯機場
WAA,Wales Airport,威爾斯機場
WAC,Waca Airport,瓦卡機場
WAE,Wadi Al Dawasir Airport,瓦迪達瓦西爾機場
WAF,Wana Airport,瓦納機場
WAG,Wanganui Airport,旺阿努伊機場
WAH,Harry Stern Airport,哈里·斯特恩機場
WAI,Ambalabe Airport,安巴拉貝機場
WAK,Ankazoabo Airport,安卡佐阿博機場
WAL,Wallops Flight Facility Airport,沃洛普斯飛行設施機場
WAM,Ambatondrazaka Airport,安巴託恩德拉扎卡機場
WAO,Wabo Airport,瓦博機場
WAP,Alto Palena Airport,阿爾託帕萊納機場
WAQ,Antsalova Airport,安特薩洛瓦機場
WAR,Waris Airport,瓦里斯機場
WAT,Waterford Airport,沃特福德機場
WAV,Wave Hill Airport,韋夫希爾機場
WAW,Warsaw Chopin Airport,華沙肖邦機場
WAX,Zwara Airport,祖瓦拉機場
WAY,Greene County Airport,格林郡機場
WAZ,Warwick Airport,沃裡克機場
WBA,WahaiSeram Island,瓦海塞蘭島機場
WBB,Stebbins Airport,斯特比恩斯機場
WBG,Schleswig Airport,石勒蘇益格機場
WBK,West Branch Community Airport,西布蘭奇社群機場
WBM,Wapenamanda Airport,瓦佩納曼達機場
WBO,Antsoa Airport,安特索阿機場
WBQ,Beaver Airport,海狸機場
WBR,Roben-Hood Airport,羅賓胡德機場
WBU,Boulder Municipal Airport,博爾德市機場
WBW,Wilkes-Barre Wyoming Valley Airport,威爾克斯巴里懷俄明谷機場
WCA,Gamboa Airport,甘博亞機場
WCH,Chaiten Airport,柴滕機場
WCR,Chandalar Lake Airport,錢德勒湖機場
WDG,Enid Woodring Regional Airport,伊尼德伍德林區域機場
WDH,Hosea Kutako International Airport,霍齊亞·庫塔科國際機場
WDI,Wondai Airport,旺代機場
WDN,Waldron Airstrip,瓦爾德倫簡易機場
WDR,Barrow County Airport,巴羅郡機場
WDS,Shiyan Wudangshan Airport,十堰武當山機場
WEA,Parker County Airport,帕克郡機場
WEF,Weifang Airport,濰坊機場
WEH,Weihai Airport,威海大水泊國際機場
WEI,Weipa Airport,威帕機場
WEL,Welkom Airport,韋爾科姆機場
WET,Wagethe Airport,瓦格特機場
WEW,Wee Waa Airport,威威機場
WFD,Manchester Woodford Airport,曼徹斯特伍德福德機場
WFI,Fianarantsoa Airport,菲亞納蘭楚阿機場
WFK,Northern Aroostook Regional Airport,北阿魯斯圖克區域機場
WGA,Wagga Wagga City Airport,沃加沃加市機場
WGB,Bahawalnagar Airport,巴哈瓦爾納格爾機場
WGC,Warangal Airport,瓦朗加爾機場
WGE,Walgett Airport,瓦爾杰特機場
WGO,Winchester Regional Airport,溫徹斯特區域機場
WGP,Waingapu Airport,溫古普機場
WGT,Wangaratta Airport,旺加拉塔機場
WHA,Wuhu Xuanzhou Airport,蕪湖宣州機場
WHF,Wadi Halfa Airport,瓦迪哈勒法機場
WHK,Whakatane Airport,瓦卡塔內機場
WHO,Franz Josef Aerodrome,法蘭茲約瑟夫機場
WHP,Whiteman Airport,懷特曼機場
WHS,Whalsay Airport,瓦爾賽機場
WHT,Wharton Regional Airport,沃頓區域機場
WHU,Wuhu Air Base,蕪湖灣裡機場
WIB,Wilbarger County Airport,威爾巴格郡機場
WIC,Wick Airport,威克機場
WIE,Wiesbaden Army Airfield,盧修斯·克萊營
WIK,Waiheke Reeve Airport,懷赫克里夫機場
WIL,Nairobi Wilson Airport,內羅比威爾遜機場
WIN,Winton Airport,溫頓機場
WIO,Wilcannia Airport,威爾坎尼亞機場
WIR,Wairoa Airport,懷羅阿機場
WIT,Wittenoom Airport,威特努姆機場
WIX,Tuxpan Airport,圖斯潘機場
WJF,General Wm J Fox Airfield,威廉·J·福克斯將軍機場
WJR,Wajir Airport,瓦吉爾機場
WJU,Wonju Airport,原州機場
WKA,Wanaka Airport,瓦納卡機場
WKB,Warracknabeal Airport,瓦拉克納貝爾機場
WKF,Waterkloof Air Force Base,沃特克洛夫空軍基地
WKI,Hwange Airport,萬蓋機場
WKJ,Wakkanai Airport,稚內機場
WKK,Aleknagik /New Airport,亞列克納吉克新機場
WKR,Abaco I Walker C Airport,阿巴科沃克C機場
WLA,Wallal Airport,瓦拉爾機場
WLC,Walcha Airport,瓦爾查機場
WLD,Strother Field,斯特羅瑟機場
WLE,Miles Airport,邁爾斯機場
WLG,Wellington International Airport,威靈頓機場
WLH,Walaha Airport,瓦拉哈機場
WLK,Selawik Airport,塞拉維克機場
WLL,Wollogorang Airport,沃洛戈朗機場
WLO,Waterloo Airport,滑鐵盧機場
WLP,West Angelas Airport,西安傑拉斯機場
WLS,Hihifo Airport,瓦利斯希希福機場
WLW,Willows/Glenn County Airport,威洛斯格倫縣機場
WMA,Mandritsara Airport,曼德里察拉機場
WMB,Warrnambool Airport,瓦南布林機場
WMC,Winnemucca Municipal Airport,溫尼馬卡市立機場
WMD,Mandabe Airport,曼達貝機場
WME,Mount Keith Airport,基思山機場
WMH,Baxter County Airport,巴克斯特縣機場
WMI,Warsaw Modlin Airport,華沙莫德林機場
WMN,Maroantsetra Airport,馬羅安特瑟拉機場
WMO,White Mountain Airport,白山機場
WMR,Mananara Nord Airport,北部馬納納拉機場
WMT,Zunyi Maotai Airport,遵義茅臺機場
WMX,Wamena Airport,瓦梅納機場
WNA,Napakiak Airport,納帕基亞克機場
WND,Windarra Airport,溫達拉機場
WNJ,Weining Airport (under construction),威寧機場（建設中）
WNN,Wunnumin Lake Airport,烏努明湖機場
WNP,Naga Airport,那牙機場
WNR,Windorah Airport,溫多拉機場
WNS,Nawabshah Airport,訥瓦布沙阿機場
WNZ,Wenzhou Yongqiang Airport,溫州龍灣國際機場
WOA,Wonenara Airport,沃內納拉機場
WOE,Woensdrecht Air Base,翁斯德雷赫特空軍基地
WOL,Wollongong Airport,臥龍崗機場
WON,Wondoola Airport,溫多拉機場
WOT,Wang-an Airport,望安機場
WOW,Willow Airport,威洛機場
WPA,Cabo 1° Juan Roman Airport,一等下士胡安·羅曼機場
WPB,Port Berge Airport,貝爾熱港機場
WPC,Pincher Creek Airport,平徹克里克機場
WPK,Wrotham Park Airport,羅瑟姆帕克機場
WPO,North Fork Valley Airport,北福克谷機場
WPR,Capitan Fuentes Martinez Airport Airport,富恩特斯馬丁內斯上尉機場
WPU,Guardiamarina Zanartu Airport,海軍少尉薩納爾圖機場
WRB,Robins Afb Airport,羅賓斯空軍基地
WRE,Whangarei Airport,旺阿雷機場
WRG,Wrangell Airport,蘭格爾機場
WRI,Mc Guire Field (Joint Base Mc Guire Dix Lakehurst) Airport,麥圭爾空軍基地
WRL,Worland Municipal Airport,沃蘭德市立機場
WRO,Copernicus Wrocław Airport,弗羅茨瓦夫機場
WRT,Warton Airport,華頓機場
WRW,Warrawagine Airport,華拉瓦吉內機場
WRY,Westray Airport,韋斯特雷機場
WRZ,Wirawila Airport,威拉威拉機場
WSF,Cape Sarichef Airport,薩裡切夫角機場
WSG,Washington County Airport,華盛頓郡機場
WSH,Brookhaven Airport,布魯克海文機場
WSK,Wushan Chongqing Airport,重慶巫山機場
WSM,Wiseman Airport,懷斯曼機場
WSN,South Naknek Nr 2 Airport,南納克內克二號機場
WSO,Washabo Airport,瓦沙博機場
WSP,Waspam Airport,瓦斯帕姆機場
WSR,Wasior Airport,瓦西奧爾機場
WST,Westerly State Airport,韋斯特利州立機場
WSU,Wasu Airport,瓦蘇機場
WSZ,Westport Airport,韋斯特波特機場
WTA,Tambohorano Airport,坦博霍拉諾機場
WTB,Toowoomba Wellcamp Airport,圖文巴威爾坎普機場
WTD,West End Airport,西端機場
WTK,Noatak Airport,諾塔克機場
WTL,Tuntutuliak Airport,圖圖圖利亞克機場
WTN,RAF Waddington,瓦丁頓皇家空軍基地
WTP,Woitape Airport,沃伊塔佩機場
WTR,Whiteriver Airport,懷特里弗機場
WTS,Tsiroanomandidy Airport,齊羅阿諾曼迪迪機場
WTZ,Whitianga Airport,菲蒂昂加機場
WUA,Wuhai Airport,烏海機場
WUD,Wudinna Airport,烏迪納機場
WUG,Wau Airport,瓦烏機場
WUH,Wuhan Tianhe International Airport,武漢天河國際機場
WUI,Murrin Murrin Airport,莫林莫林機場
WUN,Wiluna Airport,威盧納機場
WUS,Nanping Wuyishan Airport,武夷山機場
WUX,Sunan Shuofang International Airport,無錫碩放機場
WUZ,Wuzhou Xijiang Airport,梧州西江機場
WVB,Walvis Bay Airport,華維斯灣機場
WVI,Watsonville Municipal Airport,沃森ville市立機場
WVK,Manakara Airport,馬納卡拉機場
WVL,Waterville Regional Airport,沃特維爾區域機場
WVN,Wilhelmshaven-Mariensiel Airport,威廉港馬裡恩齊爾機場
WWA,Wasilla Airport,瓦西拉機場
WWD,Cape May County Airport,開普梅郡機場
WWI,Woodie Woodie Airport,伍迪伍迪機場
WWK,Wewak International Airport,韋瓦克機場
WWR,West Woodward Airport,西伍德沃德機場
WWT,Mertarvik Airport,梅塔爾維克機場
WWY,West Wyalong Airport,西懷亞隆機場
WXN,Wanxian Airport,萬州五橋機場
WYA,Whyalla Airport,懷阿拉機場
WYE,Yengema Airport,堅蓋馬機場
WYK,Gatot Subrato Airport,加托特蘇布拉託機場
WYN,Wyndham Airport,溫德姆機場
WYS,Yellowstone Airport,黃石機場
WZA,Wa Airport,瓦城機場
XAI,Xinyang Minggang Airport,信陽明港機場
XAP,Chapeco Airport,沙佩科機場
XAR,Aribinda Airport,阿里賓達機場
XAU,Saul Airport,索爾機場
XBE,Bearskin Lake Airport,貝爾斯金湖機場
XBG,Bogande Airport,博甘德機場
XBJ,Birjand Airport,比爾詹德機場
XBK,Bourg-Ceyzeriat Airport,布林格賽澤裡亞機場
XBO,Boulsa Airport,布林薩機場
XBR,Brockville - Thousand Islands Regional Tackaberry Airport,布羅克維爾千島區域塔卡貝裡機場
XCH,Christmas Island Airport,聖誕島機場
XCL,Cluff Lake Airport,克拉夫湖機場
XCM,Chatham Kent Airport,查塔姆肯特機場
XCO,Colac Airport,科拉克機場
XCR,Chalons-Vatry Air Base,香檳沙隆-瓦特里空軍基地
XDE,Diebougou Airport,迪布古機場
XDJ,Djibo Airport,吉博機場
XEN,Xingcheng Air Base,中國人民解放軍海軍艦載機綜合試驗訓練基地
XFN,Xiangfan Airport,襄陽劉集機場
XFW,Hamburg-Finkenwerder Airport,漢堡-芬肯維德機場
XGA,Gaoua Airport,加瓦機場
XGG,Gorom-Gorom Airport,戈龍戈龍機場
XGN,Xangongo Airport,尚貢戈機場
XGR,Kangiqsualujjuaq (Georges River) Airport,康吉克蘇盧朱瓦克（喬治河）機場
XIC,Xichang Qingshan Airport,西昌青山機場
XIJ,Ahmed Al Jaber Air Base,艾哈邁德·賈比爾空軍基地
XIL,Xilinhot Airport,錫林浩特機場
XIN,Xingning Airport,興寧機場
XIY,Xi'an Xianyang International Airport,西安鹹陽國際機場
XJM,Mangla Airport,曼格拉機場
XKA,Kantchari Airport,康恰裡機場
XKH,Xieng Khouang Airport,川壙機場
XKS,Kasabonika Airport,卡薩博尼卡機場
XKY,Kaya Airport,卡亞機場
XLB,Lac Brochet Airport,布羅謝湖機場
XLS,Saint Louis Airport,聖路易機場
XLU,Leo Airport,萊歐機場
XMC,Mallacoota Airport,馬拉庫塔機場
XMD,Madison Municipal Airport,麥迪遜市機場
XMH,Manihi Airport,馬尼希機場
XMI,Masasi Airport,馬薩西機場
XML,Minlaton Airport,明拉頓機場
XMN,Xiamen Gaoqi International Airport,廈門高崎國際機場
XMP,Macmillan Pass Airport,麥克米倫山口機場
XMS,Coronel E Carvajal Airport,卡爾瓦哈爾上校機場
XMU,Moulins-Montbeugny Airport,穆蘭-蒙布尼機場
XMY,Yam Island Airport,山藥島機場
XNA,Northwest Arkansas Ntl Airport,西北阿肯色國家機場
XNN,Xining Caojiabu Airport,西寧曹家堡國際機場
XNU,Nouna Airport,努納機場
XPA,Pama Airport,帕馬機場
XPK,Pukatawagan Airport,普卡塔瓦甘機場
XPL,Comayagua-Palmerola International Airport,科馬亞瓜帕爾梅羅拉國際機場
XPP,Poplar River Airport,楊樹河機場
XPR,Pine Ridge Airport,派恩裡奇機場
XQP,Quepos Managua Airport,克波斯曼努加機場
XQU,Qualicum Beach Airport,誇利康海灘機場
XRH,RAAF Base Richmond,裡士滿皇家澳洲空軍基地
XRR,Ross River Airport,羅斯河機場
XRY,Jerez Airport,赫雷斯機場
XSB,Sir Bani Yas Airport,薩爾巴尼亞斯島機場
XSC,South Caicos Airport,南凱科斯機場
XSD,Tonopah Test Range,託諾帕試驗場
XSE,Sebba Airport,塞巴機場
XSI,South Indian Lake Airport,南印第安湖機場
XSP,Seletar Airport,實裡達機場
XTG,Thargomindah Airport,塔戈明達機場
XTL,Tadoule Lake Airport,塔杜勒湖機場
XTO,Taroom Airport,塔魯姆機場
XTR,Tara Airport,塔拉機場
XUZ,Xuzhou Guanyin Airport,徐州觀音國際機場
XWA,Williston Basin International Airport,威利斯頓盆地國際機場
XXN,Riyadh Air Base,利雅德空軍基地
XYA,Yandina Airport,揚迪納機場
XYR,Edwaki Airport,埃德瓦基機場
XZA,Zabre Airport,扎佈雷機場
YAA,Anahim Lake Airport,阿納希姆湖機場
YAB,Arctic Bay Airport,北極灣機場
YAC,Cat Lake Airport,卡特湖機場
YAD,Moose Lake (Lodge) Airport,駝鹿湖度假村機場
YAG,Fort Frances Municipal Airport,弗朗西斯堡市立機場
YAH,La Grande-4 Airport,拉格蘭德4號機場
YAI,Gral. Bernardo O´Higgins Airport,貝納爾多·奧希金斯將軍機場
YAK,Yakutat Airport,亞庫塔特機場
YAL,Alert Bay Airport,阿勒特灣機場
YAM,Sault Ste Marie Airport,蘇聖瑪麗機場
YAN,Yangambi Airport,揚甘比機場
YAO,Yaounde Airport,雅溫得城市機場
YAP,Yap International Airport,雅蒲島國際機場
YAR,La Grande-3 Airport,拉格蘭德3號機場
YAS,Yasawa Island Airport,亞薩瓦島機場
YAT,Attawapiskat Airport,阿塔瓦皮斯卡特機場
YAU,Donaldson Airport,唐納森機場
YAX,Wapekeka Airport,瓦佩凱卡機場
YAY,St. Anthony Airport,聖安東尼機場
YAZ,Tofino / Long Beach Airport,託菲諾/長灘機場
YBA,Banff Airport,班夫機場
YBB,Kugaaruk Airport,庫加魯克機場
YBC,Baie Comeau Airport,貝科莫機場
YBE,Uranium City Airport,烏鈾城機場
YBG,CFB Bagotville,巴戈特維爾加拿大空軍基地
YBI,Black Tickle Airport,布萊克蒂克爾機場
YBK,Baker Lake Airport,貝克爾湖機場
YBL,Campbell River Airport,坎貝爾河機場
YBO,Bob Quinn Lake Airport,鮑勃奎因湖機場
YBP,Yibin Wuliangye  Airport,宜賓五糧液機場
YBR,Brandon Municipal Airport,布蘭登市立機場
YBT,Brochet Airport,布羅謝機場
YBV,Berens River Airport,貝倫斯河機場
YBX,Lourdes de Blanc Sablon Airport,布朗薩布隆聖母鎮機場
YBY,Bonnyville Airport,邦尼維爾機場
YCA,Courtenay Airpark,考特尼航空公園
YCB,Cambridge Bay Airport,劍橋灣機場
YCC,Cornwall Regional Airport,康沃爾區域機場
YCD,Nanaimo Airport,乃磨機場
YCE,James T. Field Memorial Aerodrome,詹姆斯·T·菲爾德紀念機場
YCG,Castlegar Airport,卡斯爾加機場
YCH,Miramichi Airport,米拉米奇機場
YCK,Colville Lake Airport,科爾維爾湖機場
YCL,Charlo Airport,夏洛機場
YCM,St. Catharines Niagara District Airport,聖凱瑟琳尼斯尼亞加拉地區機場
YCO,Kugluktuk Airport,庫格魯克圖克機場
YCQ,Chetwynd Airport,切特溫德機場
YCR,Cross Lake (Charlie Sinclair Memorial) Airport,十字湖查理辛克萊紀念機場
YCS,Chesterfield Inlet Airport,切斯特菲爾德因萊特機場
YCT,Coronation Airport,科羅納申機場
YCU,Yuncheng Guangong Airport,運城鹽湖國際機場
YCW,Chilliwack Airport,奇利瓦克機場
YCY,Clyde River Airport,克萊德河機場
YCZ,Fairmont Hot Springs Airport,費爾蒙特溫泉機場
YDA,Dawson City Airport,道森市機場
YDB,Burwash Airport,伯沃什機場
YDC,Drayton Valley Industrial Airport,德雷頓瓦利工業機場
YDF,Deer Lake Airport,迪爾湖機場
YDG,Digby / Annapolis Regional Airport,迪格比／安納波利斯區域機場
YDJ,Hatchet Lake Airport,哈切特湖機場
YDL,Dease Lake Airport,迪斯湖機場
YDN,Dauphin Barker Airport,多芬巴克機場
YDO,Dolbeau Lac-Saint-Jean Airport,多爾博－聖讓湖機場
YDP,Nain Airport,納因機場
YDQ,Dawson Creek Airport,道森克里克機場
YDT,Boundary Bay Airport,邊界灣機場
YDU,Kasba Lake Airport,卡斯巴湖機場
YDV,Bloodvein River Airport,布勒德韋恩河機場
YDW,North of Sixty Airport,六十以北機場
YEB,Bar River Airport,巴爾河機場
YEC,Yecheon Airport,醴泉飛行場
YEG,Edmonton International Airport,埃德蒙頓國際機場
YEH,Yinchuan Helanshan Airport,銀川賀蘭山機場
YEI,Bursa Yenisehir Airport,布林薩葉尼謝希爾機場
YEK,Arviat Airport,阿維亞特機場
YEL,Elliot Lake Municipal Airport,埃利奧特湖市集機場
YEM,Manitoulin East Municipal Airport,馬尼圖林東市集機場
YEN,Estevan Airport,埃斯特凡機場
YEO,RNAS Yeovilton,皇家海軍耶維爾頓航空站
YER,Fort Severn Airport,塞文堡機場
YES,Yasouj Airport,亞蘇季機場
YET,Edson Airport,埃德森機場
YEV,Inuvik (Mike Zubko) Airport,伊努維克（麥克祖布科）機場
YEY,Amos Magny Airport,阿莫斯馬尼機場
YFA,Fort Albany Airport,奧爾巴尼堡機場
YFB,Iqaluit Airport,伊魁特機場
YFC,Fredericton International Airport,弗雷德裡克頓國際機場
YFE,Forestville Airport,福雷斯特維爾機場
YFG,Fontanges Airport,豐唐日機場
YFH,Fort Hope Airport,霍普堡機場
YFI,Fort Mackay / Firebag,麥凱堡／法伊爾巴格機場
YFJ,Wekweeti Airport,韋克韋蒂機場
YFO,Flin Flon Airport,弗林弗ロン機場
YFR,Fort Resolution Airport,雷索盧申堡機場
YFS,Fort Simpson Airport,辛普森堡機場
YFX,St. Lewis (Fox Harbour) Airport,聖劉易斯（福克斯港）機場
YGB,Texada Gillies Bay Airport,特克薩達吉利斯灣機場
YGC,Grande Cache Airport,格蘭德卡什機場
YGH,Fort Good Hope Airport,古德霍普堡機場
YGJ,Miho Yonago Airport,美保機場
YGK,Kingston Airport,金斯頓機場
YGL,La Grande Riviere Airport,拉格朗德河機場
YGM,Gimli Industrial Park Airport,吉姆利工業園區機場
YGO,Gods Lake Narrows Airport,戈茲湖納羅斯機場
YGP,Gaspe (Michel-Pouliot) Airport,加斯佩（米歇爾－普利奧特）機場
YGQ,Geraldton Greenstone Regional Airport,傑拉爾德頓格林斯通區域機場
YGR,Iles-de-la-Madeleine Airport,馬德琳群島機場
YGT,Igloolik Airport,伊格魯利克機場
YGV,Havre St Pierre Airport,聖皮埃爾港機場
YGW,Kuujjuarapik Airport,庫朱阿拉皮克機場
YGX,Gillam Airport,吉勒姆機場
YGZ,Grise Fiord Airport,格里謝菲奧德機場
YHA,Port Hope Simpson Airport,霍普辛普森港機場
YHB,Hudson Bay Airport,哈得遜灣機場
YHD,Dryden Regional Airport,德萊登區域機場
YHE,Hope Airport,霍普機場
YHF,Hearst Rene Fontaine Municipal Airport,赫斯特勒內豐坦市機場
YHG,Charlottetown Airport,夏洛特敦機場
YHI,Ulukhaktok Holman Airport,烏魯哈克托克霍爾曼機場
YHJ,Nanchang Yaohu Airport,南昌瑤湖機場
YHK,Gjoa Haven Airport,焦阿黑文機場
YHM,John C. Munro Hamilton International Airport,約翰·卡爾·芒羅哈密爾頓國際機場
YHN,Hornepayne Municipal Airport,霍恩佩恩市機場
YHO,Hopedale Airport,霍普代爾機場
YHP,Poplar Hill Airport,波普勒希爾機場
YHR,Chevery Airport,舍夫裡機場
YHS,Sechelt-Gibsons Airport,錫謝爾特-吉布森機場
YHT,Haines Junction Airport,海恩斯章克申機場
YHU,Montréal / St-Hubert Airport,蒙特婁／聖胡伯特機場
YHY,Hay River / Merlyn Carter Airport,海河／梅林卡特機場
YHZ,Halifax Robert L. Stanfield International Airport,哈利法克斯斯坦菲爾德國際機場
YIA,Yogyakarta International Airport,日惹國際機場
YIB,Atikokan Municipal Airport,阿蒂科肯市機場
YIE,Aershan Yiershi Airport,阿爾山伊爾施機場
YIF,St Augustin Airport,聖奧古斯丁機場
YIH,Yichang Airport,宜昌三峽國際機場
YIK,Ivujivik Airport,伊武吉維克機場
YIN,Yining Airport,伊犁伊寧國際機場
YIO,Pond Inlet Airport,龐德因萊特機場
YIP,Willow Run Airport,威洛魯恩機場
YIV,Island Lake Airport,島湖機場
YIW,Yiwu Airport,義烏機場
YJA,Jasper Airport,賈斯珀機場
YJF,Fort Liard Airport,利亞德堡機場
YJN,St-Jean Airport,聖讓機場
YJP,Hinton / Jasper-Hinton Airport,欣頓／賈斯珀-欣頓機場
YJS,Samjiyon Airport,三池淵機場
YJT,Stephenville Airport,斯蒂芬維爾機場
YKA,Kamloops Airport,甘露機場
YKC,Collins Bay Airport,柯林斯灣機場
YKD,Kincardine Airport,金卡丁機場
YKE,Knee Lake Airport,膝湖機場
YKF,Kitchener / Waterloo Airport,滑鐵盧區國際機場
YKG,Kangirsuk Airport,康吉爾蘇克機場
YKH,Yingkou Lanqi Airport,營口蘭旗機場
YKJ,Key Lake Airport,基湖機場
YKL,Schefferville Airport,舍費爾維爾機場
YKM,Yakima Air Trml/Mcallister Field,雅基馬航空站／麥卡利斯特機場
YKN,Chan Gurney Municipal Airport,陳格尼市機場
YKO,Yüksekova Selahaddin Eyyubi Airport,約瑟庫瓦薩拉赫丁埃尤比機場
YKQ,Waskaganish Airport,瓦斯卡加尼什機場
YKS,Yakutsk Airport,雅庫茨克機場
YKU,Chisasibi Airport,奇薩西比機場
YKX,Kirkland Lake Airport,柯克蘭湖機場
YKY,Kindersley Airport,金德斯利機場
YLB,Lac La Biche Airport,拉比奇湖機場
YLC,Kimmirut Airport,金米魯特機場
YLD,Chapleau Airport,查普洛機場
YLE,Whati Airport,華蒂機場
YLG,Yalgoo Airport,亞爾古機場
YLH,Lansdowne House Airport,蘭斯當豪斯機場
YLI,Ylivieska Airport,利維耶斯卡機場
YLJ,Meadow Lake Airport,美多湖機場
YLK,Barrie-Orillia (Lake Simcoe Regional Airport),巴里-奧裡利亞（錫姆科湖區域機場）
YLL,Lloydminster Airport,勞埃德明斯特機場
YLQ,La Tuque Airport,拉蒂克機場
YLR,Leaf Rapids Airport,利夫拉皮茲機場
YLS,Lebel-sur-Quevillon Airport,勒貝爾敘爾凱維永機場
YLT,Alert Airport,阿勒特機場
YLV,Yevlakh Airport,葉夫拉赫機場
YLW,Kelowna Airport,基隆拿國際機場
YLX,Yulin Fumian Airport,玉林福綿機場
YLY,Langley Airport,蘭雷機場
YMA,Mayo Airport,梅奧機場
YMB,Merritt Airport,梅里特機場
YME,Matane Airport,馬塔訥機場
YMG,Manitouwadge Airport,馬尼圖瓦奇機場
YMH,Mary's Harbour Airport,瑪麗港機場
YMJ,Moose Jaw Air Vice Marshal C. M. McEwen Airport,穆斯喬空軍少將 C. M. 麥克尤恩機場
YMK,Mys Kamenny Airport,卡緬尼角機場
YML,Charlevoix Airport,夏洛瓦機場
YMM,Fort McMurray Airport,麥克默裡堡國際機場
YMN,Makkovik Airport,馬科維克機場
YMO,Moosonee Airport,穆索尼機場
YMS,Moises Benzaquen Rengifo Airport,莫伊塞斯本扎肯倫吉福機場
YMT,Chapais Airport,沙佩機場
YMW,Maniwaki Airport,馬尼瓦基機場
YMX,Montréal (Mirabel) Airport,蒙特利爾-米拉貝勒國際機場
YNA,Natashquan Airport,納塔什瓜恩機場
YNB,Yenbo Airport,延布機場
YNC,Wemindji Airport,韋明吉機場
YND,Ottawa / Gatineau Airport,渥太華 / 加蒂諾機場
YNE,Norway House Airport,挪威豪斯機場
YNG,Youngstown/Warren Regional Airport,揚斯敦/沃倫區域機場
YNH,Hudsons Hope Airport,哈德遜霍普機場
YNJ,Yanji Chaoyangchuan Airport,延吉朝陽川國際機場
YNL,Points North Landing Airport,北角登陸機場
YNM,Matagami Airport,馬塔加米機場
YNN,Nejanilini Lake Airport,內賈尼利尼湖機場
YNO,North Spirit Lake Airport,北靈湖機場
YNP,Natuashish Airport,納圖阿希什機場
YNS,Nemiscau Airport,內米斯科機場
YNT,Penglai Intl,煙臺蓬萊國際機場
YNX,Snap Lake Airport,斯納普湖機場
YNY,Yangyang International Airport,襄陽國際機場
YNZ,Yancheng Airport,鹽城南洋國際機場
YOA,Ekati Airport,埃卡蒂機場
YOC,Old Crow Airport,舊克羅機場
YOD,CFB Cold Lake,冷湖加拿大軍事基地
YOE,Donnelly Airport,唐利機場
YOG,Ogoki Post Airport,奧戈基波斯特機場
YOH,Oxford House Airport,牛津豪斯機場
YOJ,High Level Airport,高地機場
YOL,Yola Airport,約拉機場
YOO,Oshawa Airport,奧沙瓦機場
YOP,Rainbow Lake Airport,彩虹湖機場
YOS,Owen Sound / Billy Bishop Regional Airport,歐文灣 / 比利·畢夏普區域機場
YOT,Yotvata Airfield,約特瓦塔機場
YOW,Ottawa / Macdonald-Cartier International Airport,渥太華麥克唐納-卡蒂埃國際機場
YPA,Prince Albert (Glass Field) Airport,艾伯特王子城（格拉斯菲爾德）機場
YPB,Port Alberni Airport,艾伯尼港機場
YPC,Paulatuk (Nora Aliqatchialuk Ruben) Airport,保拉圖克（諾拉·阿里卡奇亞盧克·魯本）機場
YPD,Parry Sound Area Municipal Airport,帕裡灣地區市立機場
YPE,Peace River Airport,皮斯里弗機場
YPH,Inukjuak Airport,伊努克雅克機場
YPJ,Aupaluk Airport,奧帕魯克機場
YPK,Pitt Meadows Airport,皮特梅多斯機場
YPL,Pickle Lake Airport,皮克爾湖機場
YPM,Pikangikum Airport,皮坎吉庫姆機場
YPN,Port Menier Airport,梅尼爾港機場
YPO,Peawanuck Airport,皮瓦努克機場
YPQ,Peterborough Airport,彼得伯勒機場
YPR,Prince Rupert Airport,魯珀特王子港機場
YPS,Port Hawkesbury Airport,霍克斯伯里港機場
YPW,Powell River Airport,鮑威爾河機場
YPX,Puvirnituq Airport,普維爾尼圖克機場
YPY,Fort Chipewyan Airport,奇佩維安堡機場
YPZ,Burns Lake Airport,伯恩斯湖機場
YQA,Muskoka Airport,馬斯科卡機場
YQB,Québec City Jean Lesage International Airport,魁北克讓·勒薩熱國際機場
YQC,Quaqtaq Airport,夸克塔克機場
YQD,The Pas Airport,帕斯機場
YQF,Red Deer Regional Airport,紅鹿地區機場
YQG,Windsor Airport,溫莎國際機場
YQH,Watson Lake Airport,沃森湖機場
YQI,Yarmouth Airport,雅茅斯機場
YQK,Kenora Airport,凱諾拉機場
YQL,Lethbridge Airport,萊斯布里奇機場
YQM,Moncton / Greater Moncton International Airport,大蒙克頓羅密歐·勒布朗國際機場
YQN,Nakina Airport,納基納機場
YQQ,Comox Airport,科莫克斯機場
YQR,Regina International Airport,裡賈納國際機場
YQS,St Thomas Municipal Airport,聖託馬斯市立機場
YQT,Thunder Bay Airport,雷灣機場
YQU,Grande Prairie Airport,大草原城機場
YQV,Yorkton Municipal Airport,約克頓市立機場
YQW,North Battleford Airport,巴特爾福德堡機場
YQX,Gander International Airport,甘德國際機場
YQY,Sydney / J.A. Douglas McCurdy Airport,悉尼／J.A.道格拉斯·麥卡迪機場
YQZ,Quesnel Airport,克內爾機場
YRA,Rae Lakes Airport,雷湖機場
YRB,Resolute Bay Airport,雷索盧特灣機場
YRF,Cartwright Airport,卡特賴特機場
YRG,Rigolet Airport,裡戈萊特機場
YRI,Riviere-du-Loup Airport,勒杜普河機場
YRJ,Roberval Airport,羅伯瓦爾機場
YRL,Red Lake Airport,雷德湖機場
YRM,Rocky Mountain House Airport,洛磯山之家機場
YRO,Ottawa / Rockcliffe Airport,渥太華／羅克利夫機場
YRQ,Trois-Rivieres Airport,三河城機場
YRS,Red Sucker Lake Airport,紅吸盤湖機場
YRT,Rankin Inlet Airport,蘭金姆因勒特機場
YRV,Revelstoke Airport,雷弗斯托克機場
YSA,Sable Island Landing Strip,塞布林島簡易機場
YSB,Sudbury Airport,薩德伯裡機場
YSC,Sherbrooke Airport,舍布魯克機場
YSE,Squamish Airport,斯闊米什機場
YSF,Stony Rapids Airport,斯托尼拉皮茲機場
YSG,Lutselk'e Airport,盧特塞爾克機場
YSH,Smiths Falls-Montague (Russ Beach) Airport,史密斯福爾斯-蒙塔古（羅斯比奇）機場
YSJ,Saint John Airport,聖約翰機場
YSK,Sanikiluaq Airport,薩尼基盧阿克機場
YSL,St Leonard Airport,聖倫納德機場
YSM,Fort Smith Airport,史密斯堡機場
YSN,Salmon Arm Airport,薩爾蒙阿姆機場
YSO,Postville Airport,波斯特維爾機場
YSP,Marathon Airport,馬拉松機場
YSQ,Songyuan Chaganhu Airport,松原查干湖機場
YST,St. Theresa Point Airport,聖特雷莎角機場
YSU,Summerside Airport,薩默賽德機場
YSY,Sachs Harbour (David Nasogaluak Jr. Saaryuaq) Airport,薩克斯港（小大衛納索加盧克薩魯阿克）機場
YTA,Pembroke Airport,彭布羅克機場
YTD,Thicket Portage Airport,奇克特波蒂奇機場
YTE,Cape Dorset Airport,基普多塞特機場
YTF,Alma Airport,阿爾瑪機場
YTH,Thompson Airport,湯普森機場
YTL,Big Trout Lake Airport,大特勞特湖機場
YTM,La Macaza / Mont-Tremblant International Inc Airport,拉馬卡扎 / 特朗布朗山國際機場
YTQ,Tasiujaq Airport,塔西烏賈克機場
YTR,CFB Trenton,特倫頓空軍基地
YTS,Timmins Victor M. Power Airport,蒂明斯維克託·M·鮑爾機場
YTT,Tisdale Airport,蒂斯代爾機場
YTW,Yutian Wanfang Airport,于田萬方機場
YTX,Telegraph Creek Airport,電報溪機場
YTZ,Billy Bishop Toronto City Airport,比利·畢曉普多倫多市機場
YUB,Tuktoyaktuk Airport,圖克託亞圖克機場
YUD,Umiujaq Airport,烏米尤賈克機場
YUE,Yuendumu Airport,尤恩杜穆機場
YUL,Montréal-Pierre Elliott Trudeau International Airport,蒙特婁-杜魯道國際機場
YUM,Yuma Mcas/Yuma International Airport,尤馬陸戰隊航空站/尤馬國際機場
YUS,Yushu Batang Airport,玉樹巴塘機場
YUT,Repulse Bay Airport,雷帕爾斯貝機場
YUX,Hall Beach Airport,霍爾比奇機場
YUY,Rouyn-Noranda Airport,魯安諾蘭達機場
YVA,Iconi Airport,伊科尼機場
YVB,Bonaventure Airport,博納旺蒂爾機場
YVC,La Ronge (Barber Field) Airport,拉隆日（巴伯爾菲爾德）機場
YVE,Vernon Airport,弗農區域機場
YVG,Vermilion Airport,弗米利恩機場
YVM,Qikiqtarjuaq Airport,基基特塔爾尤阿克機場
YVO,Val-d'Or Airport,瓦爾多爾機場
YVP,Kuujjuaq Airport,庫朱瓦克機場
YVQ,Norman Wells Airport,諾曼韋爾斯機場
YVR,Vancouver International Airport,溫哥華國際機場
YVT,Buffalo Narrows Airport,水牛狹灣機場
YVV,Wiarton Airport,懷爾頓機場
YWA,Petawawa Airport,佩塔瓦瓦機場
YWB,Kangiqsujuaq (Wakeham Bay) Airport,康吉克蘇瓦克（韋克姆灣）機場
YWG,Winnipeg James Armstrong Richardson International Airport,溫尼伯詹姆斯·阿姆斯特朗·理查森國際機場
YWH,Victoria Harbour Airport,維多利亞港機場
YWJ,Deline Airport,代利內機場
YWK,Wabush Airport,瓦布什機場
YWL,Williams Lake Airport,威廉斯湖機場
YWM,Williams Harbour Airport,威廉斯港機場
YWP,Webequie Airport,韋貝奎機場
YWY,Wrigley Airport,裡格利機場
YXC,Cranbrook / Canadian Rockies Airport,克蘭布魯克／加拿大洛磯山脈機場
YXE,Saskatoon John G. Diefenbaker International Airport,薩斯卡通約翰·喬治·迪芬貝克國際機場
YXH,Medicine Hat Airport,梅迪辛哈特機場
YXJ,Fort St. John Airport,聖約翰堡機場
YXK,Rimouski Airport,裡穆斯基機場
YXL,Sioux Lookout Airport,蘇瞭望機場
YXN,Whale Cove Airport,威爾灣機場
YXP,Pangnirtung Airport,龐納唐機場
YXQ,Beaver Creek Airport,海狸溪機場
YXR,Earlton (Timiskaming Regional) Airport,厄爾頓（蒂米斯卡明區域）機場
YXS,Prince George Airport,喬治皇子城機場
YXT,Terrace Airport,特雷斯機場
YXU,London Airport,倫敦國際機場
YXX,Abbotsford Airport,亞布斯佛國際機場
YXY,Erik Nielsen Whitehorse International Airport,埃裡克·尼爾森白馬國際機場
YXZ,Wawa Airport,瓦瓦機場
YYA,Yueyang Sanhe Airport,嶽陽三荷機場
YYB,North Bay Airport,北灣機場
YYC,Calgary International Airport,卡爾加里國際機場
YYD,Smithers Airport,史密瑟斯機場
YYE,Fort Nelson Airport,納爾遜堡機場
YYF,Penticton Airport,潘狄頓區域機場
YYH,Taloyoak Airport,塔洛約克機場
YYJ,Victoria International Airport,維多利亞國際機場
YYL,Lynn Lake Airport,林湖機場
YYM,Cowley Airport,考利機場
YYN,Swift Current Airport,斯威夫特卡倫特機場
YYQ,Churchill Airport,邱吉爾機場
YYR,Goose Bay Airport,鵝灣機場
YYT,St. John's International Airport,聖約翰斯國際機場
YYU,Kapuskasing Airport,卡普斯卡辛機場
YYW,Armstrong Airport,阿姆斯特朗機場
YYY,Mont-Joli Airport,蒙若利機場
YYZ,Toronto Pearson International Airport,多倫多皮爾遜國際機場
YZE,Gore Bay Manitoulin Airport,戈爾灣馬尼圖林機場
YZF,Yellowknife Airport,黃刀機場
YZG,Salluit Airport,薩盧伊特機場
YZH,Slave Lake Airport,斯拉夫湖機場
YZP,Sandspit Airport,桑德斯皮特機場
YZR,Chris Hadfield Airport,克里斯·哈德菲爾德機場
YZS,Coral Harbour Airport,珊瑚港機場
YZT,Port Hardy Airport,哈迪港機場
YZU,Whitecourt Airport,懷特科特機場
YZV,Sept-Iles Airport,七島機場
YZW,Teslin Airport,特斯林機場
YZX,CFB Greenwood,格林伍德加拿大空軍基地
YZY,Ganzhou,張掖甘州機場
YZZ,Trail Airport,特雷爾機場
ZAC,York Landing Airport,約克蘭丁機場
ZAD,Zemunik Airport,扎達爾機場
ZAG,Zagreb Airport,薩格勒布國際機場
ZAH,Zahedan International Airport,扎黑丹機場
ZAJ,Zaranj Airport,扎蘭奇機場
ZAL,Pichoy Airport,皮喬伊機場
ZAM,Zamboanga International Airport,三寶顏機場
ZAO,Cahors-Lalbenque Airport,卡奧爾-拉爾邦克機場
ZAR,Zaria Airport,扎裡亞機場
ZAT,Zhaotong Airport,昭通昭陽機場
ZAZ,Zaragoza Air Base,薩拉戈薩空軍基地
ZBE,Zabreh Ostrava Airport,扎佈雷赫奧斯特拉瓦機場
ZBL,Thangool (Biloela) Airport,湯古爾（比洛拉）機場
ZBM,Bromont (Roland Desourdy) Airport,布羅蒙（羅蘭·德蘇爾迪）機場
ZBO,Bowen Airport,鮑恩機場
ZBR,Konarak Airport,科納拉克機場
ZBY,Sayaboury Airport,沙耶武裡機場
ZCL,General Leobardo C. Ruiz International Airport,萊奧巴多·C·魯伊斯將軍國際機場
ZCO,La Araucanía Airport (Temuco),阿勞卡尼亞機場（特木科）
ZEC,Secunda Airport,塞昆達機場
ZEL,Bella Bella (Campbell Island) Airport,貝拉貝拉（坎貝爾島）機場
ZEM,Eastmain River Airport,伊斯曼河機場
ZER,Zero Airport,澤羅機場
ZFD,Fond-Du-Lac Airport,豐迪拉克機場
ZFL,Zhaosu Tianma Airport,昭蘇天馬機場
ZFM,Fort Mcpherson Airport,麥克弗森堡機場
ZFN,Tulita Airport,圖利塔機場
ZFW,Fairview Airport,費爾維尤機場
ZGF,Grand Forks Airport,大福克斯機場
ZGI,Gods River Airport,戈茲河機場
ZGL,South Galway Airport,南戈爾韋機場
ZGM,Ngoma Airport,恩戈馬機場
ZGR,Little Grand Rapids Airport,小大急流城機場
ZGU,Gaua Island Airport,加瓦機場
ZHA,Zhanjiang Wuchuan Airport,湛江吳川國際機場
ZHI,Grenchen Airport,格倫興機場
ZHP,High Prairie Airport,高草原機場
ZHY,Zhongwei Shapotou Airport,中衛沙坡頭機場
ZHZ,Halle-Oppin Airport,哈雷奧平機場
ZIA,Ramenskoye Airport,茹科夫斯基國際機場
ZIC,Victoria Airport,維多利亞機場
ZIG,Ziguinchor Airport,濟金紹爾機場
ZIH,Ixtapa Zihuatanejo International Airport,伊斯塔帕齊華塔內霍國際機場
ZIN,Interlaken Air Base,因特拉肯東站
ZIX,Zhigansk Airport,日甘斯克機場
ZJG,Jenpeg Airport,詹佩格機場
ZJI,Locarno Airport,洛迦諾機場
ZJN,Swan River Airport,天鵝河機場
ZKB,Kasaba Bay Airport,卡薩巴灣機場
ZKE,Kashechewan Airport,卡舍謝旺機場
ZKP,Zyryanka Airport,齊良卡機場
ZLO,Playa De Oro International Airport,奧羅海灘國際機場
ZLR,Municipal de Linares Airport,利納雷斯市機場
ZLT,La Tabatiere Airport,拉塔巴蒂耶爾機場
ZLX,Zalingei Airport,扎林蓋機場
ZMH,South Cariboo Region / 108 Mile Airport,南卡里布地區 / 108英里機場
ZMM,Zamora Airport,薩莫拉機場
ZMT,Masset Airport,馬塞特機場
ZNC,Nyac Airport,尼亞克機場
ZND,Zinder Airport,津德爾機場
ZNE,Newman Airport,紐曼機場
ZNZ,Zanzibar Airport,桑給巴爾機場
ZOS,Canal Bajo Carlos - Hott Siebert Airport,卡洛斯坎爾巴霍 -霍特西貝特機場
ZPB,Sachigo Lake Airport,薩奇戈湖機場
ZPC,Pucon Airport,普孔機場
ZPH,Zephyrhills Municipal Airport,澤菲爾希爾斯市立機場
ZPO,Pinehouse Lake Airport,派恩豪斯湖機場
ZQN,Queenstown International Airport,皇后鎮機場
ZRE,Zrenjanin Airport,茲雷尼亞寧機場
ZRH,Zurich Airport,蘇黎世機場
ZRI,Serui Airport,塞魯伊機場
ZRJ,Round Lake (Weagamow Lake) Airport,圓湖（韋加莫湖）機場
ZRM,Sarmi Airport,薩米機場
ZSA,San Salvador Airport,聖薩爾瓦多機場
ZSE,Pierrefonds Airport,聖皮埃爾機場
ZSJ,Sandy Lake Airport,桑迪湖機場
ZSP,"Zhushan Majiadu Airport (under construction, unknown coordinates)",竹山馬家渡機場（建設中，座標未知）
ZSS,Sassandra Airport,薩桑德拉機場
ZST,Stewart Airport,斯圖爾特機場
ZTA,Tureia Airport,圖雷亞機場
ZTB,Tete-a-la-Baleine Airport,特特阿拉巴萊訥機場
ZTH,Dionysios Solomos Airport,狄奧尼索斯索洛莫斯機場
ZTM,Shamattawa Airport,沙馬塔瓦機場
ZTR,Zhytomyr International Airport,日托米爾國際機場
ZTU,Zaqatala International Airport,扎卡塔拉國際機場
ZUC,Ignace Municipal Airport,伊格尼斯市立機場
ZUD,Pupelde Airport,普佩爾德機場
ZUH,Zhuhai Airport,珠海金灣機場
ZUL,Zilfi Airport,祖爾菲機場
ZUM,Churchill Falls Airport,邱吉爾瀑布機場
ZVA,Miandrivazo Airport,米安德里瓦佐機場
ZVK,Savannakhet Airport,沙灣拿吉機場
ZWA,Andapa Airport,安達帕機場
ZWL,Wollaston Lake Airport,沃拉斯特湖機場
ZXT,Zabrat Airport,扎布拉特機場
ZYI,Zunyi Xinzhou Airport,遵義新舟機場
ZYL,Osmany International Airport,歐西瑪尼國際機場
ZZE,Zangilan International Airport,贊吉蘭國際機場
ZZO,Zonalnoye Airport,佐納利諾耶機場
ZZV,Zanesville Municipal Airport,贊斯維爾市立機場
